"","Country Name","Country Code","Year","GDP","FDI","GDPgr","Oilrents","Taxrevenue","ControlCorruption","CPIA","log GDP"
"1","Afghanistan","AFG","2023",17152234637,"..","2.266943736","..","..","-1.154931784","1",23.5653943016036
"2","Afghanistan","AFG","2022",14497243872,"..","-6.240171992","..","..","-1.183684349","1",23.3972243905128
"3","Afghanistan","AFG","2021",14259995441,"0.144466947","-20.73883937","0.017869506","..","-1.152265787","..",23.380723932227
"4","Afghanistan","AFG","2020",19955929052,"0.064993957","-2.351100672","0.005177619","..","-1.493360877","2",23.7167921317174
"5","Afghanistan","AFG","2019",18799444490,"0.124495985","3.911603416","0.01277729","..","-1.419310093","2",23.6570931579415
"6","Afghanistan","AFG","2018",18053222687,"0.661572218","1.189228129","0.018854417","..","-1.502875924","2",23.6165900480046
"7","Afghanistan","AFG","2017",18753456498,"0.274796792","2.647003203","0.013427081","9.898450897","-1.530074596","2",23.6546439189331
"8","Afghanistan","AFG","2016",18116572395,"0.516606085","2.260314203","0.00944508","9.502652783","-1.540227771","2",23.6200929582441
"9","Afghanistan","AFG","2015",19134221645,"0.884000463","1.451314661","0.0136358","7.585382331","-1.354713082","2",23.6747442779651
"10","Afghanistan","AFG","2014",20497128556,"0.209664795","2.724543362","0.040743866","6.882102943","-1.364934087","2",23.743550642841
"11","Afghanistan","AFG","2013",20146416758,"0.239801184","5.600744659","0.067290162","7.12277329","-1.445960641","2",23.7262922811387
"12","Afghanistan","AFG","2012",19907329778,"0.285440894","12.75228709","0.109823884","7.707800603","-1.430372834","2",23.7143538314126
"13","Afghanistan","AFG","2011",17805098206,"0.29302518","0.426354777","0.006602395","8.916793996","-1.600470781","2",23.6027506693026
"14","Afghanistan","AFG","2010",15856668556,"1.20311799","14.36244147","0.005149456","9.169751919","-1.645391107","2",23.4868559778732
"15","Afghanistan","AFG","2009",12416152732,"0.451889146","21.39052839","0.005241738","8.481758361","-1.552298784","2",23.2422641015358
"16","Afghanistan","AFG","2008",10109297048,"0.455360445","3.92498382","0.015736314","6.08796493","-1.672095537","2",23.0367213371955
"17","Afghanistan","AFG","2007",9747886187,"1.935701714","13.82631955","0.014446464","5.283456604","-1.61325109","2",23.000316297118
"18","Afghanistan","AFG","2006",6971758282,"3.413772973","5.357403247","0.021407037","6.967597575","-1.446292281","2.5",22.665133294181
"19","Afghanistan","AFG","2005",6203256539,"4.368673104","11.22971483","0.02584762","..","-1.447252393","..",22.5483402393287
"20","Afghanistan","AFG","2004",5224896719,"3.577104201","1.414117993","0.02560516","..","-1.35064733","..",22.3767008679034
"21","Afghanistan","AFG","2003",4520946819,"1.278493252","8.832277803","0.025632803","..","-1.344179749","..",22.2319872820842
"22","Afghanistan","AFG","2002",3825701439,"1.30694987","28.60000117","0.030789276","..","-1.251137018","..",22.0650076701574
"23","Afghanistan","AFG","2001",2813571754,"0.024168568","-9.43197407","..","..","..","..",21.7577205999778
"24","Afghanistan","AFG","2000",3521418060,"0.004827601","..","..","..","-1.271724224","..",21.9821296033855
"25","Albania","ALB","2023",23547180412,"6.883977284","3.936616892","..","17.75986874","-0.332218528","..",23.8822719225127
"26","Albania","ALB","2022",19017244117,"7.579341584","4.826696119","..","18.06077868","-0.408189446","..",23.6686119896118
"27","Albania","ALB","2021",18032009220,"6.757907216","8.969576191","1.042183692","18.0962082","-0.577179968","..",23.6154143055569
"28","Albania","ALB","2020",15241455556,"7.018653013","-3.313756369","0.582225701","16.8955446","-0.57353878","..",23.4472848915681
"29","Albania","ALB","2019",15585111614,"7.70621465","2.062577902","1.424371096","17.93099399","-0.564274073","..",23.4695819117698
"30","Albania","ALB","2018",15379508330,"7.831091461","3.671419281","1.469833819","18.27695273","-0.546018898","..",23.4563018323725
"31","Albania","ALB","2017",13258268436,"7.714113363","3.283175933","1.126142276","18.54766318","-0.48138684","..",23.3078872276567
"32","Albania","ALB","2016",11988668785,"8.711472254","3.908935514","0.884410718","17.40320252","-0.472373724","..",23.2072277727159
"33","Albania","ALB","2015",11470171827,"8.62740637","2.227704075","1.452606185","18.38129215","-0.545140803","..",23.1630157485335
"34","Albania","ALB","2014",13296322588,"8.648466357","2.240226954","3.122076157","18.20809547","-0.586571813","..",23.3107533367989
"35","Albania","ALB","2013",12796985886,"9.80035898","1.707228318","3.033924075","16.47649627","-0.751372695","..",23.2724755024865
"36","Albania","ALB","2012",12246499748,"7.495975133","0.98412988","2.866351043","17.5879266","-0.778729439","..",23.22850599825
"37","Albania","ALB","2011",12973755875,"8.083292858","2.463516839","2.454889085","17.90672307","-0.701794147","..",23.2861943750811
"38","Albania","ALB","2010",12086545641,"9.01744998","2.973154427","1.309543172","..","-0.531616509","..",23.2153587403999
"39","Albania","ALB","2009",12335540656,"10.90682015","2.690751524","0.923660116","..","-0.54527092","..",23.235750417017
"40","Albania","ALB","2008",13258506375,"9.406653201","6.907062307","1.604654693","..","-0.60521239","..",23.3079051739569
"41","Albania","ALB","2007",11116937870,"5.867403518","6.500092612","1.249434028","..","-0.706940055","..",23.1317357164443
"42","Albania","ALB","2006",9150528132,"3.553219138","6.01898124","1.192449217","..","-0.790545285","2.5",22.9370774339124
"43","Albania","ALB","2005",8256658250,"3.178998145","5.130821931","1.020953746","..","-0.813263893","3",22.8342857724008
"44","Albania","ALB","2004",7406645793,"4.607822786","5.266261739","0.793153163","17.42670417","-0.723731816","..",22.725643514259
"45","Albania","ALB","2003",5801712040,"3.068687302","5.33326426","0.692722775","16.63234264","-0.853786588","..",22.4814188902523
"46","Albania","ALB","2002",4515003117,"2.990031159","4.628395874","0.687177627","15.8747643","-0.845340908","..",22.2306717141806
"47","Albania","ALB","2001",4059064033,"5.107088686","8.86373066","0.699922138","..","..","..",22.1242182502392
"48","Albania","ALB","2000",3584570165,"3.989320711","7.462858718","1.071500565","..","-0.855563641","..",21.9999044056227
"49","Algeria","DZA","2023",2.47626e+11,"0.491067203","4.1","..","..","-0.589308321","..",26.2351853803214
"50","Algeria","DZA","2022",2.25638e+11,"0.413487956","3.600000001","..","..","-0.638041079","..",26.1421977821023
"51","Algeria","DZA","2021",1.86231e+11,"0.46672848","3.799999999","14.46156546","..","-0.635961413","..",25.9502536755795
"52","Algeria","DZA","2020",1.64873e+11,"0.693816015","-4.999999999","9.038413797","..","-0.666826963","..",25.8284413175085
"53","Algeria","DZA","2019",1.9346e+11,"0.713947308","0.899999999","14.14210315","..","-0.656169534","..",25.9883366097008
"54","Algeria","DZA","2018",1.94554e+11,"0.753576089","1.400000001","15.94280818","..","-0.658903956","..",25.9939755964329
"55","Algeria","DZA","2017",1.89881e+11,"0.647902696","1.499999999","12.15657413","..","-0.598896265","..",25.9696633970998
"56","Algeria","DZA","2016",1.80764e+11,"0.906300706","3.9","10.02621891","..","-0.673700511","..",25.9204581500342
"57","Algeria","DZA","2015",1.87494e+11,"-0.286832291","3.200000001","11.74590319","..","-0.639462769","..",25.9570126818449
"58","Algeria","DZA","2014",2.38943e+11,"0.628688968","4.099999999","19.31672947","..","-0.613117993","..",26.1994908667099
"59","Algeria","DZA","2013",2.29701e+11,"0.736559065","2.600000001","20.87243139","..","-0.472966939","..",26.1600443001366
"60","Algeria","DZA","2012",2.27144e+11,"0.660551954","2.4","22.6025383","..","-0.521544516","..",26.1488500145393
"61","Algeria","DZA","2011",2.18332e+11,"1.177673291","2.999999999","25.02600961","..","-0.572699666","..",26.1092826770247
"62","Algeria","DZA","2010",1.77785e+11,"1.293904675","4.800000001","21.99399932","..","-0.552147269","..",25.9038407920129
"63","Algeria","DZA","2009",1.50317e+11,"1.827421647","1.2","19.90462637","..","-0.614938259","..",25.7360122344283
"64","Algeria","DZA","2008",1.80384e+11,"1.462773446","2.499999999","29.10864013","..","-0.633444846","..",25.9183537488456
"65","Algeria","DZA","2007",1.42483e+11,"1.183818154","3.100000001","27.92670877","..","-0.592309475","..",25.6824885312929
"66","Algeria","DZA","2006",1.23084e+11,"1.495723352","2.899999999","29.53439355","..","-0.564962566","..",25.5361328860597
"67","Algeria","DZA","2005",1.07047e+11,"1.07990333","5.4","27.91411415","..","-0.466420472","..",25.3965338273017
"68","Algeria","DZA","2004",91913680985,"0.962586876","4.5","22.12697333","..","-0.699272692","..",25.2441157234002
"69","Algeria","DZA","2003",73482264191,"0.868036712","6.500000001","19.67863267","..","-0.715244472","..",25.020309910523
"70","Algeria","DZA","2002",61516103406,"1.731188975","5.4","17.70370677","..","-0.928754985","..",24.8425648214837
"71","Algeria","DZA","2001",59413400924,"1.873492382","2.999999999","16.71977136","..","..","..",24.8077856426512
"72","Algeria","DZA","2000",54790398570,"0.511220957","3.800000002","20.20389451","..","-0.987298191","..",24.7267808069729
"73","American Samoa","ASM","2022",8.71e+08,"..","1.735015773","..","..","1.270272374","..",20.5851525348168
"74","American Samoa","ASM","2021",7.5e+08,"..","-0.782472613","0","..","1.279687047","..",20.4355837644946
"75","American Samoa","ASM","2020",7.21e+08,"..","4.411764706","0","..","1.265453935","..",20.3961496952492
"76","American Samoa","ASM","2019",6.47e+08,"..","-0.487804878","0","..","1.780229092","..",20.2878568524652
"77","American Samoa","ASM","2018",6.39e+08,"..","2.671118531","0","..","1.780649662","..",20.2754150123418
"78","American Samoa","ASM","2017",6.12e+08,"..","-6.98757764","0","..","1.762287259","..",20.2322428404766
"79","American Samoa","ASM","2016",6.71e+08,"..","-1.679389313","0","..","1.15941143","..",20.324279694936
"80","American Samoa","ASM","2015",6.73e+08,"..","3.149606299","0","..","1.151729107","..",20.327255887609
"81","American Samoa","ASM","2014",6.43e+08,"..","1.762820513","0","..","1.220693946","..",20.2816552822019
"82","American Samoa","ASM","2013",6.38e+08,"..","-2.5","0","..","0.303002298","..",20.2738488413091
"83","American Samoa","ASM","2012",6.4e+08,"..","-4.334828102","0","..","0.299411148","..",20.276978734318
"84","American Samoa","ASM","2011",5.7e+08,"..","0","0","..","0.310445875","..",20.1611469187929
"85","American Samoa","ASM","2010",5.73e+08,"..","0.299850075","0","..","0.328756839","..",20.166396274679
"86","American Samoa","ASM","2009",6.75e+08,"..","-4.166666667","0","..","0.347466081","..",20.3302232488368
"87","American Samoa","ASM","2008",5.6e+08,"..","-2.657342657","0","..","0.317555279","..",20.1434473416935
"88","American Samoa","ASM","2007",5.18e+08,"..","1.851851852","0","..","0.308062404","..",20.0654858002238
"89","American Samoa","ASM","2006",4.93e+08,"..","-4.098360656","0","..","0.299861044","..",20.016019732007
"90","American Samoa","ASM","2005",5e+08,"..","-0.408163265","0","..","0.789309144","..",20.0301186563865
"91","American Samoa","ASM","2004",5.09e+08,"..","0.409836066","0","..","0.791444957","..",20.0479585745148
"92","American Samoa","ASM","2003",5.24e+08,"..","0.965517241","0","..","..","..",20.0770022422853
"93","American Samoa","ASM","2002",5.12e+08,"..","..","0","..","..","..",20.0538351830038
"94","Andorra","AND","2023",3785067332,"..","2.58355481","..","..","1.251356125","..",22.0543295128454
"95","Andorra","AND","2022",3380612573,"..","9.564612256","..","..","1.270272374","..",21.9413227646357
"96","Andorra","AND","2021",3324647529,"..","8.28677879","..","..","1.279687047","..",21.9246294991194
"97","Andorra","AND","2020",2891001149,"..","-11.18393994","..","..","1.265453935","..",21.7848686974209
"98","Andorra","AND","2019",3155149348,"..","2.015547638","..","..","1.176189423","..",21.8723016687447
"99","Andorra","AND","2018",3218419897,"..","1.58876549","..","..","1.178940058","..",21.8921563608452
"100","Andorra","AND","2017",3000162081,"..","0.34607189","..","..","1.171781301","..",21.8219321511551
"101","Andorra","AND","2016",2896610480,"..","3.70967807","..","..","1.15941143","..",21.7868070903594
"102","Andorra","AND","2015",2789881259,"..","1.434140395","..","..","1.151729107","..",21.7492648723758
"103","Andorra","AND","2014",3271685597,"..","2.504465521","..","..","1.220693946","..",21.9085711621336
"104","Andorra","AND","2013",3193512950,"..","-3.547596515","..","..","1.253580928","..",21.8843873860696
"105","Andorra","AND","2012",3188652765,"..","-4.974443719","..","..","1.260530829","..",21.8828643338154
"106","Andorra","AND","2011",3629133574,"..","-0.008069753","..","..","1.272298098","..",22.0122597718849
"107","Andorra","AND","2010",3449925739,"..","-1.974958","..","..","1.301772714","..",21.9616185428305
"108","Andorra","AND","2009",3688976341,"..","-5.302846543","..","..","1.317764997","..",22.0286148421492
"109","Andorra","AND","2008",4102319399,"..","-5.559186369","..","..","1.27677536","..",22.1348183577779
"110","Andorra","AND","2007",3957625367,"..","1.553188141","..","..","1.26187098","..",22.09891002755
"111","Andorra","AND","2006",3459337987,"..","4.808688699","..","..","1.25131321","..",21.9643430744725
"112","Andorra","AND","2005",3161084091,"..","5.397795985","..","..","1.269663095","..",21.8741808724834
"113","Andorra","AND","2004",2900245324,"..","8.135676338","..","..","1.119150281","..",21.7880611648437
"114","Andorra","AND","2003",2366941809,"..","8.694203716","..","..","1.33278954","..",21.5848645828922
"115","Andorra","AND","2002",1764279824,"..","4.546362214","..","..","1.310743809","..",21.291008412336
"116","Andorra","AND","2001",1548265808,"..","8.119357722","..","..","..","..",21.1604013079677
"117","Andorra","AND","2000",1432606189,"..","3.528362361","..","..","1.313403845","..",21.0827611322526
"118","Angola","AGO","2023",84875162197,"-2.497352736","1.07809952","..","..","-0.609920204","..",25.1644473338338
"119","Angola","AGO","2022",1.044e+11,"-6.320563843","3.044726524","..","..","-0.612375736","..",25.371495512395
"120","Angola","AGO","2021",66505129988,"-6.548542276","1.199210521","28.27443988","..","-0.649475813","..",24.9205449243096
"121","Angola","AGO","2020",48501561204,"-3.848263987","-5.638214717","18.57195951","..","-0.935061216","..",24.604861824145
"122","Angola","AGO","2019",70897962732,"-5.780813143","-0.702272958","27.50482864","10.0903858","-1.05461812","..",24.9845075356852
"123","Angola","AGO","2018",79450688259,"-8.125891109","-1.316361689","30.73040273","9.644778503","-1.199483871","..",25.0984023926858
"124","Angola","AGO","2017",73690154991,"-10.03837678","-0.147212941","24.71100601","9.223777502","-1.445171714","..",25.0231350450071
"125","Angola","AGO","2016",52761617226,"-0.340242829","-2.580049644","19.74839883","9.732512484","-1.483990431","..",24.6890498168276
"126","Angola","AGO","2015",90496420507,"11.08133903","0.943571561","12.71873031","11.00201902","-1.427726507","..",25.2285761344612
"127","Angola","AGO","2014",1.35967e+11,"2.690005647","4.82255927","21.73660745","13.54263016","-1.458225965","..",25.6356780461801
"128","Angola","AGO","2013",1.32339e+11,"-5.380130995","4.954613031","29.00148461","14.18476266","-1.336971641","2.5",25.6086326492074
"129","Angola","AGO","2012",1.28053e+11,"-1.143767779","8.542107076","34.33283895","14.82271911","-1.302401423","2.5",25.5757100776658
"130","Angola","AGO","2011",1.1179e+11,"-2.704873236","3.472053148","38.61843582","16.10341244","-1.367469072","2.5",25.4398879482286
"131","Angola","AGO","2010",83799474070,"-3.8511115","4.398375938","37.70850918","16.59994721","-1.332474947","2.5",25.1516925684004
"132","Angola","AGO","2009",70307196182,"3.136660683","0.860000002","29.77829952","18.36107923","-1.397766113","2.5",24.9761399944218
"133","Angola","AGO","2008",88538665085,"1.896313897","11.16999999","52.10135812","25.65014986","-1.308764577","2.5",25.2067051871659
"134","Angola","AGO","2007",65266415494,"-1.368762395","14.01000001","45.39760365","21.49916056","-1.307493567","2.5",24.9017434299608
"135","Angola","AGO","2006",52381025141,"-0.072000996","11.55","40.27865209","23.38516999","-1.241037726","2.5",24.6818102470639
"136","Angola","AGO","2005",36970900884,"-3.526657179","15.02999999","42.22067832","17.10911781","-1.323181987","2.5",24.3333969775721
"137","Angola","AGO","2004",23552057679,"9.329239296","10.95000001","32.96269551","18.07457012","-1.377568841","..",23.8824790284963
"138","Angola","AGO","2003",17812704586,"20.08101444","2.99","27.11626575","17.17158036","-1.335463285","..",23.6031777804391
"139","Angola","AGO","2002",15285592370,"11.40619191","13.66568876","31.76102925","15.53281183","-1.155492663","..",23.4501765465268
"140","Angola","AGO","2001",8936079118,"24.0090757","4.205998556","42.59157668","29.24667572","..","..",22.9133627525237
"141","Angola","AGO","2000",9129594970,"9.62386615","3.054624234","57.51348396","28.70338216","-1.197514296","..",22.9347871680282
"142","Antigua and Barbuda","ATG","2023",2005785185,"16.34966028","2.427363001","..","..","0.326792687","..",21.4193014345107
"143","Antigua and Barbuda","ATG","2022",1866566667,"16.78322529","9.107806234","..","..","0.310727566","..",21.3473665733344
"144","Antigua and Barbuda","ATG","2021",1602125926,"18.08949005","8.172863112","0","..","0.231868863","..",21.1945972879965
"145","Antigua and Barbuda","ATG","2020",1411637037,"6.827660268","-18.86877652","0","..","0.239038527","..",21.0680158870239
"146","Antigua and Barbuda","ATG","2019",1726448148,"7.756302471","3.172221937","0","..","0.239614844","..",21.2693320413285
"147","Antigua and Barbuda","ATG","2018",1661529630,"12.17751936","6.712004872","0","..","0.236501798","..",21.2310044788831
"148","Antigua and Barbuda","ATG","2017",1534855556,"9.855756633","2.71272658","0","..","0.197911337","..",21.1517021132321
"149","Antigua and Barbuda","ATG","2016",1489603704,"6.540798484","4.120367544","0","..","0.645367682","..",21.1217759510576
"150","Antigua and Barbuda","ATG","2015",1437485185,"7.932232019","1.421619976","0","..","0.64260906","..",21.0861610244957
"151","Antigua and Barbuda","ATG","2014",1378707407,"3.355541633","2.198291887","0","..","0.634795427","..",21.0444122355797
"152","Antigua and Barbuda","ATG","2013",1325496296,"7.007593218","-0.60098233","0","..","1.253580928","..",21.0050527892722
"153","Antigua and Barbuda","ATG","2012",1364729630,"9.147097587","3.373142739","0","..","1.260530829","..",21.0342221727042
"154","Antigua and Barbuda","ATG","2011",1287359259,"5.408828464","-1.958742622","0","..","1.272298098","..",20.975858871129
"155","Antigua and Barbuda","ATG","2010",1298348148,"7.218601147","-7.840506837","0","..","1.301772714","..",20.9843586380622
"156","Antigua and Barbuda","ATG","2009",1386518519,"6.05699272","-11.96287947","0","..","1.317764997","..",21.0500617795844
"157","Antigua and Barbuda","ATG","2008",1557640741,"9.859357597","-0.014006598","0","..","1.27677536","..",21.1664381679462
"158","Antigua and Barbuda","ATG","2007",1487381481,"23.29947517","9.315182723","0","..","1.146967053","..",21.1202830155711
"159","Antigua and Barbuda","ATG","2006",1303674074,"22.14752352","12.70814749","0","..","1.11961627","..",20.9884523259583
"160","Antigua and Barbuda","ATG","2005",1143896296,"10.818663","6.473689418","0","..","0.742446184","..",20.8577060754454
"161","Antigua and Barbuda","ATG","2004",1026329630,"10.1893673","5.767103383","0","..","0.839856029","..",20.7492548088998
"162","Antigua and Barbuda","ATG","2003",948100000,"12.67967699","6.076636664","0","..","0.854120076","..",20.6699705398882
"163","Antigua and Barbuda","ATG","2002",898092592.6,"10.34536344","1.027234861","0","..","0.850210369","..",20.6157837307506
"164","Antigua and Barbuda","ATG","2001",877774074.1,"16.61177788","-4.548109771","0","..","..","..",20.5928997996945
"165","Antigua and Barbuda","ATG","2000",901003703.7,"10.71076287","6.203552126","0","..","0.861537576","..",20.619019926219
"166","Argentina","ARG","2023",6.46075e+11,"3.69401868","-1.611001621","..","9.980936481","-0.360883951","..",27.1941814330612
"167","Argentina","ARG","2022",6.3279e+11,"2.402155349","5.269879674","..","11.08581809","-0.447221607","..",27.1734044504937
"168","Argentina","ARG","2021",4.86564e+11,"1.368380832","10.44181199","1.544382289","11.34107403","-0.422596842","..",26.9106342818216
"169","Argentina","ARG","2020",3.85741e+11,"1.266169243","-9.900484814","0.677055566","10.70812114","-0.163570061","..",26.6784319967445
"170","Argentina","ARG","2019",4.47755e+11,"1.485006876","-2.000861003","1.290995655","10.39199734","-0.107116245","..",26.8275120447707
"171","Argentina","ARG","2018",5.2482e+11,"2.232531577","-2.617396463","1.310953407","9.79144712","-0.099273928","..",26.9863211836062
"172","Argentina","ARG","2017",6.43628e+11,"1.789365041","2.818502978","0.663565866","10.93962386","-0.309002459","..",27.1903867564011
"173","Argentina","ARG","2016",5.57532e+11,"0.584748941","-2.080327844","0.549552012","12.09728364","-0.299235553","..",27.0467857377366
"174","Argentina","ARG","2015",5.94749e+11,"1.977134618","2.731159828","0.693912055","12.33650694","-0.581265271","..",27.1114053047493
"175","Argentina","ARG","2014",5.2632e+11,"0.96240665","-2.512615321","2.092705651","12.61096661","-0.549791396","..",26.9891752297242
"176","Argentina","ARG","2013",5.52025e+11,"1.779205536","2.405323781","2.253872986","12.45290276","-0.434306711","..",27.036859172053
"177","Argentina","ARG","2012",5.45982e+11,"2.8066719","-1.026420454","2.556498724","12.95284151","-0.445909202","..",27.0258518451149
"178","Argentina","ARG","2011",5.30158e+11,"2.044659979","6.003951693","2.745331465","12.6636277","-0.364098519","..",26.9964409122732
"179","Argentina","ARG","2010",4.23627e+11,"2.675161719","10.12539816","2.30522042","12.85304269","-0.355230033","..",26.7721191880192
"180","Argentina","ARG","2009",3.32976e+11,"1.206439226","-5.918525076","2.124534881","12.38304156","-0.445475101","..",26.5313362522575
"181","Argentina","ARG","2008",3.61558e+11,"2.689900965","4.057233103","4.039000966","13.31784636","-0.434875011","..",26.613688308276
"182","Argentina","ARG","2007",2.87531e+11,"2.251294236","9.007650875","3.70577772","12.44826845","-0.372122079","..",26.384596517458
"183","Argentina","ARG","2006",2.32557e+11,"2.381068545","8.0471515","4.490890647","12.8788867","-0.331238538","..",26.172401193217
"184","Argentina","ARG","2005",1.98737e+11,"2.649354415","8.85165992","4.360830444","13.10317565","-0.377738357","..",26.0152481795366
"185","Argentina","ARG","2004",1.64658e+11,"2.505017516","9.029573301","3.628150456","13.1007799","-0.414409548","..",25.8271364325022
"186","Argentina","ARG","2003",1.27587e+11,"1.294810869","8.837040796","3.795263575","12.5187797","-0.479976803","..",25.5720643217891
"187","Argentina","ARG","2002",97724004252,"2.198958195","-10.89448483","4.588011023","9.818958347","-0.417055726","..",25.3054130592873
"188","Argentina","ARG","2001",2.68697e+11,"0.806164135","-4.408839683","1.578289617","9.324898794","..","..",26.3168501876376
"189","Argentina","ARG","2000",2.84204e+11,"3.665790595","-0.788998939","2.039212319","9.622603502","-0.172407657","..",26.3729581271057
"190","Armenia","ARM","2023",24085749592,"2.409578645","8.3","..","22.48186258","0.058399647","..",23.9048861993178
"191","Armenia","ARM","2022",19513506553,"4.999915861","12.6","..","21.82715524","0.027907174","..",23.6943727064927
"192","Armenia","ARM","2021",13878908629,"2.640302812","5.800000001","0","22.00100474","0.048684645","..",23.3536361598991
"193","Armenia","ARM","2020",12641698583,"0.463408851","-7.199999999","0","21.86041928","-0.003474974","..",23.2602665982032
"194","Armenia","ARM","2019",13619290539,"0.736361517","7.599999999","0","22.28517099","-0.227039859","..",23.3347530466635
"195","Armenia","ARM","2018",12457940695,"2.142047834","5.2","0","20.8701039","-0.409369439","..",23.2456240633721
"196","Armenia","ARM","2017",11527458709,"2.192573377","7.500000002","0","20.78065336","-0.637015164","..",23.1679977400825
"197","Armenia","ARM","2016",10546136236,"3.165367278","0.2","0","21.27737528","-0.659795225","..",23.0790253962341
"198","Armenia","ARM","2015",10553337518,"1.744737018","3.199999999","0","20.93122083","-0.609746635","..",23.0797079992567
"199","Armenia","ARM","2014",11609513247,"3.502114155","3.600000001","0","21.59917455","-0.565446794","..",23.1750907064543
"200","Armenia","ARM","2013",11121464437,"3.111931854","3.3","0","21.58621388","-0.530533433","3.5",23.1321428110728
"201","Armenia","ARM","2012",10619320683,"4.676727598","7.200000001","0","17.49164208","-0.58800149","3.5",23.0859408848951
"202","Armenia","ARM","2011",10142111825,"6.440668056","4.699999999","0","17.21941905","-0.664559424","3",23.0399620801902
"203","Armenia","ARM","2010",9260285756,"5.716037341","2.2","0","17.0700514","-0.69503957","3",22.9490007443076
"204","Armenia","ARM","2009",8647937081,"8.788694214","-14.1","0","16.50586323","-0.621459663","3",22.8805866417018
"205","Armenia","ARM","2008",11662040714,"8.092349209","6.9","0","17.32175873","-0.712412357","3",23.1796050209082
"206","Armenia","ARM","2007",9206301270,"7.252332316","13.7","0","15.96253173","-0.74589169","3.5",22.9431540072025
"207","Armenia","ARM","2006",6384452067,"7.307314505","13.2","0","14.39598656","-0.669232607","3.5",22.5771315070868
"208","Armenia","ARM","2005",4900469511,"5.960106873","13.9","0","14.33566341","-0.683349848","2.5",22.3125968560441
"209","Armenia","ARM","2004",3576615240,"6.909902013","10.5","0","13.99640565","-0.703455329","..",21.9976827264392
"210","Armenia","ARM","2003",2807061009,"4.376570097","14","0","..","-0.6490224","..",21.7554038686821
"211","Armenia","ARM","2002",2376335048,"4.659499749","13.2","0","..","-0.778165162","..",21.5888252419734
"212","Armenia","ARM","2001",2118467913,"3.298067417","9.599999999","0","..","..","..",21.4739589818222
"213","Armenia","ARM","2000",1911563669,"5.450433156","5.900000003","0","..","-0.848086238","..",21.3711874189426
"214","Aruba","ABW","2023",3648573136,"-3.767482788","4.263719415","..","..","0.709075332","..",22.0176020064672
"215","Aruba","ABW","2022",3279343544,"7.567071864","8.517918105","..","..","0.756486595","..",21.9109091002876
"216","Aruba","ABW","2021",2929446578,"4.55871502","24.13262736","0","..","0.800938904","..",21.7980793609064
"217","Aruba","ABW","2020",2481857123,"6.48977645","-26.21182021","0","..","1.198827386","..",21.6322729568019
"218","Aruba","ABW","2019",3395798883,"-2.215282568","-2.232442027","0","..","1.174430847","..",21.9458048819104
"219","Aruba","ABW","2018",3276184358,"4.399821673","2.3970862","0","..","1.207401395","..",21.9099452766896
"220","Aruba","ABW","2017",3092429050,"5.253373308","7.048533386","0","..","1.23961401","..",21.8522227193647
"221","Aruba","ABW","2016",2983635196,"0.923397979","1.71962498","0","..","1.232693315","..",21.8164082584632
"222","Aruba","ABW","2015",2962907263,"-0.907264204","-0.623625902","0","..","1.248301148","..",21.8094368067018
"223","Aruba","ABW","2014",2790849721,"7.465254603","-1.586575138","0","..","1.014001012","..",21.7496119459091
"224","Aruba","ABW","2013",2727849721,"9.974455092","6.431482604","0","..","1.119600654","..",21.7267794878003
"225","Aruba","ABW","2012",2615208380,"-12.03318022","-1.040799884","0.001490306","..","1.095235944","..",21.684609617713
"226","Aruba","ABW","2011",2637859218,"18.50578004","3.369237184","0.001926898","..","1.10294652","..",21.6932335228728
"227","Aruba","ABW","2010",2453597207,"7.611672202","-2.733456793","0.001569607","..","1.121295571","..",21.6208210324363
"228","Aruba","ABW","2009",2553793296,"-0.415637599","-11.67774137","0.001094297","..","1.109147549","..",21.6608456578437
"229","Aruba","ABW","2008",2843024581,"0.664175811","1.835755172","0.0019564","..","1.27677536","..",21.7681343157263
"230","Aruba","ABW","2007",2677641341,"-17.5903165","3.089544385","0.00153974","..","1.26187098","..",21.708202147315
"231","Aruba","ABW","2006",2469782682,"8.920466621","1.127411464","0.001525773","..","1.25131321","..",21.6273960007196
"232","Aruba","ABW","2005",2360017318,"-8.804935635","-0.383137672","0.001314053","..","1.269663095","..",21.5819347940926
"233","Aruba","ABW","2004",2254830726,"-4.687638978","7.293728071","0.000906167","..","1.165965319","..",21.5363407410081
"234","Aruba","ABW","2003",2044111732,"7.816428712","1.110504599","0.000760651","..","..","..",21.438229171199
"235","Aruba","ABW","2002",1961843575,"16.94905601","-0.944953481","0.000720703","..","..","..",21.3971504675921
"236","Aruba","ABW","2001",1896456983,"-14.07505557","4.18200163","0.000698232","..","..","..",21.3632532365265
"237","Aruba","ABW","2000",1873452514,"-6.828727173","7.622920649","0.000959489","..","..","..",21.3510488297332
"238","Australia","AUS","2023",1.72806e+12,"1.879591719","3.4419922","..","..","1.781204939","..",28.1780205079298
"239","Australia","AUS","2022",1.69086e+12,"4.161495042","4.242385553","..","23.62795125","1.764367104","..",28.1562583911698
"240","Australia","AUS","2021",1.55674e+12,"2.024681946","2.111168148","0.264201375","23.06126793","1.707388759","..",28.0736150070394
"241","Australia","AUS","2020",1.32841e+12,"1.353256055","-0.119590736","0.108188866","22.59092489","1.632980585","..",27.9150038542737
"242","Australia","AUS","2019",1.39272e+12,"2.781967875","2.171545057","0.229199448","23.40844001","1.788073659","..",27.9622797854969
"243","Australia","AUS","2018",1.42781e+12,"4.250333048","2.878469715","0.264744672","23.20844496","1.767454863","..",27.9871629177723
"244","Australia","AUS","2017",1.32558e+12,"3.636089515","2.279591798","0.198665474","22.11036864","1.752974749","..",27.9128712154374
"245","Australia","AUS","2016",1.20684e+12,"3.560565952","2.759385972","0.173168976","22.27552213","1.772251964","..",27.8190264891908
"246","Australia","AUS","2015",1.3513e+12,"3.470209018","2.190169287","0.197899254","21.87407068","1.841308117","..",27.9320882079905
"247","Australia","AUS","2014",1.46827e+12,"4.304706644","2.595284116","0.488872501","21.89787868","1.849272132","..",28.0151059529147
"248","Australia","AUS","2013",1.57712e+12,"3.453927666","2.602193394","0.538515504","21.94434163","1.777833104","..",28.0866215148635
"249","Australia","AUS","2012",1.54753e+12,"3.720199337","3.916709425","0.679385653","21.09908592","1.977507234","..",28.0676812274239
"250","Australia","AUS","2011",1.39861e+12,"4.688815155","2.407080183","0.877828805","20.32252448","2.037909031","..",27.9665000021978
"251","Australia","AUS","2010",1.14884e+12,"3.094839434","2.219980265","0.706854443","20.47799546","2.02361083","..",27.7697738535757
"252","Australia","AUS","2009",9.28762e+11,"3.115218929","1.892555819","0.553069183","22.02100614","2.041763067","..",27.5571183534871
"253","Australia","AUS","2008",1.05611e+12,"4.277015978","3.586266952","0.935960985","24.20769581","2.027342558","..",27.6856134624543
"254","Australia","AUS","2007",8.55007e+11,"5.197717937","3.773321713","0.871982126","24.03934536","2.00087285","..",27.4743754929842
"255","Australia","AUS","2006",7.48418e+11,"4.082092962","2.755346106","0.865992075","24.51177239","1.950813174","..",27.3412274823666
"256","Australia","AUS","2005",6.95693e+11,"-3.606927925","3.154167532","0.887355263","24.75454972","1.942667723","..",27.2681743080171
"257","Australia","AUS","2004",6.1466e+11,"6.980716853","4.224284814","0.737890122","24.25826506","2.005868912","..",27.144335106349
"258","Australia","AUS","2003",4.67739e+11,"1.920995362","3.090761905","0.75762617","24.29996962","1.895287037","..",26.8711762849882
"259","Australia","AUS","2002",3.95789e+11,"3.703067305","3.979585681","0.803940894","23.54814488","1.761436343","..",26.7041470779146
"260","Australia","AUS","2001",3.79629e+11,"2.823052147","2.025105535","0.720452604","24.85786017","..","..",26.6624602969707
"261","Australia","AUS","2000",4.16168e+11,"3.578599219","3.921502931","0.876745345","23.02414158","1.862088323","..",26.7543548618376
"262","Austria","AUT","2023",5.11685e+11,"0.571627955","-0.954962529","..","25.89049505","1.133653283","..",26.9609750382766
"263","Austria","AUT","2022",4.71774e+11,"3.031433627","5.277894485","..","26.20686359","1.258586764","..",26.8797658943048
"264","Austria","AUT","2021",4.80467e+11,"3.954093238","4.795328857","0.037803787","26.01481748","1.24272728","..",26.8980243845383
"265","Austria","AUT","2020",4.34398e+11,"-2.763320707","-6.318255092","0.017275692","24.66600578","1.477709413","..",26.797227001504
"266","Austria","AUT","2019",4.42984e+11,"-2.852556176","1.754976196","0.036825509","25.80966204","1.521324396","..",26.8167994889578
"267","Austria","AUT","2018",4.52582e+11,"-6.151192072","2.484221141","0.042658846","25.72164486","1.568587184","..",26.8382347991385
"268","Austria","AUT","2017",4.14926e+11,"3.381802756","2.27224992","0.030163833","25.76168611","1.50082016","..",26.7513660280244
"269","Austria","AUT","2016",3.93687e+11,"-7.239899042","2.117219645","0.023251876","25.82202777","1.496880531","..",26.6988220142849
"270","Austria","AUT","2015",3.79546e+11,"-1.804095111","1.303523318","0.034077696","27.21602741","1.472043753","..",26.6622416385577
"271","Austria","AUT","2014",4.38556e+11,"0.389557041","0.75579885","0.076914031","26.84190273","1.466501832","..",26.8067533487004
"272","Austria","AUT","2013",4.26581e+11,"-0.302633479","-0.250726423","0.074950157","26.77416869","1.537276983","..",26.7790681037827
"273","Austria","AUT","2012",4.0675e+11,"1.283002792","0.628246239","0.084334239","26.18309943","1.427254438","..",26.7314645830456
"274","Austria","AUT","2011",4.28955e+11,"5.35812778","2.927468002","0.073845969","25.64663915","1.47028935","..",26.7846178552677
"275","Austria","AUT","2010",3.89828e+11,"-5.645396702","1.80898243","0.059914936","25.49573389","1.596122026","..",26.6889714531487
"276","Austria","AUT","2009",3.9929e+11,"3.581371969","-3.586264726","0.053430235","25.39736686","1.6940341","..",26.7129538068753
"277","Austria","AUT","2008",4.29234e+11,"1.46799597","1.453305621","0.088444503","26.24814002","1.828758121","..",26.7852680617136
"278","Austria","AUT","2007",3.8676e+11,"17.80581135","3.775224687","0.058689956","25.59500507","2.003345251","..",26.6810701825618
"279","Austria","AUT","2006",3.33906e+11,"3.144734688","3.269336015","0.066274364","25.19434067","1.904876947","..",26.5341253531865
"280","Austria","AUT","2005",3.13952e+11,"25.83070261","2.320365143","0.060495703","25.64896166","1.912423491","..",26.4725059449274
"281","Austria","AUT","2004",2.9921e+11,"1.064017002","2.565255341","0.048536726","26.47583053","2.026624441","..",26.4244115049481
"282","Austria","AUT","2003",2.6078e+11,"2.375575502","1.141565045","0.039205024","26.81335909","1.963868618","..",26.2869429769417
"283","Austria","AUT","2002",2.12837e+11,"0.06500105","1.484368776","0.042053366","27.17597627","1.915159225","..",26.0837924514803
"284","Austria","AUT","2001",1.96477e+11,"2.895722431","1.316987496","0.044088403","28.10496967","..","..",26.003811213059
"285","Austria","AUT","2000",1.96182e+11,"4.333236887","3.18952293","0.061037723","26.35825032","1.751058698","..",26.0023086367497
"286","Azerbaijan","AZE","2023",72428470588,"0.349083721","1.354477318","..","..","-1.195471406","..",25.0058652992052
"287","Azerbaijan","AZE","2022",78807470588,"-5.677737106","4.714680379","..","15.44768972","-1.040907383","..",25.0902736337328
"288","Azerbaijan","AZE","2021",54825411765,"-3.114734473","5.616440269","20.98337508","13.4213203","-0.847890377","..",24.7274196417557
"289","Azerbaijan","AZE","2020",4.2693e+10,"1.187903872","-4.198960792","11.14768273","15.18557251","-1.078075886","..",24.477300809316
"290","Azerbaijan","AZE","2019",48174235294,"3.121830561","2.479808934","20.4577105","14.21885265","-0.849681973","..",24.598090177618
"291","Azerbaijan","AZE","2018",47112470052,"2.977975891","1.500401707","24.17241001","12.97127179","-0.853233695","..",24.5758035598695
"292","Azerbaijan","AZE","2017",40866627352,"7.016695984","0.153614647","17.12356786","13.16404551","-0.906532645","..",24.4335796097571
"293","Azerbaijan","AZE","2016",37866996883,"11.88281715","-3.063598454","12.78256545","14.55551657","-0.852637351","..",24.3573457750291
"294","Azerbaijan","AZE","2015",53076235355,"7.626068377","1.049546368","12.06957514","15.60316293","-0.95257318","..",24.6949951199125
"295","Azerbaijan","AZE","2014",75239785452,"5.888461767","2.797585434","20.24630631","14.21253565","-1.022827625","..",25.04394598986
"296","Azerbaijan","AZE","2013",74160560124,"3.532115987","5.843415762","22.58378322","13.38833316","-0.970754623","..",25.0294983110881
"297","Azerbaijan","AZE","2012",69679944504,"7.596518679","2.202939023","25.81778192","12.77863937","-1.142694116","..",24.9671783730495
"298","Azerbaijan","AZE","2011",65952796428,"6.80050012","-1.572997621","29.797955","12.22476095","-1.195314765","..",24.9122051174549
"299","Azerbaijan","AZE","2010",52909294792,"6.337255133","4.78883271","25.51544764","12.15777699","-1.245373249","2.5",24.6918448653291
"300","Azerbaijan","AZE","2009",44292427185,"6.547462364","9.369502784","26.67883009","14.10670899","-1.194081903","2.5",24.5140795554797
"301","Azerbaijan","AZE","2008",48851293785,"8.161108317","10.59143729","39.50077303","16.42117537","-1.156654239","2.5",24.6120466999361
"302","Azerbaijan","AZE","2007",33049419431,"13.9011035","25.46321591","36.86835137","..","-1.129073739","2.5",24.2212698367055
"303","Azerbaijan","AZE","2006",20981929498,"21.38014047","34.46620936","39.58130738","..","-1.095912457","2.5",23.7669274041319
"304","Azerbaijan","AZE","2005",13245421881,"33.79579783","27.96153807","37.4466296","..","-1.052521467","2.5",23.3069178112583
"305","Azerbaijan","AZE","2004",8680405741,"54.36505091","9.253801326","26.83438882","..","-1.18083179","..",22.884334108881
"306","Azerbaijan","AZE","2003",7276413079,"55.07287666","10.20830001","23.65101381","..","-1.046231985","..",22.7079038688055
"307","Azerbaijan","AZE","2002",6236087738,"32.46549896","9.438916342","23.25371948","..","-1.195501924","..",22.5536188576389
"308","Azerbaijan","AZE","2001",5707616204,"14.35939227","9.899999691","23.7019954","..","..","..",22.4650672960383
"309","Azerbaijan","AZE","2000",5272615723,"2.46437455","11.09999914","32.94574763","..","-1.292382717","..",22.3857924184879
"310","Bahamas, The","BHS","2023",15271300000,"2.111519354","3.048774963","..","16.19800535","1.266910076","..",23.4492410868034
"311","Bahamas, The","BHS","2022",13896800000,"3.820404341","10.87745501","..","15.53056234","1.256448865","..",23.354924434752
"312","Bahamas, The","BHS","2021",1.2037e+10,"3.182394111","17.58689737","0","13.38953765","1.15235579","..",23.211251076344
"313","Bahamas, The","BHS","2020",10363200000,"4.193683416","-20.08955543","0","17.93134328","1.106287122","..",23.0615269063929
"314","Bahamas, The","BHS","2019",1.3277e+10,"3.632065274","-0.839051301","0","16.56020185","1.102298617","..",23.3092990518602
"315","Bahamas, The","BHS","2018",12819200000,"3.833349111","2.398520006","0","14.31972354","1.096056581","..",23.2742098839957
"316","Bahamas, The","BHS","2017",12446900000,"2.447095848","3.371236486","0","14.79055179","1.134972572","..",23.2447374328685
"317","Bahamas, The","BHS","2016",11880900000,"3.285946657","-1.156267038","0","14.13404795","1.067145824","..",23.1981979055872
"318","Bahamas, The","BHS","2015",11837600000,"0.642663418","0.996748943","0","12.70142553","1.097260356","..",23.1945467431526
"319","Bahamas, The","BHS","2014",11139100000,"2.255814463","1.847305942","0","11.28698","1.308502436","..",23.1337272782357
"320","Bahamas, The","BHS","2013",10475300000,"3.649079263","-2.86328003","0","11.77170037","1.334695697","..",23.0722859419626
"321","Bahamas, The","BHS","2012",10720400000,"4.908128428","4.520124103","0","12.03936947","1.316067934","..",23.0954143053258
"322","Bahamas, The","BHS","2011",10070450000,"6.619575093","0.613170736","0","13.01102086","1.346852183","..",23.0328712298681
"323","Bahamas, The","BHS","2010",10095760000,"8.636992163","1.538662487","0","10.76231493","1.348376751","..",23.0353813706719
"324","Bahamas, The","BHS","2009",9981960000,"6.651599485","-4.175428056","0","11.25206873","1.360019565","..",23.0240453007728
"325","Bahamas, The","BHS","2008",1.0526e+10,"8.171729024","-2.32364807","0","12.12136614","1.330071688","..",23.077114223878
"326","Bahamas, The","BHS","2007",10618340000,"6.718093412","1.446099912","0","11.35886589","1.328009129","..",23.0858485316915
"327","Bahamas, The","BHS","2006",10167250000,"6.947601367","2.516592217","0","11.24833165","1.34319973","..",23.0424376072948
"328","Bahamas, The","BHS","2005",9836200000,"5.727971168","3.396084205","0","10.00170798","1.32878685","..",23.0093352945625
"329","Bahamas, The","BHS","2004",9055290000,"3.021438297","0.882373745","0","9.428334156","1.411035895","..",22.9266149542736
"330","Bahamas, The","BHS","2003",8870090000,"2.144284895","-1.264916676","0","9.288519057","1.407789588","..",22.9059507797779
"331","Bahamas, The","BHS","2002",8881160000,"1.720383373","2.704956247","0","8.999094713","1.415555596","..",22.9071980160497
"332","Bahamas, The","BHS","2001",8317830000,"1.230729649","2.626009827","0","9.859542693","..","..",22.8416672404531
"333","Bahamas, The","BHS","2000",8076470000,"3.098507145","4.148419308","0","10.67868759","1.302323818","..",22.8122207328309
"334","Bahrain","BHR","2023",46192260638,"15.64287561","3.878116148","..","..","0.177784815","..",24.5560781023433
"335","Bahrain","BHR","2022",46458191489,"4.200184563","6.180161255","..","..","0.139520317","..",24.5618186373365
"336","Bahrain","BHR","2021",40840212766,"4.356625979","4.350040917","10.93767564","..","0.144483089","..",24.4329330399747
"337","Bahrain","BHR","2020",35837632979,"2.849732281","-5.911362952","6.695589232","2.823175478","-0.092978388","..",24.3022643787594
"338","Bahrain","BHR","2019",40446808511,"2.3283798","2.052877744","9.848188676","2.878188719","-0.038056623","..",24.4232535777337
"339","Bahrain","BHR","2018",39567978723,"4.180793087","2.05258865","11.39008112","1.092602424","-0.176260635","..",24.4012860099928
"340","Bahrain","BHR","2017",37204813830,"3.833008912","4.953835341","8.937952597","0.936278227","-0.171065331","..",24.3397039938858
"341","Bahrain","BHR","2016",33884680851,"0.718174283","3.814993274","7.629604327","0.808517154","-0.047535866","..",24.2462288568978
"342","Bahrain","BHR","2015",32523297872,"0.199529633","2.507872053","9.824744369","0.990043144","0.106954351","..",24.2052225270624
"343","Bahrain","BHR","2014",34772526596,"4.36728984","4.308856927","18.87092669","0.792383936","0.273115307","..",24.2720934463026
"344","Bahrain","BHR","2013",33823324468,"11.02113061","5.292622249","20.8660137","1.029284683","0.425915956","..",24.2444164744622
"345","Bahrain","BHR","2012",31963404255,"4.832654365","3.80302899","20.09402347","1.137081472","0.36653021","..",24.1878574682859
"346","Bahrain","BHR","2011",29914680851,"2.610260386","1.928157912","23.39805595","1.071766976","0.209991172","..",24.121615195204
"347","Bahrain","BHR","2010",26805984043,"0.581105357","4.334298975","17.31563295","1.128280939","0.179316193","..",24.0118909847254
"348","Bahrain","BHR","2009",22938218085,"1.12105291","2.539885702","14.4351177","1.363166786","0.180615962","..",23.8560702684292
"349","Bahrain","BHR","2008",25710904255,"6.977577827","6.24501095","21.68157688","1.235815584","0.181815282","..",23.9701810289398
"350","Bahrain","BHR","2007",2.173e+10,"8.08243219","8.293961291","18.99060482","1.145097962","0.175549507","..",23.8019596312147
"351","Bahrain","BHR","2006",18504760638,"15.75086501","6.46699952","20.36706147","1.166174892","0.188148677","..",23.6412938677103
"352","Bahrain","BHR","2005",15968723404,"6.566594458","6.768997378","20.09312174","1.161845629","0.383150041","..",23.4938978588461
"353","Bahrain","BHR","2004",13150159574,"6.580210025","6.980961759","16.65302134","4.216840666","0.436752141","..",23.2996997304015
"354","Bahrain","BHR","2003",11074813830,"4.665543678","6.296441291","14.9880274","3.306813188","0.37417081","..",23.127939342804
"355","Bahrain","BHR","2002",9593510638,"2.261808944","3.348550671","14.49065385","3.578992892","0.791833282","..",22.9843527316376
"356","Bahrain","BHR","2001",8976196809,"0.895243944","2.490948753","15.00744715","4.103642909","..","..",22.9178421116227
"357","Bahrain","BHR","2000",9062898936,"4.011545582","5.300069403","18.71107805","3.732777721","0.360480934","..",22.9274548766825
"358","Bangladesh","BGD","2023",4.37415e+11,"0.316668221","5.77511237","..","..","-1.120866418","2.5",26.8041482381539
"359","Bangladesh","BGD","2022",4.60132e+11,"0.355308723","7.099828776","..","..","-1.075751781","2.5",26.8547792417871
"360","Bangladesh","BGD","2021",4.16272e+11,"0.414118154","6.938679124","0.031577189","7.64236301","-0.986505091","2.5",26.7546047296973
"361","Bangladesh","BGD","2020",3.73979e+11,"0.407859895","3.448017551","0.016478832","7.001536744","-1.003712177","2.5",26.6474654830519
"362","Bangladesh","BGD","2019",3.51232e+11,"0.543244142","7.881915151","0.040160917","7.638638955","-1.017209649","2.5",26.5847128107297
"363","Bangladesh","BGD","2018",3.21363e+11,"0.753549134","7.31941263","0.061302761","7.731772166","-0.926822603","2.5",26.4958371622787
"364","Bangladesh","BGD","2017",2.93732e+11,"0.616341785","6.590249998","0.046039527","6.997142632","-0.858602941","2.5",26.4059336239315
"365","Bangladesh","BGD","2016",2.65225e+11,"0.87952834","7.113478213","0.031494026","7.316911848","-0.887518942","2.5",26.3038443592917
"366","Bangladesh","BGD","2015",1.95147e+11,"1.450782455","6.552639878","0.051618323","8.498348828","-0.844677091","2.5",25.9970189576647
"367","Bangladesh","BGD","2014",1.72887e+11,"1.468703051","6.061059359","0.095958161","8.635377737","-0.892609239","2.5",25.875904038839
"368","Bangladesh","BGD","2013",1.49999e+11,"1.735320125","6.013605658","0.136547577","8.962413315","-0.893966019","2.5",25.7338944643538
"369","Bangladesh","BGD","2012",1.33311e+11,"1.188503919","6.521458779","0.165239329","9.02456269","-0.85661906","2.5",25.6159505813566
"370","Bangladesh","BGD","2011",1.28607e+11,"0.983399364","6.464379125","0.148237511","8.685924706","-1.097388625","2.5",25.5800270796169
"371","Bangladesh","BGD","2010",1.15276e+11,"1.068967663","5.571788185","0.110401376","7.834684749","-1.054080248","3",25.4705950899094
"372","Bangladesh","BGD","2009",1.02475e+11,"0.879517143","5.045124799","0.080921545","7.498116263","-1.075251222","3",25.3528847033368
"373","Bangladesh","BGD","2008",91636997371,"1.449657916","6.013789757","0.207602558","7.656029883","-1.046788335","3",25.2411009285104
"374","Bangladesh","BGD","2007",79611644975,"0.817756923","7.058599354","0.146631401","6.917262669","-1.063239932","3",25.1004262127527
"375","Bangladesh","BGD","2006",71795736172,"0.6358639","6.671904986","0.101110752","7.043304058","-1.442982793","2.5",24.9970909264462
"376","Bangladesh","BGD","2005",69476001239,"1.170651674","6.535944939","0.085431476","7.135670039","-1.406466603","2.5",24.9642472239717
"377","Bangladesh","BGD","2004",65108544250,"0.689472336","5.23953291","0.088665739","7.046448418","-1.597114921","..",24.8993216256285
"378","Bangladesh","BGD","2003",60158929188,"0.445960783","4.7395674","0.070842254","6.965213904","-1.54172051","..",24.820255717028
"379","Bangladesh","BGD","2002",54724081491,"0.095579368","3.83312394","0.083750111","6.691384191","-1.449086785","..",24.7255696961304
"380","Bangladesh","BGD","2001",53991289844,"0.145443905","5.077287775","0.054371042","6.611160271","..","..",24.7120885713154
"381","Bangladesh","BGD","2000",53369787319,"0.525362089","5.293294719","0.035323148","..","-1.212082624","..",24.7005106422553
"382","Barbados","BRB","2023",6720733200,"3.346361079","4.09382011","..","..","1.344585896","..",22.6284630926726
"383","Barbados","BRB","2022",6257303500,"3.196264973","17.83286303","..","..","1.284738302","..",22.5570151784599
"384","Barbados","BRB","2021",5275242050,"4.525575466","-0.25496588","0.3093629","..","1.213144422","..",22.3862904015117
"385","Barbados","BRB","2020",5168344450,"5.071256425","-15.05436295","0.118477272","..","1.19359374","..",22.3658182517475
"386","Barbados","BRB","2019",5788288000,"3.720791536","0.652585418","0.211318147","..","1.159040928","..",22.479102402598
"387","Barbados","BRB","2018",5629916200,"4.291298332","-1.174065094","0.193101287","..","1.371705532","..",22.4513603944402
"388","Barbados","BRB","2017",5517340450,"1.658080265","0.128446002","0.113958458","..","1.376136065","..",22.431161778595
"389","Barbados","BRB","2016",5330761500,"10.45817405","1.791930334","0.078611396","24.91168012","1.213547945","..",22.3967599354632
"390","Barbados","BRB","2015",5288057750,"13.0203938","-0.846098521","0.105085271","22.64014144","1.447721362","..",22.3887168603893
"391","Barbados","BRB","2014",5365976700,"14.0456718","0.082405478","0.293287642","20.5823002","1.133057833","..",22.4033442467861
"392","Barbados","BRB","2013",5361158350,"1.941547784","-1.010381846","0.345790863","20.12696972","1.612309098","..",22.4024458987553
"393","Barbados","BRB","2012",5271257500,"10.01745152","-0.313311151","0.421754819","21.4013748","1.648287773","..",22.3855347858365
"394","Barbados","BRB","2011",5342183800,"8.602342292","-0.731434559","0.446502228","22.62671563","1.717747927","..",22.3989003576316
"395","Barbados","BRB","2010",5191188500,"8.193447658","-2.217710856","0.274995863","21.56530728","1.476755738","..",22.3702285059814
"396","Barbados","BRB","2009",4466809600,"7.970079027","-5.017275383","0.195379736","24.70741403","1.376189828","..",22.2199402547232
"397","Barbados","BRB","2008",4790410400,"12.8407137","0.633460591","0.381152347","25.40006711","1.358608723","..",22.2898819231959
"398","Barbados","BRB","2007",4675767950,"10.18879855","2.079183863","0.337029002","25.94993899","1.402494311","..",22.2656592535763
"399","Barbados","BRB","2006",4217323400,"8.115751764","6.070546217","0.381788552","25.28572444","1.325771332","..",22.1624664983601
"400","Barbados","BRB","2005",3819500000,"10.212368","3.955457208","0.344768895","26.73474277","1.410587668","..",22.0633853609457
"401","Barbados","BRB","2004",3444500000,"6.62895921","1.411598307","0.231208899","25.77442299","1.408980489","..",21.9600445929975
"402","Barbados","BRB","2003",3209500000,"5.754830615","2.175480794","0.216001791","25.24341798","1.497642756","..",21.8893809987161
"403","Barbados","BRB","2002",3106500000,"7.350499076","0.787402032","0.233345875","..","1.485193968","..",21.856762527468
"404","Barbados","BRB","2001",3054500000,"2.995741069","-2.365464667","0.233968575","..","..","..",21.8398817500541
"405","Barbados","BRB","2000",3059500000,"2.408790453","4.447189628","0.366975716","..","1.519811511","..",21.8415173408669
"406","Belarus","BLR","2023",72478760370,"2.748540011","4.126540072","..","12.70106334","-0.665028036","..",25.006559395472
"407","Belarus","BLR","2022",73775179925,"2.177450119","-4.658395916","..","11.23354562","-0.579731464","..",25.0242881966067
"408","Belarus","BLR","2021",69673747132,"1.766406879","2.438862124","0.814105821","12.82500496","-0.258520454","..",24.9670894285525
"409","Belarus","BLR","2020",61371673345,"2.270102678","-0.672742951","0.365084913","12.02292326","-0.134194106","..",24.840214219474
"410","Belarus","BLR","2019",64410170653,"1.976861708","1.446455477","0.652174604","13.30150614","0.006896552","..",24.8885373869816
"411","Belarus","BLR","2018",60031026576,"2.376271207","3.149197594","0.814823811","14.67256897","-0.155491337","..",24.8181273751134
"412","Belarus","BLR","2017",54725405751,"2.332189195","2.5321835","0.509192772","13.01900561","-0.24123624","..",24.7255938946906
"413","Belarus","BLR","2016",47723545321,"2.612756432","-2.526446436","0.386692378","13.78823561","-0.223861918","..",24.5886907256537
"414","Belarus","BLR","2015",56454769845,"2.926767755","-3.829570558","0.439126031","14.17309447","-0.315615207","..",24.7567056207838
"415","Belarus","BLR","2014",78813069121,"2.362552329","1.651124685","0.734771849","12.69772453","-0.234991431","..",25.0903446718477
"416","Belarus","BLR","2013",75527558966,"2.973881363","0.998719279","0.832270804","13.35496285","-0.405309916","..",25.0477634460152
"417","Belarus","BLR","2012",65685890439,"2.228180192","1.70785257","1.044646501","14.66297503","-0.458519369","..",24.908149981976
"418","Belarus","BLR","2011",61762382328,"6.480319977","5.549974723","1.170845541","14.50907256","-0.619015694","..",24.8465603158827
"419","Belarus","BLR","2010",57231904543,"2.434656004","7.750017066","0.772806204","16.32143837","-0.633431315","..",24.7703773515661
"420","Belarus","BLR","2009",50873167326,"3.688584963","0.199995215","0.73028672","18.62947063","-0.56215173","..",24.6526014569842
"421","Belarus","BLR","2008",60752106347,"3.601356614","10.19999952","1.199824586","25.35338921","-0.559036314","..",24.8300675909446
"422","Belarus","BLR","2007",45275711996,"3.991764945","8.600006601","1.092953403","23.72669873","-0.574205935","..",24.5360365666221
"423","Belarus","BLR","2006",36961894281,"0.966130137","9.999994718","1.210651947","22.22309662","-0.52986896","..",24.3331533345981
"424","Belarus","BLR","2005",30210091837,"1.014892645","9.400001526","1.282972708","20.14965628","-0.723230779","..",24.131441872294
"425","Belarus","BLR","2004",23141566293,"0.707817258","11.44974313","1.174679878","18.3713469","-0.759292543","..",23.8648962441049
"426","Belarus","BLR","2003",17825444724,"0.963790821","7.043192499","1.131716333","17.68812191","-0.537339866","..",23.6038927523886
"427","Belarus","BLR","2002",14594900945,"1.693057054","5.04526755","1.17776447","14.20103832","-0.657884896","..",23.4039380543161
"428","Belarus","BLR","2001",12354820144,"0.775405865","4.725306041","1.348652499","15.75466424","..","..",23.2373121189358
"429","Belarus","BLR","2000",12736780455,"0.932731787","5.800003268","1.788444876","16.6247345","-0.504357815","..",23.267759743615
"430","Belgium","BEL","2023",6.44655e+11,"-0.430636341","1.201691782","..","..","1.336844444","..",27.1919811269199
"431","Belgium","BEL","2022",5.93615e+11,"2.000464564","4.259360737","..","22.70119148","1.49497354","..",27.1094967980221
"432","Belgium","BEL","2021",5.98522e+11,"5.905797106","6.207599813","0.031273568","23.22498771","1.455202103","..",27.1177291198319
"433","Belgium","BEL","2020",5.29694e+11,"-5.742352271","-4.792983908","0.014757698","21.86156404","1.445801735","..",26.9955653182664
"434","Belgium","BEL","2019",5.36726e+11,"-1.972529978","2.442890045","0.027125408","22.59782094","1.448797941","..",27.0087535591518
"435","Belgium","BEL","2018",5.42639e+11,"-7.666495387","1.877968474","0.029217776","24.03777391","1.429573298","..",27.0197101107401
"436","Belgium","BEL","2017",5.00909e+11,"-7.444237902","1.474467616","0.020516435","23.53513881","1.404194951","..",26.9396902848068
"437","Belgium","BEL","2016",4.74272e+11,"12.13194202","1.19350273","0.011567822","22.92859825","1.531243801","..",26.8850468337209
"438","Belgium","BEL","2015",4.61045e+11,"-4.232614104","1.474164337","0.015727965","24.42272428","1.474453568","..",26.856761489062
"439","Belgium","BEL","2014",5.37987e+11,"-2.826436236","1.765540381","0.048118822","26.00835691","1.512720346","..",27.0111002332475
"440","Belgium","BEL","2013",5.24097e+11,"-5.655617849","0.305494549","0.039772883","26.07560813","1.604317307","..",26.9849426186397
"441","Belgium","BEL","2012",4.98414e+11,"2.36956901","0.215803612","0.044732367","25.70696784","1.559110403","..",26.9346968939128
"442","Belgium","BEL","2011",5.27197e+11,"31.03668843","1.931155024","0.046560846","24.75377919","1.519928932","..",26.9908401296785
"443","Belgium","BEL","2010",4.81557e+11,"26.05964075","2.710311503","0.027685928","24.46135143","1.473829985","..",26.9002904412405
"444","Belgium","BEL","2009",4.85015e+11,"15.94890567","-1.906441055","0","23.69514823","1.452005267","..",26.9074456552407
"445","Belgium","BEL","2008",5.17328e+11,"36.80292045","0.446905131","0","25.25416988","1.36263752","..",26.97194293969
"446","Belgium","BEL","2007",4.70922e+11,"20.50267401","3.676924625","0","24.78853753","1.347415328","..",26.8779583121533
"447","Belgium","BEL","2006",4.0826e+11,"14.40787139","2.552340873","0.001535044","25.28775048","1.301286578","..",26.7351700632919
"448","Belgium","BEL","2005",3.85715e+11,"8.727177202","2.321737929","5.74329868610464E-05","25.47132993","1.377162457","..",26.6783645917337
"449","Belgium","BEL","2004",3.69215e+11,"12.05211067","3.571206719","0","25.53796126","1.360382557","..",26.6346449671355
"450","Belgium","BEL","2003",3.18083e+11,"10.86487449","1.037955182","0","25.07661801","1.375112772","..",26.4855781919597
"451","Belgium","BEL","2002",2.58384e+11,"7.01242444","1.706894303","0","25.71234509","1.45780158","..",26.2777126874331
"452","Belgium","BEL","2001",2.36746e+11,"37.25646948","1.099603624","0","26.78651211","..","..",26.1902536734105
"453","Belgium","BEL","2000",2.36792e+11,"37.4753123","3.716705107","0","27.27474136","1.446859002","..",26.1904479556018
"454","Belize","BLZ","2023",3066850000,"0.52293169","1.149016821","..","..","-0.226113811","..",21.8439168131551
"455","Belize","BLZ","2022",2846700000,"4.949870644","9.652977724","..","..","-0.236913636","..",21.7694262656121
"456","Belize","BLZ","2021",2420550000,"5.184585867","17.74617012","0.280281956","..","-0.330120027","..",21.6072606240197
"457","Belize","BLZ","2020",2042850000,"3.730220697","-13.90291006","0.135640327","..","-0.193254113","..",21.4376117286474
"458","Belize","BLZ","2019",2388300000,"3.932095704","4.267636896","0.336504089","..","-0.191255376","..",21.5938476527269
"459","Belize","BLZ","2018",2293250000,"5.321776821","1.11057125","0.502364607","..","-0.169633418","..",21.553235862354
"460","Belize","BLZ","2017",2266300000,"1.404563187","-1.812853541","0.383066806","21.34413431","-0.30554679","..",21.5414143826692
"461","Belize","BLZ","2016",2240200000,"1.461182528","0.054551654","0.324173048","20.63817269","-0.229907274","..",21.5298309845419
"462","Belize","BLZ","2015",2193050000,"2.695753581","2.876183795","0.501874228","19.70611484","-0.209489331","..",21.5085591059399
"463","Belize","BLZ","2014",2138250000,"6.598715321","4.030845578","1.668216985","19.86248779","-0.159672827","..",21.4832535744252
"464","Belize","BLZ","2013",2032750000,"4.53807556","4.454326007","2.378159237","18.49372515","0.020539243","..",21.4326553930522
"465","Belize","BLZ","2012",1909400000,"10.17080804","3.737775786","3.61620295","18.43678896","-0.030974895","..",21.3700548935282
"466","Belize","BLZ","2011",1827050000,"5.218714605","-0.244543781","5.391773591","18.3662735","-0.307089061","..",21.3259684812366
"467","Belize","BLZ","2010",1745700000,"5.524997255","1.114035787","3.813659127","18.88480266","-0.023574317","..",21.280421458295
"468","Belize","BLZ","2009",1688500000,"6.445963069","-0.389321468","2.970417883","17.80059224","0.041316897","..",21.2471063977899
"469","Belize","BLZ","2008",1738900000,"9.757228678","-1.682116446","4.547264788","17.07858416","-0.302956253","..",21.2765185663523
"470","Belize","BLZ","2007",1707100000,"8.222935813","3.353248291","2.825299992","17.32950618","-0.324733347","..",21.258061861351
"471","Belize","BLZ","2006",1591150000,"6.83961566","4.511447376","2.156469658","16.66810169","-0.31359604","..",21.1877228621848
"472","Belize","BLZ","2005",1474950000,"8.604255461","2.219538842","0.030235666","16.09363029","-0.201737866","..",21.1118899278585
"473","Belize","BLZ","2004",1400850000,"7.959179524","4.780840488","0","14.8487347","-0.103965633","..",21.0603450321881
"474","Belize","BLZ","2003",1308900000,"-0.834651673","9.666655654","0","14.5081748","-0.10321895","..",20.9924529267619
"475","Belize","BLZ","2002",1244650000,"2.04564953","5.397123855","0","14.46033021","-0.070856519","..",20.9421202028422
"476","Belize","BLZ","2001",1172800000,"5.21613991","4.993967755","0","13.90309516","..","..",20.8826598890967
"477","Belize","BLZ","2000",1138900000,"2.59589533","12.24045958","0","13.02471683","-0.042195026","..",20.8533287212446
"478","Benin","BEN","2023",19673290996,"2.25158091","6.352777385","..","..","-0.049579449","3.5",23.7025277657745
"479","Benin","BEN","2022",17425405084,"2.157705376","6.252947054","..","..","-0.089857288","3.5",23.5811950406112
"480","Benin","BEN","2021",17687623535,"1.956086611","7.155451646","0","..","-0.17053856","3.5",23.5961309966364
"481","Benin","BEN","2020",15686741894,"1.109344141","3.8487924","0.045118241","..","-0.039982349","3.5",23.4760817271886
"482","Benin","BEN","2019",14391686313,"1.516207809","6.865686628","0.097887259","..","-0.32935977","3.5",23.3899165374288
"483","Benin","BEN","2018",14262408090,"1.360735733","6.697253622","0.116502415","..","-0.391633451","3.5",23.3808931079421
"484","Benin","BEN","2017",12701655837,"1.581704952","5.671561952","0.087496552","..","-0.576484859","3.5",23.2649982027783
"485","Benin","BEN","2016",11821065853,"1.11488131","3.339673426","0.051477356","..","-0.529033244","3.5",23.1931490185476
"486","Benin","BEN","2015",11388160997,"1.315011821","1.77815106","0.053374652","..","-0.563740015","3.5",23.1558401436876
"487","Benin","BEN","2014",13284527847,"3.054209933","6.357679098","0","..","-0.6696558","3.5",23.309865875218
"488","Benin","BEN","2013",12517845124,"2.878637471","7.191433721","0","..","-0.745601773","3.5",23.2504210731084
"489","Benin","BEN","2012",11141358116,"2.527057773","4.811223316","0","..","-0.857918382","3.5",23.1339299774797
"490","Benin","BEN","2011",10693321364,"1.508440505","2.963752919","0","..","-0.605445802","3.5",23.0928852119493
"491","Benin","BEN","2010",9535345016,"0.561144748","2.114064726","0","..","-0.665382147","3.5",22.9782712595078
"492","Benin","BEN","2009",9738626517,"-0.193121765","2.319292139","0","..","-0.627268314","3.5",22.9993659299756
"493","Benin","BEN","2008",9787734526,"0.49256299","4.896577084","0","..","-0.514077365","3.5",23.0043958597642
"494","Benin","BEN","2007",8169048383,"1.703869735","5.986349322","0","..","-0.470139265","3.5",22.8236182620454
"495","Benin","BEN","2006",7034111315,"-0.175764668","3.943738828","0","..","-0.587095916","3.5",22.6740371961502
"496","Benin","BEN","2005",6567654954,"-0.133820369","1.713164564","0","..","-0.871326268","3.5",22.6054226733073
"497","Benin","BEN","2004",6190270380,"-0.658688596","4.429684554","0","..","-0.563022554","..",22.5462446028182
"498","Benin","BEN","2003",5349258094,"0.198870349","3.443576776","..","..","-0.577583432","..",22.4002237142195
"499","Benin","BEN","2002",4194342686,"-0.462423415","4.643030871","..","..","-0.795710146","..",22.1570024747195
"500","Benin","BEN","2001",3666222635,"0.456588184","5.333135706","..","..","..","..",22.0224277141981
"501","Benin","BEN","2000",3519991440,"-0.363490759","5.857714205","..","..","-0.7009179","..",21.9817243947353
"502","Bermuda","BMU","2023",8579242000,"1.757822594","4.917215573","..","..","1.251356125","..",22.8726114015553
"503","Bermuda","BMU","2022",7874381000,"0.074847517","6.476225712","..","..","1.270272374","..",22.7868804153941
"504","Bermuda","BMU","2021",7290037000,"0.681418927","4.607429171","0","..","1.279687047","..",22.7097744583999
"505","Bermuda","BMU","2020",6887364000,"6.918729484","-6.827573035","0","..","1.265453935","..",22.652954265314
"506","Bermuda","BMU","2019",7423465000,"0.059134468","0.307106461","0","..","1.176189423","..",22.727911766256
"507","Bermuda","BMU","2018",7225977000,"1.320463261","-0.4328013","0","..","1.178940058","..",22.7009482867163
"508","Bermuda","BMU","2017",7142316000,"-4.033835397","3.611419837","0","..","1.171781301","..",22.6893029304493
"509","Bermuda","BMU","2016",6899911000,"-1.061083159","-0.657206304","0","..","1.15941143","..",22.6547743499157
"510","Bermuda","BMU","2015",6654541000,"-2.150326914","0.7755297","0","..","1.151729107","..",22.6185653157162
"511","Bermuda","BMU","2014",6413988000,"-0.053405783","-3.701067594","0","..","1.220693946","..",22.5817470673082
"512","Bermuda","BMU","2013",6465756000,"0.849151218","-0.279708545","0","..","1.253580928","..",22.5897857796886
"513","Bermuda","BMU","2012",6378188000,"0.74651445","-5.305299107","0","..","1.260530829","..",22.5761498814247
"514","Bermuda","BMU","2011",6312691000,"-4.084882161","-3.742744317","0","..","1.272298098","..",22.5658278885159
"515","Bermuda","BMU","2010",6634526000,"3.356840803","-2.502878289","0","..","1.301772714","..",22.6155530628418
"516","Bermuda","BMU","2009",6.656e+09,"-1.062917926","-5.626697711","0","..","1.317764997","..",22.6187845404653
"517","Bermuda","BMU","2008",6.98e+09,"2.457444723","-1.865955826","0","..","1.27677536","..",22.6663147537207
"518","Bermuda","BMU","2007",6.767e+09,"9.120047167","3.345139709","0","..","1.26187098","..",22.6353236941965
"519","Bermuda","BMU","2006",6.144e+09,"-1.435058594","5.54386638","0","..","1.25131321","..",22.5387418327918
"520","Bermuda","BMU","2005",4868136000,"0.897674182","1.674206114","0","..","1.269663095","..",22.3059769492328
"521","Bermuda","BMU","2004",4484703000,"18.54303395","2.321267223","0","..","1.306410432","..",22.2239381095287
"522","Bermuda","BMU","2003",4186525000,"0.308131446","3.410706677","0","..","1.33278954","..",22.1551368711662
"523","Bermuda","BMU","2002",3937228000,"0.137152332","-1.477790598","0","..","1.310743809","..",22.093742759347
"524","Bermuda","BMU","2001",3680483000,"1.135720502","7.222435538","0","..","..","..",22.0263098305147
"525","Bermuda","BMU","2000",3480219000,"1.922292821","9.317156411","0","..","1.313403845","..",21.9703610597872
"526","Bhutan","BTN","2023",3019253885,"0.394668641","4.882593963","..","..","1.531422734","4.5",21.8282755798623
"527","Bhutan","BTN","2022",2898227744,"0.289904655","5.213867838","..","..","1.514781833","4.5",21.7873652643686
"528","Bhutan","BTN","2021",2768802960,"0.244983575","4.421367389","0","..","1.507002592","4.5",21.74168091934
"529","Bhutan","BTN","2020",2457604334,"-0.113401529","-10.21839742","0","12.28463638","1.618371844","4.5",21.6224528644252
"530","Bhutan","BTN","2019",2735683570,"0.475617042","5.755148512","0","14.49755272","1.572299004","4.5",21.7296471757785
"531","Bhutan","BTN","2018",2583335722,"0.102559427","3.501871857","0","15.80402364","1.59020102","4.5",21.6723473162883
"532","Bhutan","BTN","2017",2591358009,"-0.638806367","2.086845227","0","11.8591945","1.525725126","4.5",21.6754479030453
"533","Bhutan","BTN","2016",2357504761,"0.504099188","8.475943392","0","11.88643007","1.089875937","4.5",21.580869591982
"534","Bhutan","BTN","2015",2187815803,"0.29485818","6.660801289","0","12.14534542","0.989430189","4.5",21.5061695328618
"535","Bhutan","BTN","2014",2089079571,"1.126569427","5.881085507","0","12.50529912","1.305882335","4.5",21.4599894092693
"536","Bhutan","BTN","2013",1943696952,"1.051276592","1.736340395","0","13.30259474","0.912137926","4.5",21.3878576419438
"537","Bhutan","BTN","2012",1973387228,"1.235473364","5.164820127","0","13.58872807","0.953947246","4.5",21.4030173082878
"538","Bhutan","BTN","2011",1977728659,"1.574615139","8.489258484","0","12.4317425","0.854587376","4.5",21.4052148812628
"539","Bhutan","BTN","2010",1708880730,"4.404872013","11.93187384","0","12.1941396","0.938382149","4.5",21.259104449294
"540","Bhutan","BTN","2009",1331343798,"1.374529048","7.667492386","0","8.773628946","0.937309504","4.5",21.0094546435315
"541","Bhutan","BTN","2008",1317517835,"0.238630623","4.529448777","0","8.037875216","0.912390053","4",20.9990153752901
"542","Bhutan","BTN","2007",1255767964,"5.881322974","16.10478365","0","7.162124102","0.92875576","4",20.9510131458873
"543","Bhutan","BTN","2006",942879878.5,"0.649361842","5.640805154","0","8.598554057","0.854816735","4",20.6644494501934
"544","Bhutan","BTN","2005",860391000.2,"0.721867151","6.935071468","0","7.943782507","0.87191695","4",20.5728974952845
"545","Bhutan","BTN","2004",735348490.4,"1.204858664","5.157257362","0","7.341979879","0.893403232","..",20.4158550814085
"546","Bhutan","BTN","2003",651935430.3,"0.516969909","7.786560409","0","8.935209566","1.087011099","..",20.2954560817046
"547","Bhutan","BTN","2002",559345263.7,"0.4336159","10.44377972","0","8.880442403","0.449922442","..",20.1422774857144
"548","Bhutan","BTN","2001",496110225.7,"..","7.328374357","0","8.188499087","..","..",20.0223086892338
"549","Bhutan","BTN","2000",460733418.4,"..","3.355068382","0","9.548394274","0.574339628","..",19.9483301655866
"550","Bolivia","BOL","2023",45135398003,"0.532051145","3.08196521","..","..","-0.838301063","..",24.5329326537146
"551","Bolivia","BOL","2022",44008282880,"0.014172287","3.605680426","..","..","-0.889700353","..",24.5076437004211
"552","Bolivia","BOL","2021",40406111693,"1.444277611","6.111372697","1.263351874","..","-0.883800149","..",24.4222468900016
"553","Bolivia","BOL","2020",36629843806,"-3.083516483","-8.737884358","0.497346306","..","-0.844824612","..",24.3241291496276
"554","Bolivia","BOL","2019",40895322851,"-0.529735011","2.21670564","1.030319168","..","-0.781365752","..",24.4342815377348
"555","Bolivia","BOL","2018",40287647931,"0.750524781","4.223623653","1.44989529","..","-0.688641131","..",24.4193107559646
"556","Bolivia","BOL","2017",37508642171,"1.899493281","4.195206334","1.029867577","..","-0.701330721","..",24.3478372012648
"557","Bolivia","BOL","2016",33941126194,"0.988080149","4.263920864","0.788114698","..","-0.77488637","..",24.2478932781112
"558","Bolivia","BOL","2015",33000198249,"1.68072788","4.85718718","1.140247314","..","-0.717874646","3",24.2197794059403
"559","Bolivia","BOL","2014",32996188017,"1.989824856","5.460569506","3.033323558","..","-0.628802955","3.5",24.2196578771042
"560","Bolivia","BOL","2013",30659338886,"5.706622119","6.796011428","3.318388378","..","-0.587968886","3.5",24.1462031474048
"561","Bolivia","BOL","2012",27084497482,"3.913550146","5.122275581","3.585827067","..","-0.727891862","3.5",24.0222273525151
"562","Bolivia","BOL","2011",23963164697,"3.584422514","5.204092443","3.578821298","..","-0.573696494","3.5",23.8997836839841
"563","Bolivia","BOL","2010",19649723722,"3.165428676","4.126722591","2.811204142","..","-0.458648711","3.5",23.7013291152137
"564","Bolivia","BOL","2009",17339992194,"2.439678146","3.356999574","1.999018541","..","-0.631416976","3.5",23.5762813581257
"565","Bolivia","BOL","2008",16674276286,"3.072610748","6.148497875","5.133588986","..","-0.528391659","3.5",23.5371330266668
"566","Bolivia","BOL","2007",13120108008,"2.791853857","4.564384269","4.874828331","16.96486574","-0.402193725","3.5",23.2974118527455
"567","Bolivia","BOL","2006",11451844902,"2.451687561","4.797008824","6.905111134","16.81616816","-0.431123644","3.5",23.1614166807794
"568","Bolivia","BOL","2005",9549122905,"-2.498868245","4.421433127","7.330803","16.2151641","-0.741979063","3",22.9797151448129
"569","Bolivia","BOL","2004",8773451752,"0.745772609","4.173295589","5.088680927","15.0163488","-0.809159338","..",22.8949961522127
"570","Bolivia","BOL","2003",8082399640,"2.442343967","2.711339837","3.578409761","12.97300032","-0.853618503","..",22.8129546505366
"571","Bolivia","BOL","2002",7905485146,"8.557893506","2.485565738","3.201434367","13.18410498","-0.940807521","..",22.7908226777677
"572","Bolivia","BOL","2001",8141516928,"8.668605694","1.683799127","2.701914545","11.78254605","..","..",22.8202423543901
"573","Bolivia","BOL","2000",8397855485,"8.768309973","2.507810809","3.200719159","12.33080288","-0.483501077","..",22.8512422107965
"574","Bosnia and Herzegovina","BIH","2023",27592361388,"3.751684073","1.994395203","..","19.05868529","-0.581560016","..",24.0408048100597
"575","Bosnia and Herzegovina","BIH","2022",24534663636,"3.470413489","4.226811011","..","19.09105987","-0.684315622","..",23.9233527968365
"576","Bosnia and Herzegovina","BIH","2021",23672712242,"3.242308168","7.38996234","0","19.0981492","-0.66607517","..",23.8875888395437
"577","Bosnia and Herzegovina","BIH","2020",20226036564,"2.389390484","-3.015095148","0","18.75064473","-0.643099904","..",23.7302365501969
"578","Bosnia and Herzegovina","BIH","2019",20482608755,"2.186613775","2.887343344","0","19.82659719","-0.647259772","..",23.7428420096207
"579","Bosnia and Herzegovina","BIH","2018",20484053869,"2.937813584","3.827499205","0","20.14102254","-0.60617435","..",23.7429125603519
"580","Bosnia and Herzegovina","BIH","2017",18326373366,"2.77975919","3.244100959","0","19.98764986","-0.554221451","..",23.6316070268495
"581","Bosnia and Herzegovina","BIH","2016",17116926328,"1.829756975","3.242255212","0","19.71374557","-0.486797899","..",23.5633336546254
"582","Bosnia and Herzegovina","BIH","2015",16404348871,"2.335293029","4.314750611","0","19.70001004","-0.417883575","..",23.5208123116848
"583","Bosnia and Herzegovina","BIH","2014",18558733564,"2.935902623","1.153851092","0","19.77790177","-0.30006659","..",23.6442063272781
"584","Bosnia and Herzegovina","BIH","2013",18179108531,"1.723379382","2.349856663","0","19.75154464","-0.244675368","3",23.6235388887949
"585","Bosnia and Herzegovina","BIH","2012",17226735996,"2.275398813","-0.821836474","0","20.47753994","-0.309364051","3",23.5697284322802
"586","Bosnia and Herzegovina","BIH","2011",18644233537,"2.529527381","0.959511247","0","20.30566528","-0.326692939","3",23.6488027414995
"587","Bosnia and Herzegovina","BIH","2010",17176315804,"2.584024491","0.86566926","0","19.6856764","-0.336401552","3",23.5667972837069
"588","Bosnia and Herzegovina","BIH","2009",17613949091,"0.786371182","-3.00445593","0","18.94628598","-0.379986048","3",23.5919569870678
"589","Bosnia and Herzegovina","BIH","2008",19112796623,"5.257486278","5.443831035","0","20.3021135","-0.360781223","3",23.6736239279242
"590","Bosnia and Herzegovina","BIH","2007",15778734264,"11.67376419","5.857126342","0","21.39427004","-0.374117345","3",23.4819289377402
"591","Bosnia and Herzegovina","BIH","2006",12864841906,"6.575773589","5.414003571","0","21.68995521","-0.3014144","3",23.2777639939144
"592","Bosnia and Herzegovina","BIH","2005",11222796337,"5.558444017","3.89717799","0","19.88609273","-0.232808679","3",23.1412129338855
"593","Bosnia and Herzegovina","BIH","2004",10156541538,"8.758860397","6.325266169","0","..","-0.324706376","..",23.0413838213444
"594","Bosnia and Herzegovina","BIH","2003",8498894359,"4.49216829","3.867138795","0","..","-0.282097161","..",22.8632019165704
"595","Bosnia and Herzegovina","BIH","2002",6728220887,"3.979797534","5.027444207","0","..","-0.387543082","..",22.6295765900829
"596","Bosnia and Herzegovina","BIH","2001",5800615466,"2.042804259","2.423313172","0","..","..","..",22.4812298636966
"597","Bosnia and Herzegovina","BIH","2000",5567772769,"2.62359146","5.41431595","0","..","-0.595849037","..",22.4402609489805
"598","Botswana","BWA","2023",19411266967,"3.427996644","3.208068122","..","18.71332783","0.685792089","..",23.689119505928
"599","Botswana","BWA","2022",20321150598,"3.492047052","5.486017064","..","19.6495295","0.661908507","..",23.7349280819709
"600","Botswana","BWA","2021",18750182235,"-1.701614702","11.91627241","0","22.23042022","0.665120006","..",23.6544693085156
"601","Botswana","BWA","2020",14960251611,"0.212513875","-8.728882411","0","22.27470503","0.610775888","..",23.4286626282684
"602","Botswana","BWA","2019",16725908149,"0.559653498","3.031773371","0","21.098551","0.685445845","..",23.5402247403804
"603","Botswana","BWA","2018",17031943186,"1.678933864","4.18869239","0","21.74049457","0.719060421","..",23.558356428811
"604","Botswana","BWA","2017",16105155857,"1.617960929","4.11437856","0","23.93349631","0.712409794","..",23.5024052972363
"605","Botswana","BWA","2016",15082637184,"0.944944817","7.204424759","0","21.63005532","0.866951287","..",23.4368100638122
"606","Botswana","BWA","2015",13530748845,"2.797732675","-4.851325046","0","26.31109885","0.780862451","..",23.3282306246042
"607","Botswana","BWA","2014",15470088501,"3.330197309","5.69714422","0","27.09282997","0.812723756","..",23.4621742223295
"608","Botswana","BWA","2013",14271738933,"0.470417841","11.10290688","0","26.74039063","0.893460572","..",23.3815471203662
"609","Botswana","BWA","2012",13907464500,"1.050401065","-0.170857117","0","28.03657766","0.90651536","..",23.3556915473309
"610","Botswana","BWA","2011",15110643612,"1.94040749","6.838410501","0","24.04532616","0.966567457","..",23.4386652074265
"611","Botswana","BWA","2010",12637273429,"1.728061348","10.11972333","0","23.88336421","1.003351092","..",23.2599164926654
"612","Botswana","BWA","2009",10118459242,"2.062560052","-14.14423462","0","27.68681402","0.927733779","..",23.0376272404005
"613","Botswana","BWA","2008",10730829116,"4.854404973","3.252072958","0","27.92089988","1.022529721","..",23.0963866614332
"614","Botswana","BWA","2007",10567270656,"4.68081345","5.792555777","0","26.61745627","0.993910909","..",23.0810273874018
"615","Botswana","BWA","2006",9919158482,"4.908814694","8.363871093","0","27.52644024","0.93653053","..",23.0177339242013
"616","Botswana","BWA","2005",9918907108,"4.242949051","4.556645653","0","..","1.160792708","..",23.0177085816095
"617","Botswana","BWA","2004",8957467707,"4.363836574","2.705821706","0","..","0.875725925","..",22.9157534020015
"618","Botswana","BWA","2003",7511582173,"5.565281275","4.62589475","0","..","1.244919538","..",22.7397119560328
"619","Botswana","BWA","2002",5438863983,"7.501518584","6.069530876","0","..","0.624537587","..",22.4168360493525
"620","Botswana","BWA","2001",5489608300,"0.558884524","0.25057395","0","..","..","..",22.4261227420172
"621","Botswana","BWA","2000",5788329609,"0.987700169","1.987695834","0","..","0.858368933","..",22.4791095910535
"622","Brazil","BRA","2023",2.19113e+12,"2.849754682","3.241655329","..","14.04186242","-0.503643155","..",28.4154385084193
"623","Brazil","BRA","2022",1.95192e+12,"3.822196153","3.016694354","..","14.72584792","-0.566354334","..",28.299834619473
"624","Brazil","BRA","2021",1.67065e+12,"2.779790849","4.762604379","2.604457337","14.13667513","-0.499217957","..",28.144233888187
"625","Brazil","BRA","2020",1.47611e+12,"2.592637953","-3.276758796","1.078727786","12.71938786","-0.429083496","..",28.0204313650752
"626","Brazil","BRA","2019",1.87329e+12,"3.692673213","1.220777824","1.676131158","13.73769484","-0.407892704","..",28.2587173592259
"627","Brazil","BRA","2018",1.91693e+12,"4.078588215","1.783666762","1.901115317","13.94010799","-0.480954379","..",28.2817460639367
"628","Brazil","BRA","2017",2.06351e+12,"3.338259817","1.322869054","1.128368539","13.60522851","-0.559814632","..",28.3554295322625
"629","Brazil","BRA","2016",1.79569e+12,"4.137378039","-3.275916908","0.832280474","13.71043098","-0.446095586","..",28.2164104651198
"630","Brazil","BRA","2015",1.80221e+12,"3.592149318","-3.545763393","1.039269879","13.62962937","-0.457840711","..",28.2200348055057
"631","Brazil","BRA","2014",2.45604e+12,"3.57135267","0.50395574","1.86374491","13.49007452","-0.36611709","..",28.5295714127258
"632","Brazil","BRA","2013",2.47282e+12,"3.041509016","3.004822669","1.823324291","14.12530574","-0.097959608","..",28.536380315729
"633","Brazil","BRA","2012",2.46523e+12,"3.754962856","1.921175986","2.043708176","14.33241109","-0.046854232","..",28.5333062253585
"634","Brazil","BRA","2011",2.61616e+12,"3.915180114","3.974423079","2.046287205","14.85129878","0.168382421","..",28.5927287097327
"635","Brazil","BRA","2010",2.20884e+12,"3.730012884","7.528225818","1.494367656","14.24957596","0.043806359","..",28.423488606779
"636","Brazil","BRA","2009",1.667e+12,"1.888482241","-0.125812002","1.330484982","..","-0.079985611","..",28.1420467196972
"637","Brazil","BRA","2008",1.69586e+12,"2.990609469","5.094195447","2.442437147","..","0.003437368","..",28.1592111027212
"638","Brazil","BRA","2007",1.39711e+12,"3.190826013","6.069870607","2.067082865","..","-0.083988786","..",27.965426933261
"639","Brazil","BRA","2006",1.10763e+12,"1.753125704","3.961988711","2.445565602","..","-0.120479897","..",27.7332437134669
"640","Brazil","BRA","2005",8.91634e+11,"1.733893546","3.202132061","2.36913017","..","-0.15374814","..",27.5163215714233
"641","Brazil","BRA","2004",6.69289e+11,"2.713531663","5.759964637","1.88707134","..","-0.027268711","..",27.2294817918365
"642","Brazil","BRA","2003",5.58234e+11,"1.813400524","1.140828998","1.738186651","..","0.090239018","..",27.0480440662618
"643","Brazil","BRA","2002",5.09795e+11,"3.253580613","3.053461859","1.679332383","..","0.081942312","..",26.9572745210726
"644","Brazil","BRA","2001",5.59984e+11,"4.147593774","1.389896401","1.271476959","..","..","..",27.0511740488389
"645","Brazil","BRA","2000",6.55448e+11,"5.033916805","4.387949447","1.411798708","..","0.013238784","..",27.2085848082468
"646","Brunei Darussalam","BRN","2023",15095084686,"-0.370504515","1.127644192","..","..","1.278036118","..",23.4376350102915
"647","Brunei Darussalam","BRN","2022",16681536443,"-1.73946798","-1.62833154","..","..","1.175192595","..",23.5375683425246
"648","Brunei Darussalam","BRN","2021",14006496614,"1.474049829","-1.590762481","10.37340344","..","1.216532826","..",23.3627871027838
"649","Brunei Darussalam","BRN","2020",12005799664,"4.710575649","1.133573406","3.458117812","..","1.248015285","..",23.2086556753133
"650","Brunei Darussalam","BRN","2019",13469235348,"2.771180083","3.868844164","9.000494713","..","0.76798594","..",23.3236740587195
"651","Brunei Darussalam","BRN","2018",13566908401,"3.804865525","0.052371054","11.04647686","..","0.760663569","..",23.3308994588236
"652","Brunei Darussalam","BRN","2017",12128168047,"3.858188215","1.328726513","8.335820391","..","0.675679505","..",23.2187965218685
"653","Brunei Darussalam","BRN","2016",11400266055,"-1.320590472","-2.477917765","6.610768627","..","0.531200409","..",23.1569025302324
"654","Brunei Darussalam","BRN","2015",12930296852,"1.324711797","-0.392383488","7.679414032","..","0.535382152","..",23.282838987858
"655","Brunei Darussalam","BRN","2014",17097797372,"3.356609014","-2.507887216","14.67265484","..","0.526229799","..",23.5622154835035
"656","Brunei Darussalam","BRN","2013",18094148099,"4.286700848","-2.124783186","16.49628952","..","0.639075398","..",23.6188544134949
"657","Brunei Darussalam","BRN","2012",19048443340,"4.540557538","0.913135324","20.24054167","..","0.538632572","..",23.6702512207446
"658","Brunei Darussalam","BRN","2011",18524791071,"3.731055683","3.744406387","24.19257556","..","0.854477346","..",23.6423757298463
"659","Brunei Darussalam","BRN","2010",13707121031,"3.50710079","2.741364335","20.38085707","..","0.857778549","..",23.3411813180246
"660","Brunei Darussalam","BRN","2009",11912904529,"2.733059994","-1.900253862","16.69188095","..","0.984291792","..",23.2008880637132
"661","Brunei Darussalam","BRN","2008",15926456492,"1.395065811","-3.900710821","26.31493928","..","0.482722253","..",23.4912474936887
"662","Brunei Darussalam","BRN","2007",13432029496,"1.918069921","-3.763623476","27.52368635","..","0.209355533","..",23.3209079526692
"663","Brunei Darussalam","BRN","2006",12644616446,"0.694676099","4.09841261","30.50035667","..","0.201880708","..",23.2604973841449
"664","Brunei Darussalam","BRN","2005",10547202612,"1.659857338","-0.003925189","25.95672963","..","0.239500239","..",23.079126506448
"665","Brunei Darussalam","BRN","2004",8619178799,"1.313418245","0.10453844","19.77800854","..","0.39448899","..",22.8772556501465
"666","Brunei Darussalam","BRN","2003",7167725265,"1.727478476","3.583428926","16.68761077","..","0.294731706","..",22.692854183899
"667","Brunei Darussalam","BRN","2002",6333082879,"3.626542713","3.961439117","16.10969992","..","0.291513354","..",22.5690529812418
"668","Brunei Darussalam","BRN","2001",6096155748,"0.995621604","1.466060511","16.7426834","..","..","..",22.530924204217
"669","Brunei Darussalam","BRN","2000",6570999060,"8.364135271","3.47467625","23.48963055","..","0.352338552","..",22.6059317218093
"670","Bulgaria","BGR","2023",1.02397e+11,"5.447316523","1.886814839","..","20.47501976","-0.137721658","..",25.3521232522477
"671","Bulgaria","BGR","2022",90509236929,"5.591539794","4.038777583","..","21.72561584","-0.158206031","..",25.2287177479578
"672","Bulgaria","BGR","2021",84414122840,"2.766480207","7.780614814","0.019392646","20.58214782","-0.258131921","..",25.1590005567773
"673","Bulgaria","BGR","2020",70550652467,"4.692600117","-3.215737434","0.009673336","20.17840551","-0.322349757","..",24.9795967634945
"674","Bulgaria","BGR","2019",68634004792,"3.236369503","3.788850365","0.018498341","20.55721271","-0.181220517","..",24.9520539455376
"675","Bulgaria","BGR","2018",66251582036,"2.731798916","2.549464347","0.021568305","19.93698055","-0.188220024","..",24.9167251813163
"676","Bulgaria","BGR","2017",59167647388,"3.392546584","2.745926447","0.015053995","20.52322466","-0.196330279","..",24.8036407326282
"677","Bulgaria","BGR","2016",53929397039,"2.759960396","3.026628931","0.010736779","20.33302996","-0.260855675","..",24.7109415657954
"678","Bulgaria","BGR","2015",50765918159,"4.375750662","3.397553259","0.014848489","20.07780364","-0.346440643","..",24.6504910639932
"679","Bulgaria","BGR","2014",57080897012,"1.91587739","0.949448985","0.030965508","19.56662077","-0.303166449","..",24.7677353444281
"680","Bulgaria","BGR","2013",55819262375,"3.563357729","-0.542751603","0.034005616","19.68628224","-0.327892512","..",24.7453848506176
"681","Bulgaria","BGR","2012",54297052002,"3.293199049","0.748814897","0.037776158","18.38533526","-0.281460792","..",24.7177357714733
"682","Bulgaria","BGR","2011",57681293007,"3.647300347","2.09017527","0.036727852","17.88271515","-0.26926437","..",24.7781987465755
"683","Bulgaria","BGR","2010",50689051382,"3.635696368","1.555359635","0.02532916","17.87143156","-0.237023547","..",24.6489757751502
"684","Bulgaria","BGR","2009",52023801230,"7.490157326","-3.347141367","0.021653353","18.58649864","-0.229267567","..",24.6749671667694
"685","Bulgaria","BGR","2008",54480684188,"18.89976381","6.129558799","0.038592844","21.97387982","-0.274787337","..",24.7211120572257
"686","Bulgaria","BGR","2007",44431257129,"31.22862452","6.654387649","0.03206793","21.7606133","-0.231792405","..",24.5172090480922
"687","Bulgaria","BGR","2006",34380536496,"22.90387835","6.802588987","0.037211467","21.81202041","-0.110585965","..",24.2607564416659
"688","Bulgaria","BGR","2005",29868657858,"13.72047901","7.056349212","0.037174268","20.88552199","0.018745424","..",24.1200755353896
"689","Bulgaria","BGR","2004",26157743369,"11.74623865","6.510425174","0.028655076","21.02957099","0.06820406","..",23.9874110971617
"690","Bulgaria","BGR","2003",21144957990,"9.916258528","5.237153635","0.016183035","20.11518615","-0.087321013","..",23.7746673211108
"691","Bulgaria","BGR","2002",16403043850,"5.515194615","5.87193119","0.021052623","18.14766581","-0.171931699","..",23.5207327551647
"692","Bulgaria","BGR","2001",14183446026,"5.731626859","3.823704374","0.019228425","19.78049413","..","..",23.375341348695
"693","Bulgaria","BGR","2000",13245990274,"7.56080762","4.58722551","0.074139153","20.45799307","-0.178624526","..",23.3069607227495
"694","Burkina Faso","BFA","2023",20324617845,"0.538454185","2.960181474","..","18.35797988","-0.169615507","3",23.7350986899895
"695","Burkina Faso","BFA","2022",18820218691,"3.5586103","1.497239741","..","17.67305174","-0.11163947","3.5",23.6581975911743
"696","Burkina Faso","BFA","2021",19697516284,"-0.405926078","6.942524926","0","16.01978778","-0.082507454","3.5",23.7037583877877
"697","Burkina Faso","BFA","2020",17725010533,"-0.557279534","2.010772624","0","13.74237017","-0.122198515","3.5",23.5982425036098
"698","Burkina Faso","BFA","2019",16032813503,"1.016478737","5.889204971","0","15.64060786","-0.2194933","3.5",23.4979033030141
"699","Burkina Faso","BFA","2018",15890066221,"1.689199429","6.604569068","0","15.29241208","-0.131607041","3.5",23.4889599849502
"700","Burkina Faso","BFA","2017",14106955615,"0.018237034","6.203489411","0","15.26072123","-0.138780206","3.5",23.3699338187235
"701","Burkina Faso","BFA","2016",12833363045,"3.043803499","5.957976708","0","14.1391533","-0.169877484","3.5",23.2753141047642
"702","Burkina Faso","BFA","2015",11832159316,"1.959927157","3.921228794","0","13.2802007","-0.299044788","3.5",23.1940870271054
"703","Burkina Faso","BFA","2014",13943016077,"2.562551548","4.326845615","0","13.66382751","-0.466838807","3.5",23.3582445802103
"704","Burkina Faso","BFA","2013",13444300486,"3.647667731","5.792584845","0","14.94864196","-0.525527596","3.5",23.3218210974967
"705","Burkina Faso","BFA","2012",12561015157,"2.621459905","6.45267238","0","13.88996243","-0.482446641","3.5",23.2538638193222
"706","Burkina Faso","BFA","2011",12080295978,"1.190744934","6.622562613","0","12.21949136","-0.378650427","3.5",23.214841530643
"707","Burkina Faso","BFA","2010",10109619741,"0.38449222","8.446281577","0","11.31006465","-0.356885225","3.5",23.0367532571053
"708","Burkina Faso","BFA","2009",9450696873,"0.59946894","2.961950859","0","11.12763173","-0.345606595","3.5",22.9693543189078
"709","Burkina Faso","BFA","2008",9451435490,"0.351169723","5.799991741","0","10.54887635","-0.309015125","3",22.9694324706196
"710","Burkina Faso","BFA","2007",7625722837,"0.284717939","4.111379018","0","11.27918912","-0.329598039","3",22.7547929532419
"711","Burkina Faso","BFA","2006",6547419820,"1.280645787","6.253164688","0","10.77840826","-0.310118109","3",22.6023368883758
"712","Burkina Faso","BFA","2005",6146353173,"0.848145875","8.661873228","0","10.44973408","-0.105527252","3.5",22.5391247628827
"713","Burkina Faso","BFA","2004",5451688538,"0.263190384","4.478452137","0","11.29101966","-0.149054155","..",22.4191912211224
"714","Burkina Faso","BFA","2003",4740768143,"0.614299395","7.802493889","0","9.861311204","-0.107514307","..",22.2794650150091
"715","Burkina Faso","BFA","2002",3622350063,"0.414815789","4.35296383","0","9.661383768","0.120319605","..",22.0103888408263
"716","Burkina Faso","BFA","2001",3190371081,"0.19643671","6.613405745","0","..","..","..",21.8834030733101
"717","Burkina Faso","BFA","2000",2968370088,"0.778458188","1.888473889","0","..","0.124697194","..",21.8112788472004
"718","Burundi","BDI","2023",2629391600,"1.297942214","2.665539604","..","..","-1.556025982","1.5",21.6900183255765
"719","Burundi","BDI","2022",3338722828,"0.757355123","1.848999439","..","..","-1.518181205","2",21.9288541839802
"720","Burundi","BDI","2021",2775798697,"0.806162274","3.099999999","0","15.63624548","-1.599664927","1.5",21.7442043614717
"721","Burundi","BDI","2020",2649680261,"0.801085827","0.327156893","0","15.78782277","-1.563401699","1.5",21.6977048134386
"722","Burundi","BDI","2019",2576518880,"1.175605937","1.812565324","0","15.05939438","-1.4969697","1.5",21.6697050534759
"723","Burundi","BDI","2018",2667182200,"0.249834168","1.609935421","0","..","-1.478271365","1.5",21.7042883962733
"724","Burundi","BDI","2017",2723586963,"8.114501839","0.500001262","0","14.36838242","-1.318501472","1.5",21.7252155848822
"725","Burundi","BDI","2016",2644487777,"0.002097065","-0.600000909","0","13.86338595","-1.278763294","2",21.6957432264139
"726","Burundi","BDI","2015",3104003546,"0.237127555","-3.90000008","0","13.12815489","-1.287038207","2",21.8559585816636
"727","Burundi","BDI","2014",2705783330,"3.390075785","4.240650214","0","13.69002672","-1.268246889","2.5",21.7186572932749
"728","Burundi","BDI","2013",2451606632,"4.761250642","4.924189898","0","13.48786653","-1.426513433","2",21.6200094147443
"729","Burundi","BDI","2012",2333341334,"0.025925039","4.446706331","0","14.49615522","-1.468606353","2",21.5705671261849
"730","Burundi","BDI","2011",2235820809,"0.150056711","4.032599988","0","15.53175099","-1.208371162","2",21.5278742499403
"731","Burundi","BDI","2010",2032135192,"0.038411913","5.124159994","0","13.85595713","-1.168900132","2",21.4323528959456
"732","Burundi","BDI","2009",1781455140,"0.0195573","3.812745366","0","..","-1.132561207","2",21.3006963616659
"733","Burundi","BDI","2008",1611835857,"0.237816297","4.861716367","0","..","-1.088232398","2",21.2006396501639
"734","Burundi","BDI","2007",1356199387,"0.036885807","3.451948564","0","..","-1.166984916","2",21.0279520562157
"735","Burundi","BDI","2006",1273375078,"0.002481105","5.413807145","0","..","-1.101503611","2.5",20.964936754129
"736","Burundi","BDI","2005",1117113080,"0.052340421","0.900000001","0","..","-0.95718044","3",20.8340135873616
"737","Burundi","BDI","2004",915257323.4,"0.004882857","4.833657768","0","..","-0.97840488","..",20.6347158114622
"738","Burundi","BDI","2003",784654423.6,"..","-1.22372796","0","..","-0.874153018","..",20.480753954106
"739","Burundi","BDI","2002",825394519.4,"..","4.446519412","0","..","-0.759896934","..",20.5313720353286
"740","Burundi","BDI","2001",876794723.1,"-0.001304856","2.055807108","0","..","..","..",20.5917834557777
"741","Burundi","BDI","2000",870486065.9,"1.342152443","-0.856864058","0","..","-0.82470423","..",20.5845623100369
"742","Cabo Verde","CPV","2023",2539203429,"6.251405189","5.391144274","..","..","0.984857202","4.5",21.6551162581608
"743","Cabo Verde","CPV","2022",2247003344,"5.430144521","15.84367568","..","..","0.959875286","4.5",21.532863318355
"744","Cabo Verde","CPV","2021",2051842619,"4.457304982","7.033530107","0","..","1.016379118","4.5",21.4420040649199
"745","Cabo Verde","CPV","2020",1821565614,"3.712184915","-20.8052759","0","18.38570329","0.846103609","4.5",21.322962195724
"746","Cabo Verde","CPV","2019",2252177124,"5.457887557","6.947826341","0","18.22403324","0.851012945","4.5",21.535163195996
"747","Cabo Verde","CPV","2018",2205099507,"4.69595736","3.706964583","0","18.93160634","0.755423963","4.5",21.5140384727181
"748","Cabo Verde","CPV","2017",1996741540,"5.594696735","4.55131481","0","17.80363837","0.796454072","4",21.4147824588679
"749","Cabo Verde","CPV","2016",1849789986,"6.828451179","4.280714827","0","16.72527813","0.844147325","4",21.3383379485116
"750","Cabo Verde","CPV","2015",1749857620,"5.490245133","0.936026508","0","17.13559678","0.929722607","4.5",21.2828002615719
"751","Cabo Verde","CPV","2014",2041930125,"8.844073221","0.69666684","0","15.5325589","0.970862925","4.5",21.4371613372004
"752","Cabo Verde","CPV","2013",2028910915,"4.401250115","0.632136727","0","16.27035546","0.851966083","4.5",21.4307649909612
"753","Cabo Verde","CPV","2012",1913081210,"6.691298","1.083648484","0","16.28108273","0.885680318","4.5",21.3719809781501
"754","Cabo Verde","CPV","2011",2046817987,"4.99538224","3.924718213","0","17.98708302","0.924242795","4.5",21.4395522227206
"755","Cabo Verde","CPV","2010",1824751468,"6.368021378","1.83641915","0","16.82243285","0.877152562","4.5",21.3247096327895
"756","Cabo Verde","CPV","2009",1852334575,"6.802418631","-1.503586724","0","16.88359364","0.892971933","4.5",21.3397126129016
"757","Cabo Verde","CPV","2008",1959620648,"10.76247535","7.039011296","0","19.41944637","0.900168598","4.5",21.3960167445174
"758","Cabo Verde","CPV","2007",1649621739,"11.62474734","15.17068797","0","19.17576553","0.918705285","4.5",21.2238118494864
"759","Cabo Verde","CPV","2006",1107571458,"11.87643173","7.983750448","0","22.74176634","0.838406205","4.5",20.8254355796983
"760","Cabo Verde","CPV","2005",972241676.9,"8.281227111","6.912457957","0","21.0767999","0.590595901","4.5",20.6951149703052
"761","Cabo Verde","CPV","2004",924940011.8,"7.312720062","10.19707263","0","..","0.338964373","..",20.6452394412656
"762","Cabo Verde","CPV","2003",813260468.9,"4.822134152","4.176259326","0","..","0.478955358","..",20.5165619961522
"763","Cabo Verde","CPV","2002",620507387.5,"2.378544877","5.25089117","0","..","0.495939344","..",20.2460480682593
"764","Cabo Verde","CPV","2001",563090490.4,"1.600131126","2.231654545","0","..","..","..",20.1489509021405
"765","Cabo Verde","CPV","2000",539227277.6,"6.342824223","14.28486885","0","..","1.127157092","..",20.1056477053036
"766","Cambodia","KHM","2023",42335646896,"9.35096702","5.007330438","..","12.20354206","-1.299216747","2",24.4688952843302
"767","Cambodia","KHM","2022",39994532960,"8.948301258","5.129901108","..","13.51873839","-1.2416116","2",24.4120086057193
"768","Cambodia","KHM","2021",36790163687,"9.468459111","3.089842842","0.041031757","11.99276989","-1.197975516","2",24.3284963552785
"769","Cambodia","KHM","2020",34818073901,"10.41023981","-3.555721934","0.000136728","13.29020846","-1.272041559","1.5",24.2734024538748
"770","Cambodia","KHM","2019",36685356408,"9.985000442","7.936950136","0","14.57064596","-1.323499918","1.5",24.3256435044257
"771","Cambodia","KHM","2018",33145892169,"9.692403","8.776223762","0","12.64107231","-1.357102275","1.5",24.2241846294294
"772","Cambodia","KHM","2017",29355665910,"9.497602031","8.075039155","0","11.92783662","-1.316545367","2",24.1027514109268
"773","Cambodia","KHM","2016",26556545153,"9.323185073","7.905501161","0","11.17487652","-1.301627874","2",24.0025420760231
"774","Cambodia","KHM","2015",24174170369,"7.54029662","7.207034725","0","10.88849293","-1.153561711","2",23.908550559972
"775","Cambodia","KHM","2014",22041463968,"8.409020203","8.000320746","0","11.08378845","-1.147173643","2",23.8161912422557
"776","Cambodia","KHM","2013",19807135253,"10.44305876","7.857499755","0","9.286384255","-1.064033985","2",23.7093080760437
"777","Cambodia","KHM","2012",17826536700,"11.15249124","7.650256579","0","8.737433282","-1.080681562","2",23.6039540099096
"778","Cambodia","KHM","2011",16032622024,"9.598451349","7.286658139","0","8.125935343","-1.255649567","2",23.4978913599984
"779","Cambodia","KHM","2010",13808673288,"10.16980719","5.076918432","0","8.143934511","-1.249007821","2",23.3485627308171
"780","Cambodia","KHM","2009",12502901170,"7.425425545","4.074778506","..","8.026520166","-1.181240082","2",23.2492265479251
"781","Cambodia","KHM","2008",12174303999,"6.695908185","7.476366066","0","8.97517319","-1.241710544","2.5",23.2225933378744
"782","Cambodia","KHM","2007",10127916460,"8.563346095","10.3984581","0","8.271641244","-1.151689529","2.5",23.038561453894
"783","Cambodia","KHM","2006",8350531017,"5.786570719","10.94336007","0","7.125010827","-1.260385513","2.5",22.8455909686374
"784","Cambodia","KHM","2005",7066296463,"5.366038526","13.30333384","0","7.029501432","-1.223739982","2.5",22.6786023412727
"785","Cambodia","KHM","2004",5883297160,"2.233717348","9.457694811","0","7.364681064","-1.058346272","..",22.4953831831968
"786","Cambodia","KHM","2003",5046693484,"1.61651685","10.28368131","0","6.957652695","-0.989836037","..",22.341999110144
"787","Cambodia","KHM","2002",4501227627,"2.909347732","6.265072805","0","7.778541231","-0.990784228","..",22.2276160025179
"788","Cambodia","KHM","2001",4145665970,"3.533376691","7.389710651","0","..","..","..",22.1453292809029
"789","Cambodia","KHM","2000",3694168979,"3.202575924","9.993580323","0","..","-0.967182696","..",22.030021461857
"790","Cameroon","CMR","2023",49279410983,"1.667118918","3.248344978","..","..","-1.162559748","3",24.6207722036449
"791","Cameroon","CMR","2022",44347206073,"2.087350322","3.736784006","..","..","-1.129714251","3",24.515315546491
"792","Cameroon","CMR","2021",45011937347,"2.140613269","3.338857472","2.361599532","11.34151572","-1.115983486","3",24.5301935659155
"793","Cameroon","CMR","2020",40773241177,"1.655956147","0.259932916","1.280587793","10.87058281","-1.139536023","3",24.4312918496856
"794","Cameroon","CMR","2019",39667757528,"2.583406025","3.475059982","2.422693976","12.02827276","-1.217361093","2.5",24.4038045417176
"795","Cameroon","CMR","2018",39955552190,"1.914857813","3.955514239","2.784301337","12.34694571","-1.163068771","2.5",24.4110334779752
"796","Cameroon","CMR","2017",36098547033,"2.256209759","3.541176549","2.197075628","11.87594119","-1.225168586","2.5",24.3095184530819
"797","Cameroon","CMR","2016",33814337044,"1.963349435","4.535794237","1.555469401","11.65203139","-1.179418206","2.5",24.2441507223989
"798","Cameroon","CMR","2015",32210233020,"2.15564021","5.666952987","1.896643445","12.11096959","-1.096586347","2.5",24.1955500346626
"799","Cameroon","CMR","2014",36386544706,"1.994843277","5.719818145","3.678356287","12.28534381","-1.178884149","2.5",24.3174648923173
"800","Cameroon","CMR","2013",33728621180,"1.622968063","4.995529161","4.195976853","11.52211698","-1.217723012","2.5",24.2416126070344
"801","Cameroon","CMR","2012",30155062329,"1.748840476","4.625978722","5.261703448","11.3444056","-1.27243948","2.5",24.1296186508013
"802","Cameroon","CMR","2011",30630910495,"2.132703913","3.379211285","5.258043107","..","-1.16692555","2.5",24.1452754829451
"803","Cameroon","CMR","2010",27507501821,"1.949523867","2.899024721","4.141914217","..","-1.07531774","2.5",24.0377245979085
"804","Cameroon","CMR","2009",27932970317,"2.671669502","2.579251777","3.186419384","..","-1.020551085","2.5",24.0530735598704
"805","Cameroon","CMR","2008",27715142033,"0.075754668","2.847677889","7.121075841","..","-1.034228325","2.5",24.045244744575
"806","Cameroon","CMR","2007",23928250433,"0.792290666","4.32758901","6.039588918","..","-1.033044815","2.5",23.8983256243259
"807","Cameroon","CMR","2006",20910512975,"0.282739555","3.809583276","6.183429692","..","-1.091455698","2.5",23.7635178826064
"808","Cameroon","CMR","2005",19509852207,"1.248608313","2.228270209","5.284394334","..","-1.199409604","2.5",23.6941854163093
"809","Cameroon","CMR","2004",18826214136,"0.361118041","7.048862819","2.759394459","..","-1.125436306","..",23.6585161044889
"810","Cameroon","CMR","2003",15970315035,"2.096943831","5.453153689","2.316763952","..","-0.981341302","..",23.4939975256538
"811","Cameroon","CMR","2002",12417251350,"4.068984585","4.477026834","3.052841079","..","-1.209111929","..",23.2423525805858
"812","Cameroon","CMR","2001",10953485349,"-0.106526708","4.324261192","3.597171992","..","..","..",23.1169235392756
"813","Cameroon","CMR","2000",10566579295,"1.511444733","3.832417794","5.653501063","..","-1.32529211","..",23.0809619605154
"814","Canada","CAN","2023",2.17334e+12,"1.936017766","1.528745508","..","13.8086311","1.67150104","..",28.407286270679
"815","Canada","CAN","2022",2.19041e+12,"2.293173242","4.189036281","..","12.65663255","1.658573031","..",28.4151098568464
"816","Canada","CAN","2021",2.02238e+12,"2.976182882","5.950528028","2.829785289","13.12245299","1.616268754","..",28.3352961516095
"817","Canada","CAN","2020",1.65568e+12,"1.758970857","-5.038233435","0.888908482","13.50333209","1.56571281","..",28.135232916504
"818","Canada","CAN","2019",1.74373e+12,"2.80676687","1.908431946","1.619950096","12.7416889","1.729896784","..",28.1870476129163
"819","Canada","CAN","2018",1.72533e+12,"2.469312073","2.742963449","1.505628729","13.05768467","1.79020822","..",28.1764394524634
"820","Canada","CAN","2017",1.64927e+12,"1.53752072","3.033834912","0.816766635","12.61201668","1.881446004","..",28.1313538817001
"821","Canada","CAN","2016",1.52799e+12,"2.238350121","1.038550925","0.471724709","12.49656263","1.944465518","..",28.0549742621488
"822","Canada","CAN","2015",1.55651e+12,"3.853894537","0.649971002","0.034589158","12.38981091","1.845650196","..",28.0734672514782
"823","Canada","CAN","2014",1.80575e+12,"3.55390337","2.873466778","1.165126995","11.80837908","1.832192659","..",28.2219971338774
"824","Canada","CAN","2013",1.8466e+12,"3.629803984","2.325813548","1.250093555","11.6235046","1.879377961","..",28.2443672262849
"825","Canada","CAN","2012",1.82837e+12,"2.700169009","1.755661291","0.873035162","11.66442736","1.918904424","..",28.2344459754812
"826","Canada","CAN","2011",1.79333e+12,"2.137833108","3.137194422","1.652062577","11.80392128","1.971133471","..",28.2150953426963
"827","Canada","CAN","2010",1.61734e+12,"1.837256387","3.090806345","1.360359817","11.7328093","2.061873198","..",28.1118039403453
"828","Canada","CAN","2009",1.37463e+12,"1.524131181","-2.915086216","1.331421712","12.30438595","2.051796675","..",27.9492057199265
"829","Canada","CAN","2008",1.55299e+12,"4.515137142","0.995406301","2.540023523","12.3901656","1.987721443","..",28.0712032209243
"830","Canada","CAN","2007",1.46882e+12,"8.200559049","2.049904637","1.795728604","13.33443201","1.99088037","..",28.0154804732777
"831","Canada","CAN","2006",1.31926e+12,"4.87410129","2.63794375","1.797844872","13.34822067","1.952794552","..",27.9080920892679
"832","Canada","CAN","2005",1.17311e+12,"2.178163809","3.210454391","1.784986815","13.29949289","1.86970067","..",27.7906794578442
"833","Canada","CAN","2004",1.02669e+12,"0.141465896","3.092363843","1.497559445","13.34474787","1.805866241","..",27.6573611512604
"834","Canada","CAN","2003",8.95541e+11,"0.782967555","1.806385123","1.125785762","13.22893471","1.931292057","..",27.520693841877
"835","Canada","CAN","2002",7.60649e+11,"3.219147678","2.99925535","0.955943439","13.37762747","1.982231498","..",27.3574378531896
"836","Canada","CAN","2001",7.38982e+11,"3.841921293","1.875098107","0.858857509","14.18147981","..","..",27.3285394003585
"837","Canada","CAN","2000",7.44773e+11,"9.171024287","5.13853918","1.471179473","14.85774318","2.049319029","..",27.3363453109095
"838","Cayman Islands","CYM","2023",7139428558,"95.06017056","4.359675957","..","..","0.437594086","..",22.6888985762015
"839","Cayman Islands","CYM","2022",6600843963,"-47.6414298","5.156329542","..","..","0.457700431","..",22.6104633509855
"840","Cayman Islands","CYM","2021",6060026520,"-13.33010379","4.904929413","0","..","0.46845305","..",22.5249800132557
"841","Cayman Islands","CYM","2020",5655358021,"123.3140007","-4.954806408","0","..","0.438464016","..",22.4558692550321
"842","Cayman Islands","CYM","2019",5941896608,"18.18308732","3.915635342","0","..","0.427906752","..",22.5052942136335
"843","Cayman Islands","CYM","2018",5530178441,"3.139944771","4.267267452","0","..","0.45604834","..",22.433485919772
"844","Cayman Islands","CYM","2017",5166281305,"48.51588184","3.184045923","0","..","0.480952531","..",22.3654189832928
"845","Cayman Islands","CYM","2016",4909322237,"54.67627932","3.239974339","0","..","0.482039273","..",22.3144017319539
"846","Cayman Islands","CYM","2015",4708167233,"1709.827232","2.833122226","0","..","0.973310769","..",22.2725645467416
"847","Cayman Islands","CYM","2014",4562853611,"1009.031051","2.654527985","0","..","1.014001012","..",22.2412140566326
"848","Cayman Islands","CYM","2013",4405796023,"792.3198018","1.27933102","0","..","1.351991653","..",22.2061867889757
"849","Cayman Islands","CYM","2012",4291004524,"500.8059213","1.229753657","0","..","1.346243501","..",22.1797866972549
"850","Cayman Islands","CYM","2011",4186073104,"743.7007031","1.169062198","0","..","1.344402432","..",22.1550289247451
"851","Cayman Islands","CYM","2010",4156841107,"504.3724814","-2.715635262","0","..","1.121295571","..",22.148021273489
"852","Cayman Islands","CYM","2009",4281714567,"474.0634781","-7.200482447","0","..","1.109147549","..",22.1776193660878
"853","Cayman Islands","CYM","2008",4585949024,"426.4272215","-0.357401201","0","..","0.797165334","..",22.2462629057512
"854","Cayman Islands","CYM","2007",4466278065,"631.6340942","3.162625227","0","..","1.26187098","..",22.2198212510773
"855","Cayman Islands","CYM","2006",4200288241,"590.9341353","..","0","..","1.25131321","..",22.1584189886904
"856","Central African Republic","CAF","2023",2555492086,"1.516046565","0.69996839","..","..","-1.311393023","2.5",21.6615106393179
"857","Central African Republic","CAF","2022",2382618615,"1.009297915","0.453901882","..","..","-1.246146679","2.5",21.5914659781925
"858","Central African Republic","CAF","2021",2516498412,"0.214980465","0.982919996","0","8.206292297","-1.246621132","2.5",21.6461342531453
"859","Central African Republic","CAF","2020",2326720900,"0.074669893","0.899999997","0","8.709644827","-1.295017958","2.5",21.5677257742365
"860","Central African Republic","CAF","2019",2221301351,"1.152529799","3.1","0","8.318458045","-1.234152675","2.5",21.5213590552301
"861","Central African Republic","CAF","2018",2220979146,"0.810612744","3.789443593","0","8.63983072","-1.233306646","2.5",21.5212139923504
"862","Central African Republic","CAF","2017",2072349973,"0.332412483","4.527278213","0","7.081244249","-1.198327541","2.5",21.4519490529687
"863","Central African Republic","CAF","2016",1825018145,"0.39759002","4.750316841","0","6.807588937","-1.305119753","2.5",21.3248557663972
"864","Central African Republic","CAF","2015",1695825714,"0.176904972","4.33712103","0","5.448991385","-1.327413559","2.5",21.2514356060639
"865","Central African Republic","CAF","2014",1894813389,"0.183395896","0.081070515","0","4.098500696","-1.166866422","2.5",21.36238619517
"866","Central African Republic","CAF","2013",1691544110,"0.109532467","-36.3919771","0","..","-1.096205235","2.5",21.2489076232911
"867","Central African Republic","CAF","2012",2510126512,"2.790104788","5.053761254","0","8.172377281","-1.005531907","2.5",21.6435989920072
"868","Central African Republic","CAF","2011",2437982705,"1.51389343","4.194615337","0","7.540403624","-0.967538118","2.5",21.6144367740509
"869","Central African Republic","CAF","2010",2142591540,"2.871289223","4.630818432","0","8.407892197","-0.9376055","2.5",21.4852819333111
"870","Central African Republic","CAF","2009",2067381665,"2.045098915","8.587260426","0","7.908503384","-0.988850176","2.5",21.4495487474321
"871","Central African Republic","CAF","2008",1993407888,"5.874863879","2.054130962","0","8.28435089","-1.137276769","2.5",21.4131115175481
"872","Central African Republic","CAF","2007",1699811295,"3.338605889","4.607534855","0","..","-1.210953355","2.5",21.2537830789061
"873","Central African Republic","CAF","2006",1461859762,"2.37163652","4.77108543","0","..","-1.219142318","2.5",21.1029752716486
"874","Central African Republic","CAF","2005",1337894379,"0.75491759","0.908210515","0","..","-1.302766085","2.5",21.0143628560747
"875","Central African Republic","CAF","2004",1272360517,"1.186770557","5.994884228","0","6.211979957","-1.477273107","..",20.9641396870214
"876","Central African Republic","CAF","2003",1142315523,"0.989218808","-5.397485219","0","..","-1.020734549","..",20.8563231998616
"877","Central African Republic","CAF","2002",996068144.9,"0.566657013","3.616542192","0","..","-0.979822814","..",20.7193262317827
"878","Central African Republic","CAF","2001",932648604.8,"0.555825632","4.464739026","0","..","..","..",20.6535390585013
"879","Central African Republic","CAF","2000",916777282.7,"0.096977752","-2.48943244","0","..","-1.19889617","..",20.6363751247129
"880","Chad","TCD","2023",19107685021,"4.779923465","4.117451792","..","..","-1.482406974","2",23.6733564481955
"881","Chad","TCD","2022",17828508290,"3.444026275","12.89661643","..","..","-1.488538027","2",23.6040646023939
"882","Chad","TCD","2021",16871937698,"4.17913326","0.293979163","16.75156616","..","-1.496497035","2",23.5489175874892
"883","Chad","TCD","2020",14932897821,"3.734656908","-0.408894363","9.228171479","..","-1.425237775","2.5",23.4268325235016
"884","Chad","TCD","2019",14905517743,"3.801538194","5.388656469","15.57075954","..","-1.417515874","2.5",23.4249972996691
"885","Chad","TCD","2018",15327000249,"3.007049667","5.741115808","16.61216737","..","-1.404424429","2.5",23.452881832209
"886","Chad","TCD","2017",13349041409,"2.722155313","-1.627993671","10.27500968","..","-1.455860376","2.5",23.3147104146453
"887","Chad","TCD","2016",13026289836,"1.878371532","-4.129928372","6.596878762","..","-1.511519194","2.5",23.2902354473989
"888","Chad","TCD","2015",14559599500,"3.843800923","3.310885674","6.296996298","..","-1.381821513","2.5",23.4015163724685
"889","Chad","TCD","2014",18144336904,"-3.72317778","2.062980971","11.36793391","..","-1.329388499","2.5",23.6216243326615
"890","Chad","TCD","2013",17865316886,"2.91179134","2.807351887","15.77919428","..","-1.370300174","2",23.6061270660758
"891","Chad","TCD","2012",17892228570,"3.240474141","9.052680251","20.53119508","..","-1.330996513","2",23.6076322974186
"892","Chad","TCD","2011",16685349674,"1.689506097","4.5535904","24.39837305","..","-1.355160832","2",23.537796906317
"893","Chad","TCD","2010",14058506664,"2.226410013","13.79438893","20.03174659","..","-1.394238591","2",23.3664935060238
"894","Chad","TCD","2009",12317614054,"3.043608919","-1.338484366","14.67561594","..","-1.412184477","2",23.2342961118484
"895","Chad","TCD","2008",13385593990,"3.482333323","3.108362216","29.66429416","..","-1.534189463","2",23.3174448902221
"896","Chad","TCD","2007",10865385132,"-2.960364461","4.356212114","28.95740964","..","-1.388992548","2",23.1088478970583
"897","Chad","TCD","2006",9709626596,"-2.86740172","-0.521522265","30.85124101","..","-1.361009359","2",22.9963836628974
"898","Chad","TCD","2005",8655892393,"-1.147686633","17.33253374","32.66662599","..","-1.531993032","2",22.8815061274807
"899","Chad","TCD","2004",4422855661,"10.55411991","33.62937185","29.85996447","..","-1.44834578","..",22.2100514015673
"900","Chad","TCD","2003",2742815072,"25.98292015","14.72166701","4.743834478","..","-1.465013862","..",21.7322506284739
"901","Chad","TCD","2002",1997005709,"46.27524127","8.491209819","0","..","-1.270305872","..",21.4149147501642
"902","Chad","TCD","2001",1710843377,"26.87951429","11.65813465","0","..","..","..",21.2602522888004
"903","Chad","TCD","2000",1388506772,"8.294696314","-0.879681025","0","..","-1.325013876","..",21.0514947419049
"904","Chile","CHL","2023",3.35518e+11,"5.477309384","0.521367977","..","17.71940113","0.96860379","..",26.5389414431857
"905","Chile","CHL","2022",3.01227e+11,"6.231850704","2.153993562","..","21.33646732","0.968124032","..",26.4311299702889
"906","Chile","CHL","2021",3.15326e+11,"4.813089981","11.31492049","0.012698324","19.67622036","0.95626688","..",26.4768728612458
"907","Chile","CHL","2020",2.54042e+11,"4.506101397","-6.143474792","0.007348342","16.19616933","1.106137156","..",26.2607654446261
"908","Chile","CHL","2019",2.78285e+11,"4.879561641","0.634367534","0.011384612","17.71885277","0.978930891","..",26.3519116053552
"909","Chile","CHL","2018",2.95858e+11,"2.684613452","3.990029478","0.01220964","18.3955245","0.958202481","..",26.4131454464336
"910","Chile","CHL","2017",2.76154e+11,"1.896470298","1.357695373","0.008333392","17.50579468","1.001655817","..",26.3442245180701
"911","Chile","CHL","2016",2.49345e+11,"4.557074882","1.753038749","0.007165678","17.46896441","1.022761106","..",26.2421033166019
"912","Chile","CHL","2015",2.4245e+11,"7.327803487","2.1519425","0.00702175","17.54608293","1.182457328","..",26.2140613404978
"913","Chile","CHL","2014",2.59561e+11,"9.835003714","1.792649471","0.029954582","17.04450121","1.440734148","..",26.2822575793657
"914","Chile","CHL","2013",2.77395e+11,"7.61396399","3.308508247","0.037141923","17.4587729","1.498928189","..",26.3487083201514
"915","Chile","CHL","2012",2.67025e+11,"11.909745","6.155340019","0.03392427","18.99105955","1.543591261","..",26.3106081239222
"916","Chile","CHL","2011",2.51383e+11,"10.48977381","6.223896785","0.02029969","18.936096","1.47659266","..",26.2502435094955
"917","Chile","CHL","2010",2.17051e+11,"6.841446868","5.851651022","0.017716701","17.47100627","1.441626906","..",26.1033981859148
"918","Chile","CHL","2009",1.71778e+11,"7.422562479","-1.118037236","0.024196315","14.60586057","1.321234822","..",25.8694687824178
"919","Chile","CHL","2008",1.79895e+11,"10.45711129","3.789392806","0.039414342","18.70926556","1.317986846","..",25.9156391842982
"920","Chile","CHL","2007",1.72491e+11,"6.113489944","5.168230985","0.024441296","20.37902854","1.345149994","..",25.8736108981437
"921","Chile","CHL","2006",1.53844e+11,"3.091019719","6.049990826","0.03052","19.61201733","1.412561893","..",25.759204938929
"922","Chile","CHL","2005",1.22294e+11,"4.898706983","5.837045719","0.04666815","18.12088991","1.41652751","..",25.5296938187468
"923","Chile","CHL","2004",99075985774,"5.015071381","6.674254168","0.048041803","16.42394505","1.305859327","..",25.3191529257488
"924","Chile","CHL","2003",76492579644,"4.556949756","4.723245269","0.050628332","15.76882727","1.167100906","..",25.0604595749566
"925","Chile","CHL","2002",70264045939,"3.629058231","3.202799135","0.05017094","16.07306762","1.479165316","..",24.9755260673667
"926","Chile","CHL","2001",71574739561,"5.867660958","3.154034925","0.051019074","15.91312577","..","..",24.9940080492373
"927","Chile","CHL","2000",78339750721,"6.203767082","4.971621488","0.064809315","16.07240363","1.540218115","..",25.0843209831647
"928","China","CHN","2023",1.82704e+13,"0.280991104","5.414843301","..","7.638233008","-0.005370105","..",30.5363033798938
"929","China","CHN","2022",1.83168e+13,"1.038413655","3.134188872","..","7.517994644","0.016063672","..",30.5388397874284
"930","China","CHN","2021",1.82017e+13,"1.890345414","8.570085132","0.308578757","7.798296413","0.030233584","..",30.5325361122426
"931","China","CHN","2020",1.49964e+13,"1.687707563","2.340188431","0.114304452","7.924097498","-0.071028143","..",30.3388312882261
"932","China","CHN","2019",1.45602e+13,"1.285492268","6.068502351","0.298457755","8.329425502","-0.312614381","..",30.3093128948665
"933","China","CHN","2018",1.41478e+13,"1.663619923","6.756718002","0.413038668","8.890890344","-0.286848217","..",30.2805802508982
"934","China","CHN","2017",1.25376e+13,"1.324689717","6.891266362","0.313804041","9.248724393","-0.291626126","..",30.1597532452566
"935","China","CHN","2016",1.1456e+13,"1.525394703","6.775555628","0.245866848","8.945561904","-0.268094301","..",30.0695347261468
"936","China","CHN","2015",1.12808e+13,"2.149572847","6.978780027","0.335243616","9.194680386","-0.29992187","..",30.0541232814694
"937","China","CHN","2014",1.06745e+13,"2.511558837","7.461900282","0.88810039","9.498268375","-0.337719589","..",29.9988788355388
"938","China","CHN","2013",9.74312e+12,"2.985987083","7.778724094","1.076140823","9.732162504","-0.355887651","..",29.9075825108309
"939","China","CHN","2012",8.67366e+12,"2.780991382","7.856174271","1.283486792","10.08946676","-0.438275933","..",29.7913119629714
"940","China","CHN","2011",7.67176e+12,"3.650691902","9.461335887","1.54520918","10.15120002","-0.514727592","..",29.6685671704343
"941","China","CHN","2010",6.19256e+12,"3.935419967","10.59627198","1.222573621","10.03827966","-0.570009887","..",29.4543696874031
"942","China","CHN","2009",5.18958e+12,"2.525389843","9.402699728","0.89905054","10.13485038","-0.519456625","..",29.2776738849763
"943","China","CHN","2008",4.66735e+12,"3.675207175","9.670245886","1.990286034","9.943413528","-0.526307642","..",29.1716125747275
"944","China","CHN","2007",3.60406e+12,"4.335375002","14.14998549","1.759830536","9.625737318","-0.599234641","..",28.9130821037048
"945","China","CHN","2006",2.7915e+12,"4.444997439","12.67467517","2.225524461","8.929482825","-0.518887699","..",28.6576002016968
"946","China","CHN","2005",2.31755e+12,"4.49218509","11.45823846","2.230614735","8.45243795","-0.617887735","..",28.4715317091267
"947","China","CHN","2004",1.9842e+12,"3.432990151","10.13140736","1.635063697","..","-0.565061569","..",28.3162369261622
"948","China","CHN","2003",1.6839e+12,"3.438495377","10.11819286","1.28559249","..","-0.39526549","..",28.1521336475627
"949","China","CHN","2002",1.48982e+12,"3.562414183","9.243393266","1.244093695","..","-0.557897568","..",28.0296764232192
"950","China","CHN","2001",1.35504e+12,"3.472452356","8.312638871","1.320584977","..","..","..",27.9348520901197
"951","China","CHN","2000",1.22375e+12,"3.439847253","8.586432018","2.039051752","..","-0.20854871","..",27.8329410307911
"952","Colombia","COL","2023",3.66292e+11,"4.584787612","0.712380032","..","17.56746742","-0.309191287","..",26.6266966664708
"953","Colombia","COL","2022",3.45632e+11,"4.971241377","7.328277294","..","15.26329268","-0.362088114","..",26.5686404621825
"954","Colombia","COL","2021",3.18525e+11,"3.001756938","10.80119819","3.424024876","14.4463231","-0.365944803","..",26.4869668018139
"955","Colombia","COL","2020",2.70348e+11,"2.75889429","-7.185914138","1.562797903","14.04523856","-0.252498597","..",26.3229758549294
"956","Colombia","COL","2019",3.23032e+11,"4.330582409","3.186855392","3.142710082","14.90052462","-0.283615679","..",26.5010172264693
"957","Colombia","COL","2018",3.34198e+11,"3.380835732","2.564324283","3.640066604","14.60984245","-0.340439767","..",26.5349994686493
"958","Colombia","COL","2017",3.11867e+11,"4.393182328","1.359360868","2.42584235","14.85081841","-0.429829597","..",26.4658426518206
"959","Colombia","COL","2016",2.8272e+11,"4.901645729","2.087382502","1.861767318","14.38521293","-0.384617507","..",26.3677228455178
"960","Colombia","COL","2015",2.93492e+11,"3.959398549","2.955901375","2.627708088","15.79726266","-0.352601826","..",26.4051162186029
"961","Colombia","COL","2014",3.81241e+11,"4.241072567","4.499030001","5.263761782","15.69974837","-0.397509813","..",26.666697558032
"962","Colombia","COL","2013",3.82094e+11,"4.24252458","5.13399352","5.874122178","14.02211435","-0.441208124","..",26.6689324885803
"963","Colombia","COL","2012",3.70691e+11,"4.057280413","3.912635767","6.205321688","13.22699071","-0.422298342","..",26.6386346684161
"964","Colombia","COL","2011",3.34966e+11,"4.372695361","6.947891982","6.932640672","14.57588119","-0.317527682","..",26.5372948710834
"965","Colombia","COL","2010",2.86499e+11,"2.244335956","4.494658971","4.392079787","12.1421652","-0.423333108","..",26.3810008826937
"966","Colombia","COL","2009",2.32469e+11,"3.456270652","1.139648645","3.270492683","12.67522738","-0.337012529","..",26.1720227197508
"967","Colombia","COL","2008",2.42504e+11,"4.356278346","3.283446186","5.533926293","13.03151101","-0.261542618","..",26.2142840420333
"968","Colombia","COL","2007",2.0623e+11,"4.308676806","6.738194691","4.237089282","..","-0.279160351","..",26.0522578877624
"969","Colombia","COL","2006",1.61793e+11,"4.172385101","6.716868698","5.146279561","..","-0.175137788","..",25.8095835773469
"970","Colombia","COL","2005",1.45601e+11,"7.029794014","4.828761108","4.661875302","..","-0.145389393","..",25.7041358408173
"971","Colombia","COL","2004",1.17092e+11,"2.660834888","5.333022068","3.846402849","..","-0.140631452","..",25.4862257875391
"972","Colombia","COL","2003",94644969157,"1.817839311","3.918271903","3.700733133","11.25882686","-0.204286307","..",25.2733985611236
"973","Colombia","COL","2002",97945812803,"2.178447514","2.503980467","3.472349145","..","-0.264330655","..",25.3076802321129
"974","Colombia","COL","2001",98200641203,"2.588519363","1.677898308","3.389529121","..","..","..",25.3102785818476
"975","Colombia","COL","2000",99875074951,"2.439507479","2.924861482","5.136914574","11.21975419","-0.406262517","..",25.3271859914806
"976","Comoros","COM","2023",1430523436,"0.374181559","3.064662369","..","..","-0.990109265","2",21.0813062534031
"977","Comoros","COM","2022",1279542248,"0.322667538","2.818395066","..","..","-1.244991899","2",20.9697682321671
"978","Comoros","COM","2021",1299039312,"0.309826819","2.725798451","0","..","-1.310240626","2",20.9848908374564
"979","Comoros","COM","2020",1225039196,"0.316385475","4.005317935","0","..","-1.209177613","2.5",20.9262386771659
"980","Comoros","COM","2019",1195019531,"0.359894031","3.628770244","0","..","-1.058385015","2.5",20.9014283661294
"981","Comoros","COM","2018",1188797450,"0.477150092","4.059605937","0","..","-0.852027416","2.5",20.8962080869053
"982","Comoros","COM","2017",1077439756,"0.363776536","5.596189521","0","..","-0.710437715","2.5",20.7978534674742
"983","Comoros","COM","2016",1012835493,"0.352458396","2.780228542","0","..","-0.706793725","2.5",20.7360196531714
"984","Comoros","COM","2015",966029599.8,"0.511029839","1.992064687","0","..","-0.769919634","2.5",20.6887050333223
"985","Comoros","COM","2014",1149587624,"0.407499052","3.89569329","0","..","-0.586699247","2.5",20.8626691271875
"986","Comoros","COM","2013",1116223107,"0.379103422","8.927269534","0","..","-0.732214689","2.5",20.8332165975915
"987","Comoros","COM","2012",1015842907,"1.021338771","6.310639738","0","..","-0.781551659","2.5",20.7389845550534
"988","Comoros","COM","2011",1023087476,"2.259673888","5.888152671","0","..","-0.803916514","2.5",20.7460908295466
"989","Comoros","COM","2010",907979446.4,"0.919669135","4.801058168","0","..","-0.78624922","2.5",20.626732300186
"990","Comoros","COM","2009",905341172.7,"1.528661082","6.48692882","0","..","-0.812594295","2.5",20.6238224170315
"991","Comoros","COM","2008",915659108,"0.507893616","3.964611189","0","..","-0.772487402","2.5",20.6351547005339
"992","Comoros","COM","2007",795673152.9,"0.966721984","0.800042349","0","..","-0.691559911","2.5",20.4946990475498
"993","Comoros","COM","2006",698431793.9,"0.111452574","2.646955476","0","..","-0.700171769","2.5",20.3643480853653
"994","Comoros","COM","2005",653845169.2,"0.085473722","2.83754787","0","..","-0.887240291","2.5",20.2983811370506
"995","Comoros","COM","2004",633706110.8,"0.106131276","1.919659807","0","..","-0.864246011","..",20.267095857296
"996","Comoros","COM","2003",546885222.7,"0.145047572","2.103871636","0","..","-0.693807721","..",20.1197495078386
"997","Comoros","COM","2002",425964681,"0.101045936","2.324944861","0","..","-0.67476815","..",19.8698669923458
"998","Comoros","COM","2001",378512024.1,"0.302740713","2.332907102","0","..","..","..",19.7517583981047
"999","Comoros","COM","2000",351136579.6,"0.026667686","10.84787862","0","..","-0.962091506","..",19.6766858214138
"1000","Congo, Dem. Rep.","COD","2023",67006756666,"3.544805039","8.609089723","..","..","-1.480511904","2.5",24.928059297014
"1001","Congo, Dem. Rep.","COD","2022",65801547756,"2.141855154","8.924447851","..","11.41102257","-1.544922113","2",24.9099091971287
"1002","Congo, Dem. Rep.","COD","2021",55328482784,"3.032206389","6.200154011","0.649836903","8.399034388","-1.569615364","2",24.7365536722623
"1003","Congo, Dem. Rep.","COD","2020",48716961860,"3.075078475","1.735422767","0.358850561","6.429882098","-1.592743516","2",24.6092930992082
"1004","Congo, Dem. Rep.","COD","2019",51775829877,"2.60931448","4.384528874","0.629309383","6.377289874","-1.555470347","2",24.6701892726269
"1005","Congo, Dem. Rep.","COD","2018",47568210010,"2.959042579","5.8211211","0.783495114","7.295148854","-1.517855287","2",24.5854305181352
"1006","Congo, Dem. Rep.","COD","2017",38019264795,"2.756443314","3.726947659","0.659902411","6.59070535","-1.445294261","2",24.3613588364973
"1007","Congo, Dem. Rep.","COD","2016",37134801555,"2.510784036","2.399398911","0.30667811","7.952347","-1.367026448","2",24.337820414173
"1008","Congo, Dem. Rep.","COD","2015",37917706497,"3.07434209","6.916167119","0.345534122","9.102711981","-1.311215997","2",24.35868402983
"1009","Congo, Dem. Rep.","COD","2014",35909040926,"4.176029529","9.470288099","1.057458116","8.63671685","-1.321131706","2",24.304254937114
"1010","Congo, Dem. Rep.","COD","2013",32679745048,"5.194611611","8.481956636","1.562459598","9.043560325","-1.338340998","2",24.210021305439
"1011","Congo, Dem. Rep.","COD","2012",29306235285,"9.866868879","7.086898947","2.057359502","8.857086338","-1.329710841","2",24.1010661386907
"1012","Congo, Dem. Rep.","COD","2011",25839749199,"6.176624593","6.87467089","2.442843202","..","-1.457506299","2",23.9751798098927
"1013","Congo, Dem. Rep.","COD","2010",21565721045,"12.7160135","7.107976576","1.806062912","8.350447756","-1.457886696","2",23.7943709023787
"1014","Congo, Dem. Rep.","COD","2009",18648372553,"-1.30413525","2.85506401","1.379073937","7.892170866","-1.41292572","2",23.6490247166549
"1015","Congo, Dem. Rep.","COD","2008",19788515590,"8.726273541","6.225894269","2.832935681","8.96688351","-1.261194229","2",23.7083675856627
"1016","Congo, Dem. Rep.","COD","2007",16737071816,"10.80236746","6.259477764","2.54642185","6.992189786","-1.381071568","2",23.5408919653213
"1017","Congo, Dem. Rep.","COD","2006",14451901696,"1.772085123","5.320979565","2.583331837","6.828222392","-1.540507793","2",23.3940918481052
"1018","Congo, Dem. Rep.","COD","2005",11964484466,"1.50445262","6.135151155","2.664131543","5.920611298","-1.443382263","2",23.2052084705419
"1019","Congo, Dem. Rep.","COD","2004",10297483481,"3.972162818","6.738373933","2.137523297","5.276738972","-1.444693923","..",23.0551653800975
"1020","Congo, Dem. Rep.","COD","2003",8937567060,"4.377642342","5.577822311","1.593530421","4.040197901","-1.526455402","..",22.9135292481552
"1021","Congo, Dem. Rep.","COD","2002",8728038525,"2.14937972","2.947765184","1.452143369","4.235473727","-1.449970841","..",22.8898064994225
"1022","Congo, Dem. Rep.","COD","2001",7438189100,"1.37428477","-2.100173025","1.717287797","2.752459063","..","..",22.7298932556271
"1023","Congo, Dem. Rep.","COD","2000",19088046306,"0.493452282","-6.910927317","0.862629545","0.779702331","-1.459174871","..",23.6723281282211
"1024","Congo, Rep.","COG","2023",15321055818,"4.088972179","1.906864263","..","..","-1.345278859","2.5",23.4524939165082
"1025","Congo, Rep.","COG","2022",15817030157,"3.365083361","1.475356132","..","..","-1.359779477","2.5",23.4843530545454
"1026","Congo, Rep.","COG","2021",14825690211,"-2.159828737","1.01507037","34.38288091","6.509088258","-1.392010927","2",23.4196273379808
"1027","Congo, Rep.","COG","2020",11468687464,"-17.2921171","-6.26777228","22.40841254","8.324484886","-1.460652351","2",23.1628863294561
"1028","Congo, Rep.","COG","2019",13976637780,"-10.21475465","1.12447392","35.85179911","7.101549382","-1.436109304","2",23.3606530426809
"1029","Congo, Rep.","COG","2018",14773900289,"29.20861002","-2.304317801","38.24871589","6.828452318","-1.378056645","2",23.416127966944
"1030","Congo, Rep.","COG","2017",11834473039,"37.32277487","-5.594773719","25.02277683","10.13526308","-1.366678953","2",23.1942825532768
"1031","Congo, Rep.","COG","2016",10931328151,"0.462969363","-8.685243439","12.8004972","13.08946423","-1.22733891","2",23.1148986460252
"1032","Congo, Rep.","COG","2015",12434793867,"34.4182561","0.415193061","12.27467007","12.19514442","-1.271177769","2",23.2437643372248
"1033","Congo, Rep.","COG","2014",17919321078,"16.13399517","6.646065409","24.82263998","9.580921156","-1.200222015","2",23.6091453575032
"1034","Congo, Rep.","COG","2013",17958720699,"10.46210101","-0.712434452","29.6858074","8.624360765","-1.176946998","2",23.6113416667155
"1035","Congo, Rep.","COG","2012",17692911296,"-0.391399398","9.947153143","38.08752461","7.278246336","-1.229751229","2",23.5964299045565
"1036","Congo, Rep.","COG","2011",15655383577,"1.907834795","2.205919363","48.66613315","8.11448977","-1.144993901","2.5",23.474080693309
"1037","Congo, Rep.","COG","2010",13148396212,"11.57729522","9.931265431","40.94102516","6.902938646","-1.157320261","2.5",23.2995656270677
"1038","Congo, Rep.","COG","2009",9723299915,"12.22888625","11.63728886","32.01939237","8.22388189","-1.213840961","2.5",22.9977908952305
"1039","Congo, Rep.","COG","2008",11649857673,"16.72100182","6.306375956","48.86037357","5.896624548","-1.193248868","2.5",23.1785597999736
"1040","Congo, Rep.","COG","2007",8782703437,"16.21655503","-6.613994804","43.95363531","6.027573817","-1.160955787","2.5",22.8960501057415
"1041","Congo, Rep.","COG","2006",8072305029,"18.44598012","7.986238363","50.12080934","5.29500882","-1.108278513","2.5",22.811704907812
"1042","Congo, Rep.","COG","2005",6650001680,"12.04984558","7.755758978","44.94561738","5.688120435","-1.059439778","2.5",22.6178829442457
"1043","Congo, Rep.","COG","2004",4656974940,"1.901620652","3.476631621","36.75741816","7.813594406","-1.03629005","..",22.2616319197855
"1044","Congo, Rep.","COG","2003",3503723088,"6.280145682","0.813264076","32.82032282","8.647504676","-1.090136647","..",21.9770919795005
"1045","Congo, Rep.","COG","2002",3034250924,"6.594565067","4.581870061","40.63391025","8.142904651","-1.009017944","..",21.8332304184741
"1046","Congo, Rep.","COG","2001",2796704604,"-4.844261093","3.802601899","43.29244156","9.070936874","..","..",21.7517076338621
"1047","Congo, Rep.","COG","2000",3227927698,"-3.040392584","7.575980395","55.95336655","..","-0.943886817","..",21.8951061887142
"1048","Costa Rica","CRI","2023",86497941439,"5.419180711","5.111921832","..","13.91152966","0.653749406","..",25.183386452208
"1049","Costa Rica","CRI","2022",69243626029,"5.305043279","4.55149178","..","14.35419412","0.465857774","..",24.9608969348751
"1050","Costa Rica","CRI","2021",64960725734,"5.530729864","7.935762247","0.008965794","14.04058586","0.470307708","..",24.897048704751
"1051","Costa Rica","CRI","2020",62395610760,"3.370435233","-4.273354322","0.003415908","12.23802899","0.661411285","..",24.8567607694632
"1052","Costa Rica","CRI","2019",64417670521,"4.220940167","2.417511818","0.006986348","13.32013292","0.626857102","..",24.8886538193915
"1053","Costa Rica","CRI","2018",62420164992,"4.829438721","2.615904404","0.009007225","13.18214869","0.501138449","..",24.8571542170409
"1054","Costa Rica","CRI","2017",60516044657,"4.833275221","4.157698963","0.005855535","13.24410255","0.432391852","..",24.8261743677658
"1055","Costa Rica","CRI","2016",58847019610,"4.452962118","4.204323252","0.015867746","13.51085434","0.678310812","..",24.79820702553
"1056","Costa Rica","CRI","2015",56441920821,"5.236394577","3.652080968","0.020096058","13.25399422","0.687055707","..",24.756477996325
"1057","Costa Rica","CRI","2014",52016408854,"6.232936622","3.542109878","0.051830151","13.04558896","0.725378335","..",24.6748250606355
"1058","Costa Rica","CRI","2013",50949668842,"6.291277352","2.494766112","0.057758425","13.41682475","0.577441454","..",24.6541040969277
"1059","Costa Rica","CRI","2012",47231655432,"5.708661249","4.88259241","0.064985027","13.10529607","0.570753694","..",24.5783301706742
"1060","Costa Rica","CRI","2011",42762613699,"6.391725396","4.40315924","0","13.20898687","0.593173563","..",24.4789300460949
"1061","Costa Rica","CRI","2010",37658616952,"5.063711702","5.360343526","0","12.95254206","0.664391637","..",24.3518276349126
"1062","Costa Rica","CRI","2009",30745714313,"5.251510672","-0.873455943","0.044248922","13.18307199","0.715470135","..",24.1490164495508
"1063","Costa Rica","CRI","2008",30801745700,"7.909006983","4.738174878","0.177814057","15.23250991","0.493208975","..",24.1508372038912
"1064","Costa Rica","CRI","2007",26884700709,"8.337425979","8.215131983","0.177661149","14.85647016","0.457115024","..",24.014823214879
"1065","Costa Rica","CRI","2006",22715540324,"7.928504331","7.326695433","0.14565511","13.84166374","0.378651321","..",23.8463151229759
"1066","Costa Rica","CRI","2005",20040642477,"7.628435395","3.976666368","0.132634571","13.63539699","0.365192473","..",23.7210281723797
"1067","Costa Rica","CRI","2004",18610594846,"5.823126533","4.424599597","0.061378151","13.3589275","0.284917921","..",23.6469968708727
"1068","Costa Rica","CRI","2003",17271760507,"4.483539703","4.317179866","0.037459598","13.58495161","0.516545832","..",23.5723386640947
"1069","Costa Rica","CRI","2002",16578820687,"4.36202694","3.41687639","0.028390807","13.3681089","0.444571555","..",23.5313918554748
"1070","Costa Rica","CRI","2001",15976174337,"3.892336175","3.491169894","0","13.3610338","..","..",23.4943643454315
"1071","Costa Rica","CRI","2000",15013629662,"4.818464499","3.86871809","0","12.83971283","0.698608518","..",23.4322242696148
"1072","Cote d'Ivoire","CIV","2023",79618056324,"2.201205821","6.450457969","..","13.22750718","-0.313007414","4",25.100506742314
"1073","Cote d'Ivoire","CIV","2022",70922824824,"2.254726532","6.399883627","..","11.8184021","-0.33870557","3.5",24.9848581484929
"1074","Cote d'Ivoire","CIV","2021",72794636649,"1.912826559","7.063329102","0.700172901","12.38941272","-0.39522925","3.5",25.0109081170313
"1075","Cote d'Ivoire","CIV","2020",63027852805,"1.131112457","0.699728593","0.371217181","11.78668823","-0.551726758","3.5",24.8668425736529
"1076","Cote d'Ivoire","CIV","2019",60382894697,"1.405830482","6.721371676","0.857465004","11.6654955","-0.563736856","3.5",24.8239717013976
"1077","Cote d'Ivoire","CIV","2018",58522477787,"1.059986996","4.843146059","0.930497053","11.66599275","-0.526206732","3",24.7926767530598
"1078","Cote d'Ivoire","CIV","2017",52512343997,"1.856734864","7.410762426","0.811412808","11.75637069","-0.550498962","3",24.6843141026591
"1079","Cote d'Ivoire","CIV","2016",48407761037,"1.193758009","7.17275964","0.384370728","11.46037091","-0.555474997","3",24.6029259898181
"1080","Cote d'Ivoire","CIV","2015",45815005169,"1.079141548","7.194949427","0.366602851","11.1757328","-0.462360084","3",24.5478774981869
"1081","Cote d'Ivoire","CIV","2014",48843005614,"0.899528921","9.371999942","0.691789501","10.11725755","-0.419227511","3",24.6118770243036
"1082","Cote d'Ivoire","CIV","2013",42760235485,"0.953203642","10.76021313","1.320892249","10.63592924","-0.740123451","3",24.4788744302209
"1083","Cote d'Ivoire","CIV","2012",36302302877,"0.909737109","7.620411765","2.016107139","10.61935158","-0.838509381","2.5",24.3151470163427
"1084","Cote d'Ivoire","CIV","2011",36693710801,"0.822954277","-5.37044724","2.385687665","7.571481261","-1.030993581","2.5",24.3258712095016
"1085","Cote d'Ivoire","CIV","2010",34936307980,"1.026062392","6.848049399","1.976075168","10.21376211","-1.172854543","2",24.2767924686392
"1086","Cote d'Ivoire","CIV","2009",33886813250,"1.173390786","3.603321567","1.553236087","10.50126584","-1.117385149","2.5",24.2462917859812
"1087","Cote d'Ivoire","CIV","2008",34078240293,"1.374418808","4.782665979","3.236851984","10.74426681","-1.119051337","2.5",24.2519249029793
"1088","Cote d'Ivoire","CIV","2007",28760090953,"1.543116648","1.101429768","2.9298475","10.66575675","-1.095069647","2",24.0822545322769
"1089","Cote d'Ivoire","CIV","2006",25281413263,"1.388231801","2.815578593","3.706273475","10.32991608","-1.20752883","2",23.9533353090533
"1090","Cote d'Ivoire","CIV","2005",24036918703,"1.452181084","0.996065565","2.127191625","9.872439118","-1.249787211","2",23.9028567646464
"1091","Cote d'Ivoire","CIV","2004",23510575681,"1.203627822","3.185038226","0.868358243","10.01288858","-1.241323471","..",23.8807161858426
"1092","Cote d'Ivoire","CIV","2003",21251754340,"0.778244315","-4.725866586","0.547536158","9.656894506","-1.013844848","..",23.7797052860857
"1093","Cote d'Ivoire","CIV","2002",18054383321,"1.177444924","-2.730526474","0.449871788","10.05484621","-0.801531196","..",23.6166543355123
"1094","Cote d'Ivoire","CIV","2001",16810537044,"1.622077268","-2.154012491","0.184450909","9.536225945","..","..",23.5452717317448
"1095","Cote d'Ivoire","CIV","2000",16577533892,"1.415781934","-0.265789462","0.308013121","..","-0.777199268","..",23.5313142356631
"1096","Croatia","HRV","2023",84393795502,"3.95990588","3.302544881","..","21.49228168","0.181928679","..",25.1587597228366
"1097","Croatia","HRV","2022",71198635102,"5.516104219","7.287936432","..","21.67521678","0.147807404","..",24.9887394852649
"1098","Croatia","HRV","2021",69006802299,"7.427067577","12.63170033","0.280358036","21.07085031","0.037536457","..",24.9574709207281
"1099","Croatia","HRV","2020",57963370885,"2.5391044","-8.311642579","0.141105225","20.87391385","0.177110493","..",24.7830771115242
"1100","Croatia","HRV","2019",61467582194,"6.472771769","3.100439114","0.276145553","21.97301939","0.052447699","..",24.8417757539862
"1101","Croatia","HRV","2018",61668130123,"2.669114356","2.904681493","0.320303858","21.78686401","0.046769924","..",24.8450331047994
"1102","Croatia","HRV","2017",56186190438,"3.239996058","3.280958121","0.222493492","22.01662148","0.059624635","..",24.7519368419077
"1103","Croatia","HRV","2016",52654855638,"2.990142286","3.461129474","0.152408109","21.90213454","0.155666068","..",24.6870242961173
"1104","Croatia","HRV","2015",51005200670,"0.958051162","2.323175158","0.188549002","21.41364828","0.199906364","..",24.6551934383933
"1105","Croatia","HRV","2014",59612144078,"5.34746591","-0.557150197","0.332340413","20.38099902","0.200835213","..",24.8111251499595
"1106","Croatia","HRV","2013",59852401272,"1.593776246","-0.125449826","0.380362351","20.59687138","0.107450113","..",24.8151473896493
"1107","Croatia","HRV","2012",57551963753,"2.545699484","-2.253745581","0.424759009","20.12800573","-0.025457293","..",24.7759540940864
"1108","Croatia","HRV","2011",62903737380,"1.985540904","-0.097751453","0.422234791","19.64392207","0.027720679","..",24.8648714166937
"1109","Croatia","HRV","2010",58981738869,"2.619540281","-1.334081524","0.283128863","20.27868687","0.023101466","..",24.8004937222489
"1110","Croatia","HRV","2009",62321642125,"4.925414593","-6.813956178","0.257276727","20.2751684","-0.086094983","..",24.8555745880494
"1111","Croatia","HRV","2008",68478776206,"7.666054224","1.968590093","0.441053907","21.26805008","-0.05050467","..",24.9497896977966
"1112","Croatia","HRV","2007",59298265770,"7.834643319","5.048886209","0.370493477","21.48582345","0.059037972","..",24.8058458974972
"1113","Croatia","HRV","2006",49590197657,"6.748535097","5.081465904","0.419644384","21.45318582","0.044990115","..",24.6270590232633
"1114","Croatia","HRV","2005",45013119282,"4.031555182","4.327076522","0.422317306","20.88501292","0.139555231","..",24.5302198238273
"1115","Croatia","HRV","2004",41836292157,"3.141243761","4.170484873","0.332637436","20.88295457","0.239370078","..",24.4570300332016
"1116","Croatia","HRV","2003",35245317002,"5.238806653","5.568372671","0.301237203","21.67049602","0.258523047","..",24.2855985063721
"1117","Croatia","HRV","2002",26757722429,"3.665425215","5.803328517","0.356223054","22.22209445","0.225011632","..",24.0100889575604
"1118","Croatia","HRV","2001",23066883850,"4.494573921","3.111234879","0.407483342","21.87851311","..","..",23.86166382632
"1119","Croatia","HRV","2000",22134411297,"4.585936275","2.945252995","0.630971359","22.78519817","-0.035381917","..",23.8203993067524
"1120","Cuba","CUB","2020",1.07352e+11,"..","-10.9490846","0.22249989","..","-0.153954476","..",25.3993789917451
"1121","Cuba","CUB","2019",1.03428e+11,"..","-0.163087224","0.543713407","..","0.014878592","..",25.3621415553997
"1122","Cuba","CUB","2018",1.0005e+11,"..","2.247948541","0.731495348","..","0.134250969","..",25.3289358979762
"1123","Cuba","CUB","2017",96850649692,"..","1.809791772","0.457704951","..","0.232622489","..",25.2964359350061
"1124","Cuba","CUB","2016",91370407864,"..","0.512843096","0.325419834","..","0.135588765","..",25.2381874978191
"1125","Cuba","CUB","2015",87132800000,"..","4.438333589","0.439949991","..","0.03837892","..",25.1906992285622
"1126","Cuba","CUB","2014",80656100000,"..","1.047576632","1.255443429","..","0.062706463","..",25.1134602741193
"1127","Cuba","CUB","2013",7.7148e+10,"..","2.747602563","1.442839224","..","0.113214754","..",25.068991491894
"1128","Cuba","CUB","2012",7.3141e+10,"..","3.014900289","1.666174032","..","0.228043005","..",25.0156549219833
"1129","Cuba","CUB","2011",6.899e+10,"..","2.802300836","1.84020872","..","0.26503998","..",24.9572274035044
"1130","Cuba","CUB","2010",59562962963,"..","2.390352297","1.341241707","..","0.308642894","..",24.8102997910568
"1131","Cuba","CUB","2009",57481481481,"..","1.451305431","0.98736661","..","0.274810225","..",24.7747286716769
"1132","Cuba","CUB","2008",56302129630,"..","4.116828042","2.025856705","..","0.262841046","..",24.753998197842
"1133","Cuba","CUB","2007",54262870370,"..","7.262136966","1.570463864","..","0.301246494","..",24.7171060430729
"1134","Cuba","CUB","2006",48835925926,"..","12.06586311","1.487993175","..","0.252376884","..",24.611732065961
"1135","Cuba","CUB","2005",42643836100,"..","11.20165642","1.373786072","..","0.268494964","..",24.4761485775792
"1136","Cuba","CUB","2004",3.8203e+10,"..","5.77053807","1.185799424","..","0.217612058","..",24.3661798835067
"1137","Cuba","CUB","2003",35901200000,"..","3.792740223","0.993675538","..","0.220001534","..",24.3040365580658
"1138","Cuba","CUB","2002",33590500000,"..","1.424821261","0.831779751","..","0.401489079","..",24.2375091258424
"1139","Cuba","CUB","2001",31682400000,"..","3.185029904","0.779894731","..","..","..",24.1790271585989
"1140","Cuba","CUB","2000",30565400000,"..","5.914760174","1.033921601","..","0.357008874","..",24.1431344872055
"1141","Curacao","CUW","2023",3281419347,"4.162910899","4.202","..","..","..","..",21.9115418934867
"1142","Curacao","CUW","2022",3075180835,"5.710779443","7.923","..","..","..","..",21.8466295446058
"1143","Curacao","CUW","2021",2739594360,"6.238610452","4.183711931","..","..","..","..",21.7310757025912
"1144","Curacao","CUW","2020",2534327592,"6.145348247","-18.43847035","..","..","..","..",21.6531941891005
"1145","Curacao","CUW","2019",3026124116,"6.71586643","-3.206131719","..","..","..","..",21.8305484679949
"1146","Curacao","CUW","2018",3046364804,"4.166441152","-2.104111331","..","..","..","..",21.8372148491858
"1147","Curacao","CUW","2017",3033433240,"5.692611328","-1.276208101","..","..","..","..",21.8329608975225
"1148","Curacao","CUW","2016",3024690168,"4.399915082","-1.067708487","..","..","..","..",21.8300744993819
"1149","Curacao","CUW","2015",3058779218,"4.787392086","0.458151544","..","..","..","..",21.8412817249436
"1150","Curacao","CUW","2014",3059406983,"2.265017036","-0.637397373","..","..","..","..",21.8414869377245
"1151","Curacao","CUW","2013",3033568603,"-0.049722953","-0.635696908","..","..","..","..",21.8330055202219
"1152","Curacao","CUW","2012",3012836257,"2.31350889","-0.348950824","..","..","..","..",21.826147750115
"1153","Curacao","CUW","2011",2930092235,"2.406143868","0.508457482","..","..","..","..",21.7982997390021
"1154","Curacao","CUW","2010",2951342793,"..","0.082306609","..","..","..","..",21.8055260878011
"1155","Curacao","CUW","2009",2869153184,"..","-0.531308242","..","..","..","..",21.7772827653401
"1156","Curacao","CUW","2008",2833476145,"..","2.18804308","..","..","..","..",21.764770114622
"1157","Curacao","CUW","2007",2593831508,"..","2.469963228","..","..","..","..",21.6764019662206
"1158","Curacao","CUW","2006",2457581732,"..","1.63593469","..","..","..","..",21.6224436676218
"1159","Curacao","CUW","2005",2344637263,"..","0.676425345","..","..","..","..",21.5753965415918
"1160","Curacao","CUW","2004",2237160503,"..","0.208461073","..","..","..","..",21.5284732660983
"1161","Curacao","CUW","2003",2202117374,"..","0.288186682","..","..","..","..",21.5126851771869
"1162","Curacao","CUW","2002",2160784693,"..","0.397065217","..","..","..","..",21.4937372764672
"1163","Curacao","CUW","2001",2143450726,"..","-0.695753704","..","..","..","..",21.485682856101
"1164","Curacao","CUW","2000",2120511229,"..","..","..","..","..","..",21.4749230423141
"1165","Cyprus","CYP","2023",33886930712,"-10.51403148","2.763909754","..","24.08231222","0.332707405","..",24.2462952522793
"1166","Cyprus","CYP","2022",30935566077,"52.90501348","7.204867807","..","23.16304206","0.421445221","..",24.155172364679
"1167","Cyprus","CYP","2021",30372642502,"15.0482469","11.38818927","0","22.55227992","0.369423598","..",24.1368081224922
"1168","Cyprus","CYP","2020",25555093854,"-296.0131992","-3.220630186","0","21.94010648","0.349943221","..",23.9641025017876
"1169","Cyprus","CYP","2019",26196667100,"431.7884701","5.875595834","0","23.07479889","0.598950326","..",23.9888980296979
"1170","Cyprus","CYP","2018",25754001368,"307.086731","6.271663601","0","23.83344798","0.607749343","..",23.971855844916
"1171","Cyprus","CYP","2017",22946570629,"184.0542826","5.750832366","0","23.8198834","0.746647298","..",23.8564343343572
"1172","Cyprus","CYP","2016",21046462281,"15.82722698","6.573590809","0.000276297","23.51605801","0.78945446","..",23.7699983202904
"1173","Cyprus","CYP","2015",19909278417,"137.2206828","3.418920389","0","24.04738747","0.971173227","..",23.7144517121257
"1174","Cyprus","CYP","2014",23225918260,"233.1657533","-1.776058677","0.002284898","24.71572201","1.070675373","..",23.868534658432
"1175","Cyprus","CYP","2013",23959712861,"108.0903161","-6.587477511","0.003162162","23.5211675","1.238527775","..",23.8996396260234
"1176","Cyprus","CYP","2012",25047436975,"289.8581109","-3.447381514","0.01059368","23.33476889","1.243302345","..",23.9440373428753
"1177","Cyprus","CYP","2011",27641547910,"151.7369425","0.416711868","0.010006633","23.1497766","0.859248042","..",24.0425858368104
"1178","Cyprus","CYP","2010",25799940078,"125.2727379","2.282671001","0.005495817","23.05416331","0.969285846","..",23.9736380063131
"1179","Cyprus","CYP","2009",26048179949,"252.6677734","-2.015082037","0.008681116","23.24923773","0.9054178","..",23.9832137351042
"1180","Cyprus","CYP","2008",27844646258,"44.5459751","3.646989221","0.015044566","26.94962635","1.193127513","..",24.0499065499389
"1181","Cyprus","CYP","2007",23968727074,"9.573456128","5.098226149","0.001179887","28.42295189","1.073370457","..",23.900015779018
"1182","Cyprus","CYP","2006",20072754987,"9.325565566","4.713783586","0.001274335","24.31188564","1.085562587","..",23.722629259243
"1183","Cyprus","CYP","2005",18433412511,"6.303626691","4.852987622","0.001201772","23.16845819","0.899039984","..",23.63743075215
"1184","Cyprus","CYP","2004",17320551250,"6.459620092","5.026272267","0","21.82883758","0.873254597","..",23.5751595669414
"1185","Cyprus","CYP","2003",14547329558,"6.242709456","2.623299623","0","22.0150698","1.192308187","..",23.4006732781866
"1186","Cyprus","CYP","2002",11420228846,"9.662238305","3.722974911","0","21.43126931","1.126284242","..",23.1586520800278
"1187","Cyprus","CYP","2001",10397898907,"9.085901704","3.952562582","0","21.29563621","..","..",23.0648695945102
"1188","Cyprus","CYP","2000",9985847314,"8.560858771","5.965304455","0","20.79663358","1.081236482","..",23.0244346589019
"1189","Czechia","CZE","2023",3.43207e+11,"3.464845707","-0.05526182","..","..","0.767809868","..",26.5615996006226
"1190","Czechia","CZE","2022",3.01831e+11,"3.029375173","2.847170658","..","12.64198839","0.663074553","..",26.4331330950363
"1191","Czechia","CZE","2021",2.90973e+11,"4.430295246","4.029018321","0.009656964","12.9358385","0.615270674","..",26.3964963163081
"1192","Czechia","CZE","2020",2.5111e+11,"3.391140662","-5.304879555","0.005072079","14.07311681","0.555441022","..",26.249156927088
"1193","Czechia","CZE","2019",2.56794e+11,"4.187057376","3.565776581","0.008322047","14.5245717","0.533485949","..",26.2715400440033
"1194","Czechia","CZE","2018",2.51992e+11,"3.303539983","2.830305883","0.012558405","14.65729131","0.509728491","..",26.2526631779222
"1195","Czechia","CZE","2017",2.21564e+11,"5.07066241","5.1735653","0.008816223","14.80677862","0.568141341","..",26.1239773237487
"1196","Czechia","CZE","2016",1.98161e+11,"5.475664214","2.580870139","0.006924913","14.77064978","0.555945516","..",26.0123456685419
"1197","Czechia","CZE","2015",1.89108e+11,"0.898913492","4.958758489","0.010291481","14.68562902","0.467913359","..",25.9655841173743
"1198","Czechia","CZE","2014",2.10911e+11,"3.835101534","2.245212199","0.025268189","14.32344196","0.429756612","..",26.0747020804916
"1199","Czechia","CZE","2013",2.13024e+11,"3.453867264","-0.041812416","0.027497008","14.98638406","0.299111813","..",26.0846706723647
"1200","Czechia","CZE","2012",2.10363e+11,"4.484243808","-0.770668191","0.030535276","14.82192296","0.310179651","..",26.0721004468323
"1201","Czechia","CZE","2011",2.31429e+11,"1.809941553","1.772380853","0.030616847","14.40314698","0.383604437","..",26.1675389679677
"1202","Czechia","CZE","2010",2.11169e+11,"4.815029855","2.714665099","0.021771995","13.51508771","0.384590119","..",26.0759245977022
"1203","Czechia","CZE","2009",2.06972e+11,"2.547019253","-4.798324167","0.024405519","13.60054036","0.380892634","..",26.0558493553621
"1204","Czechia","CZE","2008",2.36506e+11,"3.727340175","2.612268072","0.042970422","13.69102756","0.343739986","..",26.1892394145354
"1205","Czechia","CZE","2007",1.90041e+11,"7.269840533","5.488825952","0.036747355","14.62269251","0.321369082","..",25.9705056753014
"1206","Czechia","CZE","2006",1.56236e+11,"4.564883006","6.623172992","0.043607563","14.22476356","0.350346774","..",25.7746335215486
"1207","Czechia","CZE","2005",1.37264e+11,"10.00272913","6.375028861","0.050808845","14.47194809","0.48022601","..",25.645171915777
"1208","Czechia","CZE","2004",1.20148e+11,"5.346298314","4.736339697","0.038329847","15.36370664","0.38449049","..",25.511990153131
"1209","Czechia","CZE","2003",1.00436e+11,"2.012502749","3.300836833","0.035170936","14.93425978","0.489982098","..",25.3327865456718
"1210","Czechia","CZE","2002",82607869610,"10.28547168","1.513459491","0.03046194","14.49221399","0.358057916","..",25.1373707866639
"1211","Czechia","CZE","2001",68135304464,"8.278685008","2.917219529","0.024458129","14.67065961","..","..",24.9447613366786
"1212","Czechia","CZE","2000",62175642238,"8.020953141","4.01066962","0.035074255","14.39409093","0.146037668","..",24.853229156104
"1213","Denmark","DNK","2023",4.07092e+11,"1.124285847","2.495184345","..","31.40416907","2.376053095","..",26.7323050410709
"1214","Denmark","DNK","2022",4.01946e+11,"7.667933511","1.540173074","..","30.66927192","2.402638197","..",26.7195835881844
"1215","Denmark","DNK","2021",4.08378e+11,"4.162143452","7.382066334","0.270290117","35.00401229","2.333371401","..",26.7354590530298
"1216","Denmark","DNK","2020",3.55631e+11,"0.363874539","-1.780106018","0.137036781","34.47093025","2.236486197","..",26.5971595133894
"1217","Denmark","DNK","2019",3.45401e+11,"-1.100670983","1.711400939","0.372447675","34.97739054","2.12164855","..",26.5679718978488
"1218","Denmark","DNK","2018",3.55293e+11,"2.466700576","1.86000749","0.459098842","32.38392367","2.156995773","..",26.5962086381187
"1219","Denmark","DNK","2017",3.31611e+11,"1.087804903","3.056477239","0.367052364","33.27970952","2.190749168","..",26.5272284321543
"1220","Denmark","DNK","2016",3.12182e+11,"2.499831698","3.073045492","0.261758496","33.49032674","2.203002691","..",26.4668521880165
"1221","Denmark","DNK","2015",3.01759e+11,"0.610750678","2.104414564","0.389980667","34.15604274","2.185854197","..",26.4328945224942
"1222","Denmark","DNK","2014",3.52833e+11,"1.864155678","1.277999832","0.834668694","36.58507238","2.25215745","..",26.5892606941197
"1223","Denmark","DNK","2013",3.44631e+11,"0.197410829","1.392673432","0.967648067","33.79614269","2.399377823","..",26.5657401163673
"1224","Denmark","DNK","2012",3.26793e+11,"-5.00312032","-0.005432302","1.260887333","33.51467416","2.382462263","..",26.5125927798742
"1225","Denmark","DNK","2011",3.44316e+11,"3.937926374","1.310803761","1.368394413","32.8089691","2.392884016","..",26.5648256773119
"1226","Denmark","DNK","2010",3.22346e+11,"-3.567941353","1.582897031","0.983292206","32.76371433","2.352359056","..",26.4988913397537
"1227","Denmark","DNK","2009",3.22619e+11,"1.171427918","-4.974479057","0.91483247","32.97678129","2.435494423","..",26.4997378973694
"1228","Denmark","DNK","2008",3.54979e+11,"0.617279544","-0.41717844","1.703550509","33.42277906","2.376408815","..",26.5953244697425
"1229","Denmark","DNK","2007",3.20213e+11,"3.687996023","0.987173816","1.375155711","35.14183977","2.434834003","..",26.4922522363101
"1230","Denmark","DNK","2006",2.83386e+11,"0.841695783","3.816487699","1.541700109","31.89289097","2.459118366","..",26.3700757628416
"1231","Denmark","DNK","2005",2.6515e+11,"4.84519219","2.35960883","1.575483122","32.98969075","2.278205633","..",26.3035615405296
"1232","Denmark","DNK","2004",2.51986e+11,"-3.493908413","2.776351807","1.157490236","31.23567868","2.406824589","..",26.252639367359
"1233","Denmark","DNK","2003",2.18421e+11,"0.542449724","0.441091007","0.933077005","30.27389183","2.358764887","..",26.1096902300408
"1234","Denmark","DNK","2002",1.78788e+11,"2.478185329","0.456530019","0.977649522","30.19371284","2.310651064","..",25.9094665833396
"1235","Denmark","DNK","2001",1.64882e+11,"5.632165821","0.950032246","0.952850407","30.19267544","..","..",25.828495903489
"1236","Denmark","DNK","2000",1.64044e+11,"21.95346251","3.724008995","1.366954816","31.50094176","2.321177483","..",25.8234005214695
"1237","Djibouti","DJI","2023",3917150481,"3.497681584","7.372071487","..","..","-0.78092742","3",22.0886303083035
"1238","Djibouti","DJI","2022",3562814909,"5.24930013","5.166537029","..","..","-0.793266594","3",21.9938167741433
"1239","Djibouti","DJI","2021",3392796953,"4.914827888","4.407156676","0","..","-0.805005491","3",21.944920478046
"1240","Djibouti","DJI","2020",3144136197,"5.032543157","1.202115173","0","..","-0.752914548","3",21.8688050302316
"1241","Djibouti","DJI","2019",3088851450,"5.665504416","5.545080812","0","..","-0.880485117","2.5",21.8510651597297
"1242","Djibouti","DJI","2018",2913464658,"5.83497725","4.774339349","0","..","-0.743121624","2.5",21.7926088140465
"1243","Djibouti","DJI","2017",2762581334,"5.970135971","5.458091517","0","..","-0.671423614","2.5",21.7394313455288
"1244","Djibouti","DJI","2016",2604955229,"6.142062351","7.123432337","0","..","-0.689762235","2.5",21.6806813254397
"1245","Djibouti","DJI","2015",2424391785,"5.932712166","7.308985635","0","..","-0.697522461","2.5",21.6088465195684
"1246","Djibouti","DJI","2014",2220637966,"6.889832613","7.192987285","0","..","-0.59669584","2.5",21.5210603636192
"1247","Djibouti","DJI","2013",2044440443,"13.98937634","..","0","..","-0.550392866","2.5",21.438389966995
"1248","Djibouti","DJI","2012",1353632942,"8.126150917","..","0","..","-0.470184714","2.5",21.026057883104
"1249","Djibouti","DJI","2011",1239144502,"6.375384839","..","0","..","-0.421640873","2.5",20.9376870607187
"1250","Djibouti","DJI","2010",1128611700,"3.234153297","..","0","..","-0.402063727","2.5",20.8442541302717
"1251","Djibouti","DJI","2009",1049110685,"9.232551529","..","0","..","-0.367729425","2.5",20.7712086755703
"1252","Djibouti","DJI","2008",999105339.3,"22.78584382","..","0","..","-0.303243905","2.5",20.7223707757987
"1253","Djibouti","DJI","2007",847918929.1,"23.03889364","..","0","..","-0.542462528","2.5",20.5582955867096
"1254","Djibouti","DJI","2006",768873684,"14.08394014","..","0","..","-0.667271733","2.5",20.4604372538997
"1255","Djibouti","DJI","2005",708633194.7,"3.133262929","..","0","..","-0.711830616","2.5",20.3788485947684
"1256","Djibouti","DJI","2004",666072101.8,"5.786694826","..","0","..","-0.429071277","..",20.3169084836058
"1257","Djibouti","DJI","2003",622044665.5,"2.286739804","..","0","..","-0.648552418","..",20.2485224576108
"1258","Djibouti","DJI","2002",591122039.6,"0.580649337","..","0","..","-0.628373802","..",20.197533050838
"1259","Djibouti","DJI","2001",572417440.8,"0.592742007","..","0","..","..","..",20.1653790747841
"1260","Djibouti","DJI","2000",551230861.9,"0.596129446","..","0","..","-0.636604071","..",20.1276642664809
"1261","Dominica","DMA","2023",659311111.1,"7.221571674","3.652210122","..","..","0.544514537","4",20.3067060768158
"1262","Dominica","DMA","2022",623062963,"2.715986435","10.39680766","..","..","0.539586186","4",20.2501581358505
"1263","Dominica","DMA","2021",562911111.1,"5.034314411","5.37983839","0","..","0.547485948","4",20.1486322892695
"1264","Dominica","DMA","2020",528944444.4,"4.31749235","-15.70640245","0","..","0.556784511","4",20.0863939642698
"1265","Dominica","DMA","2019",644259259.3,"9.784847887","3.948097579","0","..","0.521607757","4",20.2836117796092
"1266","Dominica","DMA","2018",628244444.4,"12.46062305","2.96401061","0","..","0.535799265","4",20.2584398913724
"1267","Dominica","DMA","2017",563355555.6,"4.025381035","-7.544363755","0","..","0.6347422","4",20.1494215242459
"1268","Dominica","DMA","2016",612711111.1,"6.898018551","1.447245565","0","..","0.624173343","4",20.2334041121814
"1269","Dominica","DMA","2015",583177777.8,"1.227820535","-3.373382625","0","..","0.60711211","4",20.1840026340233
"1270","Dominica","DMA","2014",572255555.6,"2.15759021","2.335217421","0","..","0.691183269","4",20.1650962250941
"1271","Dominica","DMA","2013",545325925.9,"7.09315981","0.004503997","0","..","0.692387104","4",20.1168942030536
"1272","Dominica","DMA","2012",520355555.6,"10.82324566","-0.157391793","0","..","0.69570899","4",20.0700228966511
"1273","Dominica","DMA","2011",532081481.5,"9.485108991","0.042738888","0","..","0.768938184","4",20.0923071962923
"1274","Dominica","DMA","2010",519859259.3,"10.98870866","-0.105610858","0","..","0.771071732","4",20.0690686777137
"1275","Dominica","DMA","2009",515618518.5,"11.01009179","-1.135751456","0","..","0.80834341","4",20.0608777447924
"1276","Dominica","DMA","2008",480003703.7,"11.71129038","7.121312178","0","..","0.791117251","4",19.9893043778781
"1277","Dominica","DMA","2007",444685185.2,"9.082544235","5.357937558","0","..","0.705601811","4",19.9128771407816
"1278","Dominica","DMA","2006",416674074.1,"6.282368324","4.400774798","0","..","0.689822674","4",19.8478148772745
"1279","Dominica","DMA","2005",391455555.6,"4.830845788","0.915286473","0","..","0.743590176","4",19.7853825435792
"1280","Dominica","DMA","2004",396711111.1,"6.497398062","4.097836623","0","..","0.759357512","..",19.7987188939151
"1281","Dominica","DMA","2003",373318518.5,"8.395619474","5.804954686","0","..","0.854120076","..",19.7379425502086
"1282","Dominica","DMA","2002",375200000,"5.345250048","-3.087420524","0","..","0.850210369","..",19.7429697750963
"1283","Dominica","DMA","2001",377462963,"3.876969945","-0.06384473","0","..","..","..",19.7489830105819
"1284","Dominica","DMA","2000",333470370.4,"5.257126837","2.340219321","0","..","0.861537576","..",19.6250645749952
"1285","Dominican Republic","DOM","2023",1.20456e+11,"3.943755868","2.192298482","..","14.45348574","-0.449474931","..",25.5145503779672
"1286","Dominican Republic","DOM","2022",1.13478e+11,"3.568970981","5.237956529","..","13.90610303","-0.439807773","..",25.4548748224808
"1287","Dominican Republic","DOM","2021",94850719517,"3.531549383","14.01242891","0","14.36350038","-0.590438902","..",25.2755701191395
"1288","Dominican Republic","DOM","2020",78546672407,"3.132659761","-7.929052342","0","12.50903439","-0.750963449","..",25.0869588380136
"1289","Dominican Republic","DOM","2019",89146130745,"3.173665504","4.894030115","0","13.35079773","-0.83899039","..",25.2135427786872
"1290","Dominican Republic","DOM","2018",84994732049,"3.229023651","7.097516402","0","13.18604533","-0.830888629","..",25.165855115622
"1291","Dominican Republic","DOM","2017",79070274743,"4.5502561","3.933861764","0","13.24059299","-0.78759861","..",25.0936028477039
"1292","Dominican Republic","DOM","2016",75552902636,"3.330249285","6.719740787","0","13.0122121","-0.81047219","..",25.0480989449933
"1293","Dominican Republic","DOM","2015",70966782572,"3.138510609","6.987711312","0","12.94651444","-0.873729885","..",24.9854777534127
"1294","Dominican Republic","DOM","2014",67014329100,"3.559388018","7.111226297","0","13.41953177","-0.842135191","..",24.9281723006352
"1295","Dominican Republic","DOM","2013",62555417415,"2.557572255","4.934733007","0","13.5308948","-0.912038088","..",24.8593186794615
"1296","Dominican Republic","DOM","2012",60561635556,"5.640369466","2.775671008","0","13.05227283","-0.897264659","..",24.8269274529104
"1297","Dominican Republic","DOM","2011",57948261616,"3.79217588","3.191962275","0","12.31492377","-0.844827235","..",24.7828164082839
"1298","Dominican Republic","DOM","2010",53801053353,"3.383205136","8.401145412","0","12.22081855","-0.8830809","..",24.7085588829745
"1299","Dominican Republic","DOM","2009",48223781477,"3.515485406","1.00345293","0","12.64568227","-0.80672878","..",24.5991181279643
"1300","Dominican Republic","DOM","2008",48091433554,"5.673359678","3.268086713","0","14.17023127","-0.752358675","..",24.5963699016066
"1301","Dominican Republic","DOM","2007",43965458509,"5.124249983","7.418405778","0","14.88626837","-0.77585125","..",24.5066701286778
"1302","Dominican Republic","DOM","2006",37879830084,"4.035656962","9.17120651","0","13.99475989","-0.723454773","..",24.3576846196154
"1303","Dominican Republic","DOM","2005",35777560684,"3.125981701","9.43178932","0","13.69816112","-0.710663259","..",24.3005867372977
"1304","Dominican Republic","DOM","2004",22322387382,"4.186290579","2.585566674","0","12.52188432","-0.592195392","..",23.8288559302987
"1305","Dominican Republic","DOM","2003",21403167848,"2.880554899","-1.349357448","0","11.74514298","-0.728653252","..",23.7868047782992
"1306","Dominican Republic","DOM","2002",27137440786,"3.412259864","4.48650367","0","13.21672761","-0.472972482","..",24.0241801901494
"1307","Dominican Republic","DOM","2001",25601823688,"4.249306664","2.469370238","0","13.38050699","..","..",23.9659294237071
"1308","Dominican Republic","DOM","2000",24305780629,"4.068990892","4.651725503","0","12.16441366","-0.688496113","..",23.9139800449696
"1309","Ecuador","ECU","2023",1.21147e+11,"0.392113816","1.98823814","..","..","-0.647337437","..",25.5202705212115
"1310","Ecuador","ECU","2022",1.16133e+11,"0.759506673","5.868423549","..","13.08919818","-0.630264878","..",25.4780019229885
"1311","Ecuador","ECU","2021",1.07179e+11,"0.605259149","9.42189269","6.403250833","12.73586841","-0.59461385","..",25.3977661708707
"1312","Ecuador","ECU","2020",95865473000,"1.162409015","-9.245096192","2.562759887","12.94143459","-0.504086554","..",25.2862117227264
"1313","Ecuador","ECU","2019",1.07596e+11,"0.910478126","0.165404465","5.52629824","13.40088959","-0.509275019","..",25.4016493092619
"1314","Ecuador","ECU","2018",1.07479e+11,"1.294494988","1.044294607","6.759100099","14.29254857","-0.629500389","..",25.4005613165939
"1315","Ecuador","ECU","2017",1.04467e+11,"0.605382054","5.97039881","4.512899366","13.68930431","-0.626104653","..",25.3721370690056
"1316","Ecuador","ECU","2016",97671433000,"0.784918215","-0.687954246","3.261585505","14.54177065","-0.680792749","..",25.3048749581524
"1317","Ecuador","ECU","2015",97209558000,"1.360670046","0.119692109","4.194836605","16.38905349","-0.672376871","..",25.3001348769117
"1318","Ecuador","ECU","2014",1.02718e+11,"0.751953402","4.226065204","11.08263813","14.02067573","-0.741118491","..",25.3552532062935
"1319","Ecuador","ECU","2013",96570334000,"0.752903274","7.211236537","12.29786051","14.12323391","-0.502911985","..",25.2935374295503
"1320","Ecuador","ECU","2012",87735048000,"0.646739603","5.783212336","13.96385977","..","-0.508597851","..",25.1975872916114
"1321","Ecuador","ECU","2011",78986648000,"0.817966549","8.481476563","16.01185723","..","-0.641708136","..",25.092544662471
"1322","Ecuador","ECU","2010",68151329000,"0.243419054","4.02913788","11.19414785","..","-0.70774436","..",24.9449964959993
"1323","Ecuador","ECU","2009",60094978000,"0.513570186","1.09101297","8.824570834","..","-0.744574428","..",24.8191921142641
"1324","Ecuador","ECU","2008",61139438000,"1.729495813","6.564920682","18.65457486","..","-0.654705822","..",24.8364229613485
"1325","Ecuador","ECU","2007",49848725000,"0.388921737","1.902428597","16.51382178","..","-0.74563235","..",24.632258756297
"1326","Ecuador","ECU","2006",45690762000,"0.594056305","4.341131986","17.98687911","..","-0.784096122","..",24.5451619699925
"1327","Ecuador","ECU","2005",40278849000,"1.224994874","5.39862244","16.53663965","..","-0.735878944","..",24.4190923294133
"1328","Ecuador","ECU","2004",35194947000,"2.378010667","6.832397366","12.25082525","..","-0.726669908","..",24.2841683581096
"1329","Ecuador","ECU","2003",30965208000,"2.814492362","2.884500365","8.391476534","..","-0.728124201","..",24.1561300885753
"1330","Ecuador","ECU","2002",27054197000,"2.895155268","4.928095496","8.073704058","..","-0.868261039","..",24.0211079873197
"1331","Ecuador","ECU","2001",23127055000,"2.328738247","4.206271857","9.090692909","..","..","..",23.8642689812615
"1332","Ecuador","ECU","2000",17539454727,"-0.133637951","1.091801647","16.33249509","..","-0.799629569","..",23.587718736007
"1333","Egypt, Arab Rep.","EGY","2023",3.95926e+11,"2.485463984","3.760280523","..","..","-0.747790396","..",26.7044931620519
"1334","Egypt, Arab Rep.","EGY","2022",4.76748e+11,"2.39118081","6.587845609","..","..","-0.678962171","..",26.8902538863473
"1335","Egypt, Arab Rep.","EGY","2021",4.24672e+11,"1.206178611","3.290646012","2.985814583","..","-0.705943346","..",26.7745829432012
"1336","Egypt, Arab Rep.","EGY","2020",3.83818e+11,"1.52462949","3.550164838","1.857700951","..","-0.810433626","..",26.6734343188471
"1337","Egypt, Arab Rep.","EGY","2019",3.18679e+11,"2.82732945","5.552093072","3.881961863","..","-0.655317545","..",26.4874501635096
"1338","Egypt, Arab Rep.","EGY","2018",2.62589e+11,"3.100400776","5.331108619","5.476588229","..","-0.514722347","..",26.2938559091335
"1339","Egypt, Arab Rep.","EGY","2017",2.48363e+11,"2.983015509","4.181221","4.126832694","..","-0.495982349","..",26.23815722261
"1340","Egypt, Arab Rep.","EGY","2016",3.32442e+11,"2.438562781","4.346643456","2.35006517","..","-0.590893149","..",26.5297312457364
"1341","Egypt, Arab Rep.","EGY","2015",3.29367e+11,"2.102581284","4.372019078","3.055264337","12.5192111","-0.60090673","..",26.520438467522
"1342","Egypt, Arab Rep.","EGY","2014",3.05595e+11,"1.509250423","2.91591188","6.823400136","12.22014085","-0.575518012","..",26.4455265328484
"1343","Egypt, Arab Rep.","EGY","2013",2.88434e+11,"1.453434208","2.185466054","7.828630198","13.49806493","-0.614102066","..",26.3877321272254
"1344","Egypt, Arab Rep.","EGY","2012",2.79117e+11,"1.002340718","2.226199799","8.38345897","12.38490476","-0.57966435","..",26.3548968857018
"1345","Egypt, Arab Rep.","EGY","2011",2.3599e+11,"-0.204542849","1.764571949","9.741862855","14.0086354","-0.633263946","..",26.1870552681929
"1346","Egypt, Arab Rep.","EGY","2010",2.18984e+11,"2.916016576","5.147234858","7.417787129","14.13007625","-0.596871853","..",26.1122645047332
"1347","Egypt, Arab Rep.","EGY","2009",1.89147e+11,"3.54835118","4.6735998","6.247557414","15.66136058","-0.464862794","..",25.9657903274714
"1348","Egypt, Arab Rep.","EGY","2008",1.62818e+11,"5.831412619","7.156283566","12.45456777","15.32052485","-0.765909255","..",25.8158988495135
"1349","Egypt, Arab Rep.","EGY","2007",1.30438e+11,"8.876336063","7.087827427","10.78185883","15.34985231","-0.737870097","..",25.59416385503
"1350","Egypt, Arab Rep.","EGY","2006",1.07426e+11,"9.348567266","6.843838194","11.72969341","15.82951271","-0.737334073","..",25.4000680753843
"1351","Egypt, Arab Rep.","EGY","2005",89660339660,"5.995515989","4.471744472","11.85093121","14.0686351","-0.539499521","..",25.2192943639779
"1352","Egypt, Arab Rep.","EGY","2004",78782467532,"1.590836184","4.092071611","9.494486314","13.83597775","-0.58350575","..",25.0899563158062
"1353","Egypt, Arab Rep.","EGY","2003",80288461538,"0.295683832","3.193454737","7.506373711","13.34994012","-0.53074795","..",25.1088917556442
"1354","Egypt, Arab Rep.","EGY","2002",85146067416,"0.759753233","2.390204026","5.905807044","13.4077593","-0.440157712","..",25.167634058796
"1355","Egypt, Arab Rep.","EGY","2001",96684636119,"0.527384723","3.535251974","5.170662733","..","..","..",25.2947203448695
"1356","Egypt, Arab Rep.","EGY","2000",99838543960,"1.236997207","6.37000383","6.472221606","..","-0.492667794","..",25.3268201577272
"1357","El Salvador","SLV","2023",33853940000,"1.899288275","3.539156693","..","20.70523783","-0.56131506","..",24.2453212253953
"1358","El Salvador","SLV","2022",31870120000,"0.082318757","2.954615165","..","21.16245562","-0.642525256","..",24.1849347306651
"1359","El Salvador","SLV","2021",29043140000,"2.756049983","11.9047617","0.000150419","19.68967543","-0.553710938","..",24.0920481477795
"1360","El Salvador","SLV","2020",24921190000,"1.551019986","-7.89310136","6.48310040641576E-05","18.39077508","-0.577636421","..",23.9389842825345
"1361","El Salvador","SLV","2019",26881140000,"2.59024369","2.437471591","0.000125565","18.08145041","-0.537863314","..",24.0146907624163
"1362","El Salvador","SLV","2018",26020850000,"1.586204787","2.412444224","0.000162052","18.12892354","-0.58643496","..",23.9821639766763
"1363","El Salvador","SLV","2017",24979190000,"2.016884515","2.247619081","0.000106395","17.75375106","-0.534349263","..",23.9413089151774
"1364","El Salvador","SLV","2016",24191430000,"1.981980316","2.539062411","0","17.35477562","-0.556168318","..",23.909264275158
"1365","El Salvador","SLV","2015",23438240000,"2.109978045","2.400000089","0","16.75268491","-0.447838724","..",23.8776347135119
"1366","El Salvador","SLV","2014",22593470000,"2.240895136","1.729399842","0.000268957","16.7087952","-0.375204563","..",23.8409267634209
"1367","El Salvador","SLV","2013",21990960000,"1.114908573","2.182952325","0.000303212","17.05473522","-0.349343956","..",23.8138972967675
"1368","El Salvador","SLV","2012",21386150000,"2.011239459","2.887700102","0.000341987","16.18243583","-0.412512779","..",23.7860093531906
"1369","El Salvador","SLV","2011",20283780000,"0.603930847","3.773584998","0.000375231","15.34403351","-0.247806415","..",23.7330873888334
"1370","El Salvador","SLV","2010",18447920000,"-0.613406193","2.154195367","0","15.81208071","-0.258609384","..",23.6382174639503
"1371","El Salvador","SLV","2009",17601620000,"2.094863995","-2.108768376","0.13848152","14.97703052","-0.230227888","..",23.5912567802091
"1372","El Salvador","SLV","2008",17986890000,"5.020601116","2.154402983","0.577913009","17.06020329","-0.411013573","..",23.6129089961457
"1373","El Salvador","SLV","2007",17011750000,"9.114347436","1.847602206","0.458911583","16.74489691","-0.423062176","..",23.5571701187208
"1374","El Salvador","SLV","2006",15999890000,"1.507072861","4.336998603","0.566470351","15.67010773","-0.335918337","..",23.4958476841626
"1375","El Salvador","SLV","2005",1.4698e+10,"3.477616002","2.680830094","0.135195935","14.5108178","-0.508673728","..",23.4109772670531
"1376","El Salvador","SLV","2004",13724810900,"2.646812423","0.889404486","0.021738568","12.65445486","-0.480672061","..",23.3424710464693
"1377","El Salvador","SLV","2003",13243892200,"1.066151837","1.565393031","0.019540878","12.67829709","-0.416793615","..",23.3068023170634
"1378","El Salvador","SLV","2002",12664190300,"3.711251875","1.572918448","0.013937511","12.09947074","-0.81314522","..",23.26204418626
"1379","El Salvador","SLV","2001",12282533600,"2.270704149","0.87961366","0","13.30670083","..","..",23.2314440576028
"1380","El Salvador","SLV","2000",11784927700,"1.471370927","1.127906977","0","10.6054957","-0.745444059","..",23.1900872383984
"1381","Equatorial Guinea","GNQ","2023",12337550584,"1.149181833","-5.089308721","..","..","-1.570372701","..",23.2359133417179
"1382","Equatorial Guinea","GNQ","2022",13687643436,"10.1419331","3.223508317","..","6.595986826","-1.601969361","..",23.3397593238107
"1383","Equatorial Guinea","GNQ","2021",12215878033,"4.597259554","0.860269956","14.94002213","5.395099126","-1.587349534","..",23.2260024206119
"1384","Equatorial Guinea","GNQ","2020",9893816008,"-0.091698592","-4.791080834","10.75211672","8.011290134","-1.539570451","..",23.015175753258
"1385","Equatorial Guinea","GNQ","2019",11364133550,"7.228119297","-5.481825379","18.8135521","9.301943614","-1.563867688","..",23.1537280528932
"1386","Equatorial Guinea","GNQ","2018",13097012134,"-1.103043721","-6.236544067","20.32646985","6.168908909","-1.543421268","..",23.295649959765
"1387","Equatorial Guinea","GNQ","2017",12200913879,"3.154134304","-5.667508505","16.13667262","5.981846872","-1.645761371","..",23.2247766939949
"1388","Equatorial Guinea","GNQ","2016",11240808848,"15.6154447","-8.816417232","11.70864284","6.384406989","-1.603169918","..",23.1428166403887
"1389","Equatorial Guinea","GNQ","2015",13185496881,"9.007616631","-9.110041149","12.57604146","11.45673493","-1.572475553","..",23.3023833413658
"1390","Equatorial Guinea","GNQ","2014",21765453082,"0.771291916","0.415066302","22.8648775","8.298900808","-1.540791154","..",23.8035898287338
"1391","Equatorial Guinea","GNQ","2013",21948834284,"2.655943785","-4.133198501","29.00202638","8.516349943","-1.315907359","..",23.8119798672669
"1392","Equatorial Guinea","GNQ","2012",22388344144,"4.400756053","8.312871844","34.99430328","8.742219053","-1.239950657","..",23.8318063096637
"1393","Equatorial Guinea","GNQ","2011",21357343669,"9.24740469","6.52392363","33.92720427","7.015790113","-1.22866559","..",23.7846614832395
"1394","Equatorial Guinea","GNQ","2010",16314443436,"16.75815673","-8.924175889","33.04850719","7.586159224","-1.234830737","..",23.5153166527721
"1395","Equatorial Guinea","GNQ","2009",15027795173,"10.88795536","1.343356288","24.43848045","12.76309665","-1.220263124","..",23.433167334874
"1396","Equatorial Guinea","GNQ","2008",19749893536,"-4.019628402","17.79910913","43.60954549","7.786359889","-1.198916078","..",23.7064139376967
"1397","Equatorial Guinea","GNQ","2007",13071718759,"9.507021325","15.28211392","48.21675372","7.546688154","-1.212375522","..",23.2937168600682
"1398","Equatorial Guinea","GNQ","2006",10086528699,"4.654782869","7.704917607","52.39278958","9.668882886","-1.362626076","..",23.0344665783229
"1399","Equatorial Guinea","GNQ","2005",8217369093,"9.36000539","16.74870061","55.19608486","..","-1.426847577","..",22.829515933105
"1400","Equatorial Guinea","GNQ","2004",4410764339,"7.729147237","37.99872686","..","..","-1.380372643","..",22.2073138308882
"1401","Equatorial Guinea","GNQ","2003",2484745935,"27.76057545","13.95525032","..","..","-1.2759372","..",21.6334362518316
"1402","Equatorial Guinea","GNQ","2002",1806742742,"17.89914538","19.46283404","..","..","-1.222882509","..",21.3147914709614
"1403","Equatorial Guinea","GNQ","2001",1461139022,"64.38410075","63.37987543","..","..","..","..",21.102482120561
"1404","Equatorial Guinea","GNQ","2000",1045998496,"14.77053653","18.21377996","82.77689613","..","-1.212374926","..",20.7682377647296
"1405","Eritrea","ERI","2011",2065001626,"1.888618368","8.679800101","0","..","-0.641272008","2",21.4483968507683
"1406","Eritrea","ERI","2010",1589515447,"5.72501514","2.194190349","0","..","-0.550964773","2",21.1866950564183
"1407","Eritrea","ERI","2009",1856695551,"4.901180484","3.876501528","0","..","-0.473421842","2",21.342064159188
"1408","Eritrea","ERI","2008",1380188800,"2.825700368","-9.783030018","0","..","-0.358149886","2",21.0454861383519
"1409","Eritrea","ERI","2007",1317974491,"0.546786","1.426822211","0","..","-0.411584377","2",20.9993619185147
"1410","Eritrea","ERI","2006",1211161880,"1.269492564","-0.969217111","0","..","-0.345739335","2.5",20.9148459672328
"1411","Eritrea","ERI","2005",1098424686,"0.130327552","2.574449551","0","..","-0.318069249","2.5",20.8171428866739
"1412","Eritrea","ERI","2004",1109054005,"2.173353135","1.451735566","0","..","-0.148119673","..",20.8267732411533
"1413","Eritrea","ERI","2003",870248267.6,"2.872719307","-2.655515925","0","..","-0.048502833","..",20.5842890939615
"1414","Eritrea","ERI","2002",729321680.2,"3.121553989","3.005429192","0","..","0.125430346","..",20.4076254549225
"1415","Eritrea","ERI","2001",752371688.7,"1.612451689","8.755435528","0","..","..","..",20.4387410266928
"1416","Eritrea","ERI","2000",706370815.6,"3.945535317","-3.141985903","0","..","0.496908665","..",20.375650892131
"1417","Estonia","EST","2023",41291245222,"12.95869166","-3.023038745","..","21.42148782","1.538122296","..",24.4439163343456
"1418","Estonia","EST","2022",38376046175,"4.893201225","0.060430517","..","21.01668628","1.544712782","..",24.3706993043714
"1419","Estonia","EST","2021",37204563051,"20.30639491","7.154446763","0.962229214","21.74039237","1.506608486","..",24.3396972533644
"1420","Estonia","EST","2020",31820771494,"12.01477529","-2.883807515","0.480973513","20.72159846","1.58082056","..",24.183385105131
"1421","Estonia","EST","2019",31873748770,"9.768193646","3.726649435","0.92458769","21.06264657","1.525247574","..",24.18504858538
"1422","Estonia","EST","2018",31222632741,"4.080158322","3.699697562","0.995460171","20.8332766","1.468503714","..",24.1644090771458
"1423","Estonia","EST","2017",27469461919,"6.318927212","5.63467249","0.64896967","20.86809166","1.202630877","..",24.0363407489113
"1424","Estonia","EST","2016",24561027788,"3.769232561","3.093019208","0.395237695","21.67740271","1.231093168","..",23.9244267873954
"1425","Estonia","EST","2015",23311847751,"-3.069105193","1.838152629","0.577870299","21.5659169","1.255370736","..",23.8722275554497
"1426","Estonia","EST","2014",27055689003,"6.585116181","3.322789882","0.967779938","20.70468899","1.298770547","..",24.0211631344697
"1427","Estonia","EST","2013",25451032781,"4.313939306","1.756493796","0.908405978","20.23959321","1.181444526","..",23.9600221599054
"1428","Estonia","EST","2012",23237406116,"7.691656795","3.672018725","1.013148662","20.16209938","1.088298321","..",23.8690291497922
"1429","Estonia","EST","2011",23303915795,"4.802404493","7.606974589","0.895652","19.44611043","1.045448303","..",23.8718872432688
"1430","Estonia","EST","2010",19524355419,"13.27703301","2.449750206","0.720826424","20.18862598","0.989536285","..",23.6949285190158
"1431","Estonia","EST","2009",19633984440,"9.505441711","-14.63022254","0.956769785","21.71767825","1.000682592","..",23.7005278017136
"1432","Estonia","EST","2008",24342935404,"8.122539719","-5.125311543","1.583027468","19.38705772","0.952435076","..",23.9155075172342
"1433","Estonia","EST","2007",22450264166,"13.51051327","7.570918793","1.121303677","20.26080341","0.96780771","..",23.8345682179251
"1434","Estonia","EST","2006",17025671810,"10.32656834","9.762571312","1.058031699","19.95599051","1.012343884","..",23.557988148409
"1435","Estonia","EST","2005",14109491357,"21.67022416","9.523053865","1.0090754","19.09665573","0.994831264","..",23.370113553756
"1436","Estonia","EST","2004",12148595031,"8.94665953","6.800701108","0.718607972","20.22819089","0.982846856","..",23.2204793647381
"1437","Estonia","EST","2003",9876595528,"10.51217154","7.59630181","0.628213868","19.82401846","0.922725499","..",23.0134337071379
"1438","Estonia","EST","2002",7370119619,"4.589264189","6.933000826","0.76933016","19.62860403","0.739191175","..",22.7206997735451
"1439","Estonia","EST","2001",6250218423,"9.485901773","5.880745895","0.940432351","19.23470511","..","..",22.5558822477641
"1440","Estonia","EST","2000",5686579748,"7.319237666","10.08763858","1.530355288","19.68616147","0.840922892","..",22.4613748055826
"1441","Eswatini","SWZ","2023",4604172127,"0.611023018","3.444478312","..","..","-0.734985471","..",22.2502287135103
"1442","Eswatini","SWZ","2022",4741163885,"0.281581667","1.119590668","..","..","-0.726303339","..",22.2795484878707
"1443","Eswatini","SWZ","2021",4785708166,"2.358382174","3.434968912","0","24.45638018","-0.697604001","..",22.288899847975
"1444","Eswatini","SWZ","2020",4120621325,"0.941305439","-2.862882137","0","27.18235353","-0.292263597","..",22.1392697959764
"1445","Eswatini","SWZ","2019",4616996145,"2.771735517","6.083176451","0","24.52763245","-0.325314105","..",22.2530101455131
"1446","Eswatini","SWZ","2018",4644696656,"0.67024456","0.256586002","0","24.32431001","-0.231804639","..",22.2589919015899
"1447","Eswatini","SWZ","2017",4463673661,"-1.291483154","1.456792976","0","26.33608122","-0.072670229","..",22.2192379547385
"1448","Eswatini","SWZ","2016",3724180911,"0.72101969","4.675845837","0.11610886","23.89799137","-0.231943429","..",22.0381127749342
"1449","Eswatini","SWZ","2015",3909281650,"0.80572589","2.046930151","0.124269749","27.42139312","-0.21571207","..",22.0866194728373
"1450","Eswatini","SWZ","2014",4286015248,"0.601552577","1.435897493","0.312695221","29.75961945","-0.257097036","..",22.178623291621
"1451","Eswatini","SWZ","2013",4464726181,"1.831918803","3.861213805","0.405654265","..","-0.228422225","..",22.2194737237505
"1452","Eswatini","SWZ","2012",4886551484,"0.541895495","5.39663077","0.426236612","28.23337865","-0.224429905","..",22.3097526736541
"1453","Eswatini","SWZ","2011",4820478680,"2.047687134","2.247229618","0.298564482","16.30702667","-0.184126675","..",22.2961390712812
"1454","Eswatini","SWZ","2010",4438765086,"3.056264773","3.793755077","0.170197299","16.00052763","-0.041857969","..",22.2136420409204
"1455","Eswatini","SWZ","2009",3580428053,"1.835139781","1.565048841","0","25.27335422","-0.011176921","..",21.9987481980884
"1456","Eswatini","SWZ","2008",3294084314,"3.209674209","0.821663935","0","29.81227641","0.036358181","..",21.9153940646099
"1457","Eswatini","SWZ","2007",3469381231,"1.080707012","4.435375509","0","27.28028647","-0.045250148","..",21.9672420954078
"1458","Eswatini","SWZ","2006",3291330019,"3.677271256","5.992166937","0","30.9762746","-0.04486889","..",21.9145575811264
"1459","Eswatini","SWZ","2005",3178112499,"-1.442691053","5.998776474","0","22.02440977","-0.275532275","..",21.8795533037421
"1460","Eswatini","SWZ","2004",2770082792,"2.511910909","3.6239141","0","22.23615729","-0.242530376","..",21.7421430455077
"1461","Eswatini","SWZ","2003",2197598466,"-2.738929855","3.880213774","0","18.16116918","-0.073139861","..",21.5106309947109
"1462","Eswatini","SWZ","2002",1432221739,"6.48958961","4.380098885","0","17.06984453","-0.060139928","..",21.0824927391679
"1463","Eswatini","SWZ","2001",1542477309,"1.901492111","1.054765087","0","17.73853785","..","..",21.1566556031008
"1464","Eswatini","SWZ","2000",1738093840,"5.215944277","1.760173641","0","18.13326886","-0.045107789","..",21.2760548554275
"1465","Ethiopia","ETH","2022",1.26773e+11,"2.894938031","5.321759884","..","4.49688509","-0.433258951","3",25.565663922522
"1466","Ethiopia","ETH","2021",1.11262e+11,"3.828306212","5.641530693","0","5.324725962","-0.422021747","3",25.4351536173443
"1467","Ethiopia","ETH","2020",1.07658e+11,"2.225385791","6.059530891","0","6.196300687","-0.389672369","3",25.402225372905
"1468","Ethiopia","ETH","2019",95912620248,"2.657359814","8.364085733","0","6.661738278","-0.434498817","3",25.2867034081755
"1469","Ethiopia","ETH","2018",84269180857,"3.987720463","6.816147786","0","7.51992183","-0.505317926","3",25.1572820462254
"1470","Ethiopia","ETH","2017",81770885148,"4.912701578","9.564189658","0","7.603929385","-0.582322061","3",25.1271870899119
"1471","Ethiopia","ETH","2016",74296766562,"5.576201614","9.433482658","0.00272401","8.087063209","-0.442086548","3",25.0313332690421
"1472","Ethiopia","ETH","2015",64589328551,"4.066488965","10.39246302","0.00285683","8.351338267","-0.476118475","3",24.8913150413802
"1473","Ethiopia","ETH","2014",55612228234,"3.335691111","10.25749296","0.006770886","8.811955393","-0.448165894","3",24.7416689462876
"1474","Ethiopia","ETH","2013",47648276605,"2.820408459","10.58227005","0.007903968","8.764725377","-0.501710415","3",24.5871122986066
"1475","Ethiopia","ETH","2012",43310721414,"0.643172898","8.647811633","0.005815013","9.377594715","-0.608586848","3",24.4916660490188
"1476","Ethiopia","ETH","2011",31952763089,"1.967356639","11.17829623","0.008174669","9.209358617","-0.667876601","3",24.1875244956895
"1477","Ethiopia","ETH","2010",29933790334,"0.963030625","12.55053835","0.005855677","8.16344108","-0.694108725","2.5",24.1222537907528
"1478","Ethiopia","ETH","2009",32437389116,"0.682729367","8.802553198","0.003567998","6.581181381","-0.704722345","2.5",24.2025775794775
"1479","Ethiopia","ETH","2008",27066912635,"0.400997134","10.78852169","0.00896601","7.814144254","-0.666399777","2.5",24.0215778829046
"1480","Ethiopia","ETH","2007",19707616773,"1.126470925","11.456167","0","7.812529666","-0.632185876","2.5",23.7042710361884
"1481","Ethiopia","ETH","2006",15280861835,"3.568235274","10.83472707","0","8.262845855","-0.650104702","2.5",23.4498670219083
"1482","Ethiopia","ETH","2005",12401139454,"2.137800937","11.81876595","0","8.724416385","-0.772508383","2.5",23.2410541967873
"1483","Ethiopia","ETH","2004",10131187261,"5.380415799","13.57260314","0","9.680762203","-0.757493496","..",23.0388843508072
"1484","Ethiopia","ETH","2003",8623691300,"5.392122513","-2.161359722","0","9.116895507","-0.777412176","..",22.8777790550178
"1485","Ethiopia","ETH","2002",7850809498,"3.2480727","1.514725706","0","9.709831679","-0.717909098","..",22.7838824841885
"1486","Ethiopia","ETH","2001",8231326016,"4.244759584","8.301306321","0","8.083871673","..","..",22.8312129584626
"1487","Ethiopia","ETH","2000",8242349618,"1.633514789","6.07321748","0","..","-0.906757355","..",22.8325512880364
"1488","Faroe Islands","FRO","2023",3907323961,"..","2.489058117","..","..","..","..",22.0861185676776
"1489","Faroe Islands","FRO","2022",3566698398,"..","3.556023804","..","..","..","..",21.9949061863421
"1490","Faroe Islands","FRO","2021",3664686797,"..","5.504380173","0","..","..","..",22.0220087107888
"1491","Faroe Islands","FRO","2020",3271813312,"..","-1.63732118","0","..","..","..",21.9086101978244
"1492","Faroe Islands","FRO","2019",3266432734,"..","4.538510287","0","..","..","..",21.9069643193497
"1493","Faroe Islands","FRO","2018",3188600927,"..","2.763709523","0","..","..","..",21.8828480766607
"1494","Faroe Islands","FRO","2017",2980057378,"..","3.512013675","0","..","..","..",21.8152083916408
"1495","Faroe Islands","FRO","2016",2813278869,"..","1.386447959","0","..","..","..",21.7576164973386
"1496","Faroe Islands","FRO","2015",2573905971,"..","0.958001934","0","..","..","..",21.6686904151501
"1497","Faroe Islands","FRO","2014",2914012679,"..","5.432142068","0","..","..","..",21.7927968957738
"1498","Faroe Islands","FRO","2013",2690110521,"..","5.856143897","0","..","..","..",21.7128481155898
"1499","Faroe Islands","FRO","2012",2427200389,"..","7.081483445","0","..","..","..",21.6100043268255
"1500","Faroe Islands","FRO","2011",2505740669,"..","3.566363179","0","..","..","..",21.6418502040271
"1501","Faroe Islands","FRO","2010",2331796784,"..","-0.379817991","0","..","..","..",21.5699049592705
"1502","Faroe Islands","FRO","2009",2296065170,"..","-4.553298241","0","..","..","..",21.5544626991473
"1503","Faroe Islands","FRO","2008",2489873250,"..","..","0","..","..","..",21.6354976425129
"1504","Faroe Islands","FRO","2007",2339015313,"..","..","0","..","..","..",21.5729958713419
"1505","Faroe Islands","FRO","2006",2017680835,"..","..","0","..","..","..",21.425214587301
"1506","Faroe Islands","FRO","2005",1759739599,"..","..","0","..","..","..",21.2884316799364
"1507","Faroe Islands","FRO","2004",1724770771,"..","..","0","..","..","..",21.2683599922227
"1508","Faroe Islands","FRO","2003",1501941581,"..","..","0","..","..","..",21.1300244953908
"1509","Faroe Islands","FRO","2002",1275093689,"..","..","0","..","..","..",20.9662854944258
"1510","Faroe Islands","FRO","2001",1160268212,"..","..","0","..","..","..",20.8719170325795
"1511","Faroe Islands","FRO","2000",1067109531,"..","..","0","..","..","..",20.7882194572309
"1512","Fiji","FJI","2023",5442046553,"1.672480548","7.524291351","..","20.66866836","0.506272018","3.5",22.4174210316626
"1513","Fiji","FJI","2022",4969503549,"2.084344855","19.79272669","..","18.52697345","0.388872087","3.5",22.3265857825284
"1514","Fiji","FJI","2021",4305031650,"9.52129029","-4.881036196","0","15.86211299","0.443440259","3.5",22.1830503267155
"1515","Fiji","FJI","2020",4432466220,"5.400621822","-17.03866737","0","17.1846695","0.613366008","3.5",22.2122219749022
"1516","Fiji","FJI","2019",5444407198,"5.919520976","-0.581946709","0","22.82383155","0.688054383","..",22.4178547165137
"1517","Fiji","FJI","2018",5581425327,"8.400381182","3.812351222","0","23.99335342","0.699951291","..",22.4427100156679
"1518","Fiji","FJI","2017",5353469174,"7.240212891","5.35336456","0","24.66994207","0.638820291","..",22.4010106314438
"1519","Fiji","FJI","2016",4930213644,"7.943259332","2.445651797","0","23.53462354","0.335585773","..",22.318648159559
"1520","Fiji","FJI","2015",4682479894,"4.385992332","4.50120041","0","24.87005299","0.378061682","..",22.2670936984132
"1521","Fiji","FJI","2014",4857104769,"7.779724553","5.603514406","0","23.97667942","0.385087878","..",22.3037083708
"1522","Fiji","FJI","2013",4189967999,"5.818248591","4.73421949","0","23.47566275","0.196483538","..",22.1559589333811
"1523","Fiji","FJI","2012",3972028104,"6.981664397","1.411314382","0","22.89257614","0.181172475","..",22.102542658633
"1524","Fiji","FJI","2011",3779411899,"5.745828492","2.705143029","0","22.91709332","0.108835898","..",22.0528342521986
"1525","Fiji","FJI","2010",3140166713,"5.671410211","2.954672422","0","21.82256442","-0.159897983","..",21.8675417287693
"1526","Fiji","FJI","2009",2870624636,"10.7423906","-1.386037708","0","21.74935566","-0.154777318","..",21.7777954862427
"1527","Fiji","FJI","2008",3523185920,"19.27858776","1.03279422","0","22.71362931","0.098341845","..",21.9826315081177
"1528","Fiji","FJI","2007",3378314600,"13.74147731","-0.85065431","0","19.20966984","0.121460937","..",21.9406427830263
"1529","Fiji","FJI","2006",3076305453,"18.98300797","1.852483872","0","23.38627925","0.184131041","..",21.8469951856753
"1530","Fiji","FJI","2005",2980403845,"5.802969589","0.700000402","0","21.5360119","-0.224626929","..",21.8153246467383
"1531","Fiji","FJI","2004",2708078477,"9.253707943","5.299999705","0","22.3492148","0.290086865","..",21.7195051712663
"1532","Fiji","FJI","2003",2300492465,"1.752255013","0.999999345","0","..","0.276081532","..",21.5563890521795
"1533","Fiji","FJI","2002",1833279985,"1.673098412","3.199999114","0","..","0.610876262","..",21.3293725410024
"1534","Fiji","FJI","2001",1652462023,"2.499415767","2.000000147","0","..","..","..",21.2255321478829
"1535","Fiji","FJI","2000",1678219508,"0.035238246","-1.699998416","0","..","0.630551934","..",21.2409992516921
"1536","Finland","FIN","2023",2.94951e+11,"-0.115643616","-0.946904863","..","25.38180672","2.221516609","..",26.4100750777949
"1537","Finland","FIN","2022",2.80253e+11,"4.666911541","0.763041913","..","21.19939129","2.246865034","..",26.3589586035693
"1538","Finland","FIN","2021",2.94223e+11,"8.014062917","2.676346415","0.045631489","20.82978244","2.237840652","..",26.4076038201681
"1539","Finland","FIN","2020",2.7e+11,"-0.939114056","-2.491036055","0.020815137","20.00575328","2.17043972","..",26.3216877959448
"1540","Finland","FIN","2019",2.67015e+11,"6.097077102","1.349738457","0.039523724","20.78459487","2.113932848","..",26.3105706735439
"1541","Finland","FIN","2018",2.73869e+11,"-3.844566573","1.192977597","0.035943006","20.96418792","2.171759129","..",26.3359157268174
"1542","Finland","FIN","2017",2.53846e+11,"6.661365554","3.303370036","0.020528713","20.88106237","2.162336588","..",26.2599936208787
"1543","Finland","FIN","2016",2.38778e+11,"2.189519649","2.571934149","0.004987479","20.98721937","2.186306953","..",26.1988000869177
"1544","Finland","FIN","2015",2.33211e+11,"7.538005429","0.466503766","0.032156645","20.58689198","2.21564579","..",26.1752094601216
"1545","Finland","FIN","2014",2.73479e+11,"6.415374821","-0.478068425","0.05361219","20.73595492","2.15926671","..",26.3344906734108
"1546","Finland","FIN","2013",2.70268e+11,"-1.834894407","-0.979741025","0.052248493","20.72708689","2.200242758","..",26.3226798962431
"1547","Finland","FIN","2012",2.57443e+11,"1.915122484","-1.52284013","0.047582684","20.20181856","2.226846695","..",26.2740641733233
"1548","Finland","FIN","2011",2.75127e+11,"-2.184057476","2.390394554","0.036254127","20.05261693","2.191915035","..",26.3404986461896
"1549","Finland","FIN","2010",2.4943e+11,"4.899597632","3.168287912","0.035101233","18.60088123","2.151669741","..",26.2424441516511
"1550","Finland","FIN","2009",2.53481e+11,"-3.482045156","-8.076031166","0","18.88408947","2.240718603","..",26.2585547064784
"1551","Finland","FIN","2008",2.85699e+11,"6.792700434","0.784431236","0","20.49234761","2.320845842","..",26.378204646002
"1552","Finland","FIN","2007",2.5636e+11,"8.574063382","5.312801767","0","21.06661535","2.389477491","..",26.2698485435824
"1553","Finland","FIN","2006",2.17044e+11,"2.137438645","4.019573265","0.002356584","21.42472854","2.454110861","..",26.1033659349098
"1554","Finland","FIN","2005",2.04859e+11,"5.305008375","2.777309185","0.001189349","21.7956348","2.314718962","..",26.0455877745605
"1555","Finland","FIN","2004",1.97458e+11,"3.432166398","4.005379523","0.000189469","21.81478005","2.410111427","..",26.0087917404448
"1556","Finland","FIN","2003",1.71613e+11,"3.476062119","2.011799927","0","22.06322422","2.374123812","..",25.8685077787066
"1557","Finland","FIN","2002",1.40361e+11,"5.766970563","1.687326444","0","22.47440043","2.369009733","..",25.667483512173
"1558","Finland","FIN","2001",1.2952e+11,"2.489745556","2.640262057","0","21.89222269","..","..",25.5871011463158
"1559","Finland","FIN","2000",1.25968e+11,"10.71866491","5.753737705","0","24.25028962","2.368235588","..",25.5592937433885
"1560","France","FRA","2023",3.05183e+12,"0.288462114","0.936487519","..","23.11038059","1.184821844","..",28.7467625266198
"1561","France","FRA","2022",2.7963e+12,"3.918564455","2.570840476","..","24.53424768","1.259436131","..",28.6593182306816
"1562","France","FRA","2021",2.96643e+12,"3.304053122","6.882337834","0.007102187","23.97944454","1.281936288","..",28.7183803255354
"1563","France","FRA","2020",2.64793e+12,"0.731471704","-7.440645899","0.003297108","24.78880644","1.122619987","..",28.6047993186086
"1564","France","FRA","2019",2.72279e+12,"1.964869433","2.027446464","0.0067826","24.6605264","1.248062253","..",28.6326782058236
"1565","France","FRA","2018",2.78158e+12,"2.785941846","1.645908724","0.00839113","24.30986428","1.2815516","..",28.6540402275078
"1566","France","FRA","2017",2.58887e+12,"1.689280722","2.08361486","0.005186624","23.78633496","1.224527001","..",28.582242603
"1567","France","FRA","2016",2.47041e+12,"1.442003214","0.860031075","0.003851654","23.14632834","1.328288913","..",28.5354052446961
"1568","France","FRA","2015",2.44248e+12,"1.76596183","1.066754748","0.005124621","23.29741198","1.247834802","..",28.5240350324982
"1569","France","FRA","2014",2.86124e+12,"0.176974175","0.997832947","0.009471618","23.15565935","1.287985563","..",28.6822762132311
"1570","France","FRA","2013",2.81608e+12,"1.188234049","0.781756446","0.010931425","23.20410117","1.304333687","..",28.6663669629117
"1571","France","FRA","2012",2.68301e+12,"1.227900715","0.183835265","0.012693754","22.60897414","1.471969485","..",28.6179604145362
"1572","France","FRA","2011",2.87041e+12,"1.540052933","2.437576537","0.010819269","21.82602512","1.537773252","..",28.6854759926398
"1573","France","FRA","2010",2.64623e+12,"1.46961673","2.00032476","0.008917539","21.98602648","1.487756133","..",28.604157101502
"1574","France","FRA","2009",2.70008e+12,"0.682311493","-2.824551537","0.00767615","20.74681061","1.429969311","..",28.6243025181295
"1575","France","FRA","2008",2.9268e+12,"2.323267","0.380171436","0.01424707","22.08918423","1.39503479","..",28.7049307919563
"1576","France","FRA","2007",2.65582e+12,"3.154494499","2.530481884","0.01059079","22.21920976","1.456001759","..",28.6077745741618
"1577","France","FRA","2006",2.31786e+12,"3.406461183","2.714064488","0.011867929","22.66039473","1.45506084","..",28.4716654621283
"1578","France","FRA","2005",2.19215e+12,"3.883730658","1.888565841","0.011141226","22.40586904","1.357538223","..",28.41590391333
"1579","France","FRA","2004",2.10979e+12,"1.687774472","2.868250525","0.008103983","22.32232069","1.311163783","..",28.3776095323971
"1580","France","FRA","2003",1.8351e+12,"2.307824826","0.967827183","0.007379101","22.29353057","1.305756092","..",28.238120091863
"1581","France","FRA","2002",1.49243e+12,"3.454135963","1.067750271","0.008308763","22.76412467","1.191585183","..",28.0314267799407
"1582","France","FRA","2001",1.37038e+12,"3.658997905","1.899467012","0.00936013","23.56325449","..","..",27.9461091895708
"1583","France","FRA","2000",1.36096e+12,"3.041170274","4.140999964","0.012816215","23.53060259","1.32172358","..",27.9392114490117
"1584","French Polynesia","PYF","2023",6402221222,"-0.101465722","2.996927078","..","..","..","..",22.5799108330361
"1585","French Polynesia","PYF","2022",5814661209,"-0.163041313","4.4663797","..","..","..","..",22.4836483596549
"1586","French Polynesia","PYF","2021",6150640646,"-0.416614325","2.094529907","0","..","..","..",22.5398220834208
"1587","French Polynesia","PYF","2020",5574821989,"-0.278889802","-7.050944221","0","..","..","..",22.4415262235586
"1588","French Polynesia","PYF","2019",6022276196,"0.211400965","2.700012067","0","..","..","..",22.5187311304511
"1589","French Polynesia","PYF","2018",6135116253,"0.096784474","1.871231911","0","..","..","..",22.537294864074
"1590","French Polynesia","PYF","2017",5833352693,"1.543514592","4.292633631","0","..","..","..",22.4868577480023
"1591","French Polynesia","PYF","2016",5497036477,"1.119594432","2.302198237","0","..","..","..",22.4274749616043
"1592","French Polynesia","PYF","2015",5325846362,"0.488319553","1.803340815","0","..","..","..",22.3958374771327
"1593","French Polynesia","PYF","2014",6151996561,"1.006645122","0.593554453","0","..","..","..",22.5400425101444
"1594","French Polynesia","PYF","2013",6031827123,"1.644728394","0.398801414","0","..","..","..",22.5203158072613
"1595","French Polynesia","PYF","2012",5692858099,"2.585688367","-0.927537713","0","..","..","..",22.4624782610821
"1596","French Polynesia","PYF","2011",6203940037,"2.15733093","-2.961957454","0","..","..","..",22.548450416998
"1597","French Polynesia","PYF","2010",6086644799,"1.056472877","-2.46606419","0","..","..","..",22.5293628307223
"1598","French Polynesia","PYF","2009",6584557974,"0.331741594","-4.231391831","0","..","..","..",22.6079930436927
"1599","French Polynesia","PYF","2008",7136741422,"0.194543891","0.006767551","0","..","..","..",22.6885221256499
"1600","French Polynesia","PYF","2007",6631156406,"0.878420114","1.704975638","0","..","..","..",22.6150450461459
"1601","French Polynesia","PYF","2006",5877997980,"0.521428395","0.889584118","0","..","..","..",22.4944820612888
"1602","French Polynesia","PYF","2005",5705052135,"0.13705286","0.309973476","0","..","..","..",22.4646179586937
"1603","French Polynesia","PYF","2004",5564109982,"0.115382748","0.97125913","0","..","..","..",22.4396028775268
"1604","French Polynesia","PYF","2003",4927780607,"1.181327724","2.126928849","0","..","..","..",22.3181545425032
"1605","French Polynesia","PYF","2002",3965405553,"0.275657451","0.846181483","0","..","..","..",22.1008739700309
"1606","French Polynesia","PYF","2001",3573808556,"0.662843284","-0.341595578","0","..","..","..",21.9968976864963
"1607","French Polynesia","PYF","2000",3599845480,"0.274309552","3.245411013","0","..","..","..",22.0041567592651
"1608","Gabon","GAB","2023",20055720403,"5.737681105","2.445880831","..","..","-1.01552844","..",23.7217802568895
"1609","Gabon","GAB","2022",20440655695,"5.403897294","3.037614495","..","..","-1.042976618","..",23.7407916807791
"1610","Gabon","GAB","2021",19444935097,"7.864367108","1.467957315","15.55650915","9.490325545","-0.86800009","..",23.6908524667753
"1611","Gabon","GAB","2020",15342236164,"11.18814423","-1.837761064","9.9798242","12.42677785","-0.886901438","..",23.4538753956645
"1612","Gabon","GAB","2019",16874405465,"9.20409838","3.920808795","16.68424254","11.47952824","-0.887044489","..",23.5490638413807
"1613","Gabon","GAB","2018",16867326402,"8.175989408","0.837916581","18.32740768","10.21533638","-0.85915345","..",23.5486442385498
"1614","Gabon","GAB","2017",14929487485,"8.801570257","0.472642031","14.39325777","11.0849703","-0.8418926","..",23.4266041200449
"1615","Gabon","GAB","2016",14023890265,"8.868153818","2.091442208","9.018541613","11.46806371","-0.758754313","..",23.3640281597344
"1616","Gabon","GAB","2015",14383107763,"0.289976986","3.878899395","9.98640234","12.83006855","-0.723602355","..",23.3893202829269
"1617","Gabon","GAB","2014",18203966896,"6.938647243","4.314964441","22.16275327","15.10522888","-0.678029418","..",23.6249053685977
"1618","Gabon","GAB","2013",17595744798,"1.841538657","5.638699003","30.24112893","16.05883561","-0.634305477","..",23.5909229369178
"1619","Gabon","GAB","2012",17170464016,"3.944723712","5.251076918","38.27611631","14.06052433","-0.666252255","..",23.5664565363013
"1620","Gabon","GAB","2011",18210307744,"6.169785458","7.091753343","37.42617536","..","-0.893178523","..",23.6252536302686
"1621","Gabon","GAB","2010",14372593020,"3.645404176","7.089887315","33.50967343","..","-0.905257821","..",23.3885889675229
"1622","Gabon","GAB","2009",12113699068,"5.247570979","0.13033112","24.57307727","..","-1.077147484","..",23.2176028035258
"1623","Gabon","GAB","2008",15571348344,"4.45376517","-3.308430649","37.18772926","..","-1.16565454","..",23.4686984178868
"1624","Gabon","GAB","2007",12455409587,"5.257222355","6.008108025","34.28391227","..","-1.166331768","..",23.2454208704671
"1625","Gabon","GAB","2006",10327598306,"2.593100468","-2.806578356","33.90845658","..","-1.083067894","..",23.0580855960473
"1626","Gabon","GAB","2005",9582783991,"3.403623396","2.676203333","34.837421","..","-0.660073698","..",22.9832339912004
"1627","Gabon","GAB","2004",7770219008,"4.040694242","0.689543058","25.09884736","..","-0.826650083","..",22.7735641872865
"1628","Gabon","GAB","2003",6511903365,"1.53052262","2.247330012","21.25034876","..","-0.553776979","..",22.5968976260095
"1629","Gabon","GAB","2002",5335451100,"0.021754642","-0.249033169","27.18957356","..","-0.520378828","..",22.3976392729522
"1630","Gabon","GAB","2001",5023265413,"-2.002988947","2.135233422","28.56213918","..","..","..",22.3373460398565
"1631","Gabon","GAB","2000",5080483629,"5.473125244","-1.882966398","43.69334332","..","-0.592371881","..",22.3486722965644
"1632","Gambia, The","GMB","2023",2396111021,"8.578128142","4.797508945","..","..","-0.281129718","3",21.5971128521028
"1633","Gambia, The","GMB","2022",2204734527,"10.4995861","5.492998255","..","..","-0.275547713","3",21.5138729426787
"1634","Gambia, The","GMB","2021",2014158842,"12.50262013","5.255968788","0","..","-0.380903304","2.5",21.4234674970504
"1635","Gambia, The","GMB","2020",1812170891,"10.46127557","0.591487288","0","..","-0.424807698","2.5",21.3177913508266
"1636","Gambia, The","GMB","2019",1813609692,"3.919437912","6.22205316","0","..","-0.40711537","2.5",21.3185850012104
"1637","Gambia, The","GMB","2018",1670671328,"4.896535018","7.234890333","0","..","-0.50205189","2.5",21.236491375412
"1638","Gambia, The","GMB","2017",1504909463,"4.275241643","4.822611249","0","..","-0.657835662","2",21.1319985758626
"1639","Gambia, The","GMB","2016",1484578886,"4.703702368","1.943359655","0","..","-0.850637615","2",21.1183969905339
"1640","Gambia, The","GMB","2015",1378176609,"5.222556473","4.058073804","0","..","-0.813720584","2",21.0440271646058
"1641","Gambia, The","GMB","2014",1229461721,"1.871883577","-1.407382495","0","..","-0.694107413","2",20.9298422853416
"1642","Gambia, The","GMB","2013",1375609453,"4.968003252","2.87276879","0","..","-0.706211329","2",21.0421627084092
"1643","Gambia, The","GMB","2012",1415004738,"2.910481969","5.241569246","0","..","-0.65323174","2",21.0703987164459
"1644","Gambia, The","GMB","2011",1409693597,"2.55921827","-8.130444223","0","..","-0.513804793","2.5",21.0666382106297
"1645","Gambia, The","GMB","2010",1543294927,"2.406596896","5.90833581","0","..","-0.587572575","2",21.1571855307536
"1646","Gambia, The","GMB","2009",1450142509,"2.720239113","6.665724308","0","..","-0.557290554","2",21.0949276706185
"1647","Gambia, The","GMB","2008",1561766956,"4.532839042","6.255905534","0","..","-0.714707136","2",21.1690836813304
"1648","Gambia, The","GMB","2007",1279703047,"6.102573651","3.043249508","0","..","-0.712738216","2",20.9698938934318
"1649","Gambia, The","GMB","2006",1054112488,"7.798797903","-0.555580977","0","..","-0.729944289","2",20.7759650062286
"1650","Gambia, The","GMB","2005",1027701068,"5.220416881","-2.351729362","0","..","-0.694694996","2",20.7505901718085
"1651","Gambia, The","GMB","2004",961900651.4,"5.772562827","7.050000001","0","..","-0.522410035","..",20.684421730324
"1652","Gambia, The","GMB","2003",487038685,"3.751800607","6.869999622","0","..","-0.176545039","..",20.0038541132103
"1653","Gambia, The","GMB","2002",578235309.3,"7.406500314","-3.25000015","0","..","-0.233312801","..",20.1754914533056
"1654","Gambia, The","GMB","2001",687410645.1,"5.161398104","5.800000243","0","..","..","..",20.3484424082944
"1655","Gambia, The","GMB","2000",782913871.8,"5.55872128","5.500000216","0","..","-0.377791107","..",20.4785332502037
"1656","Georgia","GEO","2023",30777833601,"6.781646656","7.832201266","..","23.59921892","0.617694795","..",24.1500605795468
"1657","Georgia","GEO","2022",24984568960,"9.153285756","10.95853214","..","22.90227834","0.620420039","..",23.9415242296426
"1658","Georgia","GEO","2021",18853115589,"6.742951464","10.64423366","0.029294922","21.47289375","0.661079526","..",23.6599440204187
"1659","Georgia","GEO","2020",16010869216,"3.398376731","-6.290471785","0.015619975","21.1807829","0.601492643","..",23.4965336545487
"1660","Georgia","GEO","2019",17638337117,"7.925232226","5.380719266","0.030310894","22.89727708","0.716545463","..",23.5933406153378
"1661","Georgia","GEO","2018",17902544881,"7.284019766","6.062036413","0.034732823","22.04786882","0.724816799","..",23.6082087118105
"1662","Georgia","GEO","2017",16473125375,"11.71836765","5.159902617","0.027779623","23.0135462","0.759495616","..",23.5249961248214
"1663","Georgia","GEO","2016",15444548902,"10.7469894","3.45021518","0.020465212","23.04243154","0.713530719","..",23.4605219561569
"1664","Georgia","GEO","2015",15223796149,"11.3986492","3.351023503","0.040978034","22.34774806","0.700735152","..",23.4461255767429
"1665","Georgia","GEO","2014",17966015109,"10.22418734","4.090490596","0.099561569","22.05314923","0.828279138","..",23.6117477607305
"1666","Georgia","GEO","2013",17517660144,"5.974326403","5.132885312","0.110437873","22.06259867","0.46361962","3.5",23.5864753601109
"1667","Georgia","GEO","2012",16894392033,"5.730873273","6.57883102","0.130105358","23.08850414","0.397421122","3.5",23.55024757144
"1668","Georgia","GEO","2011",15475290469,"7.561005409","7.934336525","0.143424766","22.66140465","0.117519699","3.5",23.4625104255509
"1669","Georgia","GEO","2010",12426907967,"7.410659314","6.246408653","0.108975029","21.11065962","0.012301577","3.5",23.2431299558524
"1670","Georgia","GEO","2009",10766920066,"6.137325077","-3.650752296","0.116317204","23.5093962","-0.122036166","3",23.0997443137718
"1671","Georgia","GEO","2008",12795145131,"12.52219056","2.42161441","0.182671461","24.22450445","-0.102076381","3",23.272331649284
"1672","Georgia","GEO","2007",10172931089,"18.59930019","12.57556982","0.15545044","20.95528958","-0.128835425","3",23.0429962148237
"1673","Georgia","GEO","2006",7745250734,"15.12403617","9.421480812","0.193175812","18.57011291","0.050152458","3.5",22.7703456839517
"1674","Georgia","GEO","2005",6410912050,"7.067750867","9.591138329","0.345173611","16.54260858","-0.212853789","3.5",22.5812673832488
"1675","Georgia","GEO","2004",5125365192,"9.613616231","5.792682927","0.292409032","15.10234826","-0.459568113","..",22.3574676164078
"1676","Georgia","GEO","2003",3991377904,"8.390361666","11.057031","0.388733098","10.9223386","-0.650767446","..",22.1074023475806
"1677","Georgia","GEO","2002",3395766678,"4.723488852","5.474024887","0.205552828","11.62151288","-1.264141917","..",21.9457953980882
"1678","Georgia","GEO","2001",3219462262,"3.412732517","4.807298672","0.240596285","11.80467486","..","..",21.8924801831779
"1679","Georgia","GEO","2000",3057475335,"4.299844281","1.840381179","0.403255463","11.40143304","-1.040172696","..",21.8408553584448
"1680","Germany","DEU","2023",4.5257e+12,"1.71109201","-0.266438401","..","..","1.664166212","..",29.1407933772488
"1681","Germany","DEU","2022",4.1636e+12,"2.09471349","1.369731046","..","11.01086283","1.818363428","..",29.0574012005877
"1682","Germany","DEU","2021",4.3483e+12,"2.93470786","3.669999884","0.014034903","11.02250534","1.782924771","..",29.1008060800474
"1683","Germany","DEU","2020",3.94014e+12,"4.486665711","-4.095137517","0.006730031","10.4109728","1.825341582","..",29.002237371602
"1684","Germany","DEU","2019",3.95721e+12,"1.906986881","0.98789335","0.012792292","11.21438352","1.865103364","..",29.0065603474316
"1685","Germany","DEU","2018",4.05201e+12,"4.004210264","1.116443109","0.015077478","11.23766806","1.898398638","..",29.030234170229
"1686","Germany","DEU","2017",3.76309e+12,"2.890880529","2.716024546","0.01083269","11.19990033","1.796975613","..",28.9562615443413
"1687","Germany","DEU","2016",3.53778e+12,"1.64319556","2.294710664","0.007954276","11.07921817","1.781293988","..",28.894520527709
"1688","Germany","DEU","2015",3.42357e+12,"1.823214415","1.652719787","0.010958549","11.25749842","1.775833249","..",28.8617049822095
"1689","Germany","DEU","2014",3.9658e+12,"0.43765992","2.169498898","0.022364532","11.26046423","1.812294841","..",29.0087287161111
"1690","Germany","DEU","2013",3.80809e+12,"1.764657871","0.386224592","0.027002258","11.385006","1.798000813","..",28.9681488670322
"1691","Germany","DEU","2012",3.5979e+12,"1.818926354","0.474291321","0.030322053","11.3944179","1.817630172","..",28.9113714578522
"1692","Germany","DEU","2011",3.82483e+12,"2.550059495","3.757968845","0.030102198","11.25470829","1.741949916","..",28.9725351377749
"1693","Germany","DEU","2010",3.46815e+12,"2.480786424","4.14676755","0.019032802","10.96932028","1.766428828","..",28.8746424265066
"1694","Germany","DEU","2009",3.4798e+12,"1.629458688","-5.545164545","0.018451494","11.38616441","1.746210337","..",28.877995936799
"1695","Germany","DEU","2008",3.80879e+12,"0.812719205","0.910403214","0.034054769","11.28096908","1.745895863","..",28.9683326693244
"1696","Germany","DEU","2007",3.48406e+12,"1.459424702","2.890107179","0.028013355","11.14380345","1.726519346","..",28.8792193963549
"1697","Germany","DEU","2006",3.04631e+12,"2.870495616","3.855736146","0.029173198","10.66779876","1.793642521","..",28.7449521380398
"1698","Germany","DEU","2005",2.89339e+12,"2.067993914","0.885697257","0.027268431","10.48544315","1.875442266","..",28.6934499409944
"1699","Germany","DEU","2004",2.85232e+12,"-0.715503013","1.162368254","0.018541771","10.28752224","1.840065479","..",28.67915381415
"1700","Germany","DEU","2003",2.53472e+12,"2.580231017","-0.52992901","0.016503738","10.85500332","1.87576139","..",28.5611042932223
"1701","Germany","DEU","2002",2.10235e+12,"2.438613714","-0.228310224","0.016056223","10.7123003","1.888743639","..",28.3740768826099
"1702","Germany","DEU","2001",1.96638e+12,"2.896108537","1.636540994","0.015328921","10.84690257","..","..",28.3072154048358
"1703","Germany","DEU","2000",1.96698e+12,"12.6085323","2.877245956","0.02015623","11.59194425","1.801545382","..",28.3075204875156
"1704","Ghana","GHA","2023",80547146878,"1.637942082","3.140090998","..","..","-0.099021114","3.5",25.1121085254331
"1705","Ghana","GHA","2022",73919003210,"1.932401243","3.80484981","..","12.29753581","-0.064371035","3.5",25.0262357794757
"1706","Ghana","GHA","2021",79514204730,"3.18633189","5.076466435","4.055019178","12.24468673","-0.128043622","3.5",25.0992015184951
"1707","Ghana","GHA","2020",70008243860,"2.679374385","0.513941671","2.252849472","11.34043196","-0.127223","3.5",24.9718788414901
"1708","Ghana","GHA","2019",68352629246,"5.67619931","6.507774794","4.069102006","11.99699591","-0.108660869","3.5",24.947945866765
"1709","Ghana","GHA","2018",67259353966,"4.444043577","6.200077681","4.146549426","12.24424151","-0.13836363","3.5",24.9318219381871
"1710","Ghana","GHA","2017",60385409435,"5.390358417","8.128894881","2.605649449","11.57703128","-0.253390342","3.5",24.8240133470598
"1711","Ghana","GHA","2016",56144179398,"6.207826718","3.37346575","1.00121846","11.05832919","-0.175533578","3",24.7511888511013
"1712","Ghana","GHA","2015",49436806230,"6.457376142","2.120759338","1.291465462","11.69056321","-0.210838303","3.5",24.6239610491015
"1713","Ghana","GHA","2014",54678533806,"6.151206352","2.856240163","3.421033944","11.25218598","-0.195330203","3.5",24.7247370343607
"1714","Ghana","GHA","2013",62845721960,"5.134796609","7.312525017","3.514744071","10.6718365","-0.096715234","4",24.8639487022038
"1715","Ghana","GHA","2012",41271701061,"7.982515659","9.292789406","4.781557031","15.36818101","-0.126568556","4",24.4434428977195
"1716","Ghana","GHA","2011",39336668081,"8.255879713","14.04712358","5.080486851","14.86579036","-0.029126318","4",24.3954229508705
"1717","Ghana","GHA","2010",32197655567,"7.849484553","7.899711941","0.39137289","13.3883874","0.014280469","4",24.1951594783678
"1718","Ghana","GHA","2009",26048720006,"9.108086691","4.844487052","0.266591066","12.61246152","-0.009987613","4",23.9832344678925
"1719","Ghana","GHA","2008",28679383241,"9.466439082","9.149798938","0.507726369","13.89596791","-0.077458486","4",24.0794443476
"1720","Ghana","GHA","2007",24827339138,"5.57118877","4.346819104","0.421654319","13.87798455","0.038147695","4",23.9352112675344
"1721","Ghana","GHA","2006",20885037597,"3.045290185","6.399912606","0.439256307","12.53461853","-0.014181604","4",23.7622988350855
"1722","Ghana","GHA","2005",10744568381,"1.349239866","5.900003819","0.699403468","21.32150832","-0.3687464","3.5",23.097666196946
"1723","Ghana","GHA","2004",8881417907,"1.56810547","5.599999991","0.620473077","21.75210552","-0.279528439","..",22.9072270554156
"1724","Ghana","GHA","2003",7632723556,"1.791640939","5.200000133","0.506473855","18.47768613","-0.311426789","..",22.7557105721542
"1725","Ghana","GHA","2002",6166197848,"0.955694278","4.499999559","0.616348326","17.49311121","-0.342790067","..",22.5423482528239
"1726","Ghana","GHA","2001",5314872854,"1.680567013","4.000000128","0.677053371","17.19292789","..","..",22.3937749263469
"1727","Ghana","GHA","2000",4982850662,"3.329419468","3.700000082","0.989341729","..","-0.095986165","..",22.3292679863003
"1728","Greece","GRC","2023",2.43498e+11,"1.939260405","2.332124449","..","26.63358261","0.097846925","..",26.218374565883
"1729","Greece","GRC","2022",2.18881e+11,"3.631199029","5.743649025","..","27.66939718","0.037597861","..",26.1117940400836
"1730","Greece","GRC","2021",2.18304e+11,"2.809147544","8.65449786","0.011692858","25.57773596","0.183011442","..",26.1091544237426
"1731","Greece","GRC","2020",1.91363e+11,"1.726378183","-9.196231497","0.006523582","24.99171569","0.031950839","..",25.9774379848433
"1732","Greece","GRC","2019",2.07306e+11,"2.411722012","2.277180653","0.020842322","25.93243597","0.013698228","..",26.0574617995293
"1733","Greece","GRC","2018",2.13299e+11,"1.887233497","2.064672079","0.027550448","27.10839198","-0.056208048","..",26.0859607741802
"1734","Greece","GRC","2017",2.00381e+11,"1.716295505","1.473124727","0.012557855","26.74281917","-0.112043098","..",26.0234863912831
"1735","Greece","GRC","2016",1.93097e+11,"1.39750554","-0.031794768","0.010638271","27.0349617","-0.134527221","..",25.9864584902685
"1736","Greece","GRC","2015",1.94567e+11,"0.65218463","-0.228301892","0.005658475","25.39591076","-0.119139403","..",25.9940424136954
"1737","Greece","GRC","2014",2.33912e+11,"1.153144803","0.792225061","0.014429325","25.39872318","-0.136098176","..",26.1782108131966
"1738","Greece","GRC","2013",2.36556e+11,"1.245061788","-2.272116999","0.014152171","24.73080469","-0.075443044","..",26.1894508033183
"1739","Greece","GRC","2012",2.38841e+11,"0.695897838","-8.331134211","0.018570398","24.95438871","-0.19037801","..",26.1990638955198
"1740","Greece","GRC","2011",2.83228e+11,"0.385622566","-9.876778753","0.015063918","22.45927139","-0.101170935","..",26.3695180639351
"1741","Greece","GRC","2010",2.96418e+11,"0.179789223","-5.693741216","0.011192934","20.43467912","-0.062511668","..",26.4150364572694
"1742","Greece","GRC","2009",3.26829e+11,"0.846404809","-4.119276067","0.004478524","20.04672123","0.062898904","..",26.5127029352852
"1743","Greece","GRC","2008",3.51121e+11,"1.632896053","0.057474024","0.00680414","20.48921081","0.126674965","..",26.5843967303515
"1744","Greece","GRC","2007",3.14227e+11,"0.622837778","3.506869766","0.005535843","20.5440647","0.261930704","..",26.473381491603
"1745","Greece","GRC","2006",2.69073e+11,"2.011125237","6.443397625","0.009413805","20.31135254","0.357532442","..",26.3182485551973
"1746","Greece","GRC","2005",2.42316e+11,"0.284127007","1.183506355","0.010468594","20.79288237","0.351383656","..",26.2135084964311
"1747","Greece","GRC","2004",2.3498e+11,"0.914091173","5.377866346","0.005997556","19.62201146","0.450190425","..",26.1827662410858
"1748","Greece","GRC","2003",1.96931e+11,"0.715017038","5.796822743","0.007942932","20.2520438","0.363324076","..",26.0061192505241
"1749","Greece","GRC","2002",1.50254e+11,"0.02274854","4.683137271","0.01216271","21.87697043","0.403180629","..",25.7355930323035
"1750","Greece","GRC","2001",1.3205e+11,"0.001515532","4.650414594","0.014586115","21.61304652","..","..",25.6064464756896
"1751","Greece","GRC","2000",1.2576e+11,"-0.006516745","4.137826994","0.023256696","23.30987591","0.631434977","..",25.5576411656273
"1752","Greenland","GRL","2023",3326544174,"..","0.865961987","..","..","1.028274775","..",21.9251998164809
"1753","Greenland","GRL","2022",3152334772,"..","2.004555809","..","..","1.029092789","..",21.8714092126931
"1754","Greenland","GRL","2021",3293578468,"..","1.63409411","..","..","1.001863241","..",21.9152404908713
"1755","Greenland","GRL","2020",3089625554,"..","0.250789762","0","..","1.009983063","..",21.8513157405779
"1756","Greenland","GRL","2019",2997309972,"..","2.832177568","0","..","1.112084985","..",21.8209810473601
"1757","Greenland","GRL","2018",3055782146,"..","0.623065429","0","..","1.144117713","..",21.840301418406
"1758","Greenland","GRL","2017",2851613679,"..","0.052728183","0","..","1.149085402","..",21.7711508741523
"1759","Greenland","GRL","2016",2707139544,"..","4.68195411","0","..","1.132274628","..",21.7191583955665
"1760","Greenland","GRL","2015",2499113023,"..","-2.529318024","0","..","1.158835292","..",21.6392017150674
"1761","Greenland","GRL","2014",2842065708,"..","4.742135673","0","..","1.203248262","..",21.7677969866918
"1762","Greenland","GRL","2013",2684946990,"..","-1.298280693","0","..","1.235542297","..",21.7109268216956
"1763","Greenland","GRL","2012",2609678486,"..","1.39419336","0","..","1.213781714","..",21.6824928652524
"1764","Greenland","GRL","2011",2684461375,"..","-0.496519392","0","..","1.221385837","..",21.7107459395692
"1765","Greenland","GRL","2010",2503167187,"..","1.735825059","0","..","1.210366488","..",21.6408226418118
"1766","Greenland","GRL","2009",2529963903,"..","0.865952329","0","..","1.183344483","..",21.6514708719951
"1767","Greenland","GRL","2008",2499092314,"..","6.166132702","0","..","..","..",21.6391934284931
"1768","Greenland","GRL","2007",2249811296,"..","2.352437981","0","..","..","..",21.5341121812011
"1769","Greenland","GRL","2006",2013106930,"..","5.555694901","0","..","..","..",21.4229451019151
"1770","Greenland","GRL","2005",1849802648,"..","4.987491771","0","..","..","..",21.3383447935895
"1771","Greenland","GRL","2004",1822499769,"..","6.906582837","0","..","..","..",21.3234748950981
"1772","Greenland","GRL","2003",1558759823,"..","4.430045721","0","..","..","..",21.1671563567831
"1773","Greenland","GRL","2002",1169136716,"..","-0.971177311","0","..","..","..",20.8795314638385
"1774","Greenland","GRL","2001",1086170704,"..","1.269035079","0","..","..","..",20.8059242321094
"1775","Greenland","GRL","2000",1068025016,"..","7.101596882","0","..","..","..",20.7890770004311
"1776","Grenada","GRD","2023",1323985600,"16.61669994","4.679761816","..","..","0.55816859","4",21.0039124182692
"1777","Grenada","GRD","2022",1231732104,"13.23031236","7.320740616","..","..","0.484212607","4",20.9316872303605
"1778","Grenada","GRD","2021",1122800000,"13.55749617","4.687478169","0","..","0.494541526","4",20.839091402452
"1779","Grenada","GRD","2020",1043411111,"13.53996553","-13.75662226","0","..","0.357770383","4",20.7657610973362
"1780","Grenada","GRD","2019",1213485185,"17.19145797","0.676511739","0","..","0.338273108","4",20.9167623745686
"1781","Grenada","GRD","2018",1166514815,"15.94413496","4.361440394","0","..","0.370333999","4",20.8772863497309
"1782","Grenada","GRD","2017",1125685185,"13.61645083","4.438675669","0","..","0.459925413","4",20.8416577405384
"1783","Grenada","GRD","2016",1061640741,"10.30633053","3.739603956","0","..","0.561088204","4",20.783081417224
"1784","Grenada","GRD","2015",997007407.4,"15.47318847","6.445223147","0","..","0.539932907","4",20.7202687575876
"1785","Grenada","GRD","2014",911496296.3,"9.186743238","7.34212396","0","..","0.313041896","4",20.6305980887725
"1786","Grenada","GRD","2013",842618518.5,"15.47292696","2.351098017","0","..","0.450227886","4",20.5520248850745
"1787","Grenada","GRD","2012",799881481.5,"6.227641217","-1.154838164","0","..","0.446904987","4",20.4999741265322
"1788","Grenada","GRD","2011",778655555.6,"11.03479992","0.76477355","0","..","0.462857246","4",20.4730793437932
"1789","Grenada","GRD","2010",771014814.8,"7.218296426","-0.511146187","0","..","0.475884438","4",20.4632181463884
"1790","Grenada","GRD","2009",771275555.6,"14.09353033","-6.613281348","0","..","0.404830992","4",20.4635562679347
"1791","Grenada","GRD","2008",825976037,"17.48575649","0.947542625","0","..","0.375134289","4",20.5320763201685
"1792","Grenada","GRD","2007",758683592.6,"21.77771691","6.123450947","0","..","0.441427618","4",20.447095374399
"1793","Grenada","GRD","2006",698700666.7,"14.70181856","-3.995328244","0","..","0.708866119","4",20.3647329777229
"1794","Grenada","GRD","2005",695555555.6,"11.73318575","13.27618833","0","..","0.743590176","4",20.3602214447861
"1795","Grenada","GRD","2004",599118592.6,"21.09239903","-0.647450316","0","..","0.759357512","..",20.2109701207906
"1796","Grenada","GRD","2003",591018407.4,"16.76563559","9.463973431","0","..","0.854120076","..",20.1973577210782
"1797","Grenada","GRD","2002",540336925.9,"14.40837482","3.43732353","0","..","0.850210369","..",20.1077034398068
"1798","Grenada","GRD","2001",520444185.2,"17.21096056","-2.023900041","0","..","..","..",20.0701932072243
"1799","Grenada","GRD","2000",520044370.4,"11.05470972","4.887952137","0","..","0.861537576","..",20.0694246935919
"1800","Guam","GUM","2022",6.91e+09,"..","5.099864262","..","..","1.270272374","..",22.656235474726
"1801","Guam","GUM","2021",6.234e+09,"..","2.058183257","0","..","1.279687047","..",22.5532840182916
"1802","Guam","GUM","2020",5.916e+09,"..","-10.51885957","0","..","1.265453935","..",22.500926381795
"1803","Guam","GUM","2019",6.355e+09,"..","2.523602033","0","..","1.176189423","..",22.5725077415878
"1804","Guam","GUM","2018",6.051e+09,"..","-0.828231905","0","..","1.178940058","..",22.5234893845866
"1805","Guam","GUM","2017",6.013e+09,"..","0.890099909","0","..","1.171781301","..",22.5171896290038
"1806","Guam","GUM","2016",5.901e+09,"..","0.181983621","0","..","1.15941143","..",22.4983876650214
"1807","Guam","GUM","2015",5.799e+09,"..","0.825688073","0","..","1.151729107","..",22.4809513258407
"1808","Guam","GUM","2014",5.61e+09,"..","1.793051924","0","..","1.220693946","..",22.447816556481
"1809","Guam","GUM","2013",5.399e+09,"..","1.690408357","0","..","0.778291643","..",22.4094795881826
"1810","Guam","GUM","2012",5.265e+09,"..","2.13385063","0","..","0.779971004","..",22.3843469825323
"1811","Guam","GUM","2011",4.984e+09,"..","0.077654824","0","..","0.791372001","..",22.3294986184316
"1812","Guam","GUM","2010",4.949e+09,"..","2.263251936","0","..","0.815264821","..",22.3224513729162
"1813","Guam","GUM","2009",4.828e+09,"..","0.438683948","0","..","0.832615554","..",22.2976981401817
"1814","Guam","GUM","2008",4.658e+09,"..","2.034587996","0","..","0.797165334","..",22.2618520084086
"1815","Guam","GUM","2007",4.397e+09,"..","0.717213115","0","..","0.784966588","..",22.2041883271451
"1816","Guam","GUM","2006",4.238e+09,"..","-3.652517275","0","..","0.775587142","..",22.1673572967925
"1817","Guam","GUM","2005",4.213e+09,"..","3.642316349","0","..","0.789309144","..",22.1614408199433
"1818","Guam","GUM","2004",3.869e+09,"..","6.493789497","0","..","0.370109558","..",22.0762619126648
"1819","Guam","GUM","2003",3.569e+09,"..","0.879314135","0","..","..","..",21.9955512814544
"1820","Guam","GUM","2002",3.394e+09,"..","..","0","..","..","..",21.9452750037584
"1821","Guatemala","GTM","2023",1.04368e+11,"1.581235467","3.533156701","..","11.56786147","-1.121612906","..",25.3711889520001
"1822","Guatemala","GTM","2022",95641441235,"1.516155352","4.184518087","..","11.81885436","-1.210148692","..",25.2838720487977
"1823","Guatemala","GTM","2021",86455519687,"4.194485839","8.041703837","0.118140036","11.55889545","-1.192652345","..",25.1828958953544
"1824","Guatemala","GTM","2020",77719464221,"1.292303891","-1.785551945","0.053289218","9.955089967","-1.134097815","..",25.0763715677237
"1825","Guatemala","GTM","2019",77172317259,"1.517071019","4.017897934","0.139922257","10.43539133","-0.915584147","..",25.0693066449423
"1826","Guatemala","GTM","2018",73328365862,"1.257900485","3.406873465","0.17663466","10.56094993","-0.82176429","..",25.0182133540909
"1827","Guatemala","GTM","2017",71653754107,"1.393289832","3.079851271","0.119195049","10.63557397","-0.787501216","..",24.9951113849213
"1828","Guatemala","GTM","2016",66053403364,"1.280458715","2.677802733","0.080715322","10.4215149","-0.791301847","..",24.9137293936728
"1829","Guatemala","GTM","2015",62186064758,"1.935088005","4.092170721","0.123828268","10.35825156","-0.781392336","..",24.8533967723306
"1830","Guatemala","GTM","2014",57852152955,"2.433021432","4.44397783","0.363765722","10.77781594","-0.756552994","..",24.7811565060561
"1831","Guatemala","GTM","2013",52996446180,"2.872161456","3.694819024","0.41879556","11.10229391","-0.639291465","..",24.6934906950428
"1832","Guatemala","GTM","2012",49593929487,"2.822562972","2.974708568","0.521031752","11.00955226","-0.678762555","..",24.6271342738121
"1833","Guatemala","GTM","2011",46876006272,"1.87038244","4.163906883","0.592110785","11.01784354","-0.537248194","..",24.5707717881426
"1834","Guatemala","GTM","2010",40676578423,"2.710307068","2.884175428","0.47050587","10.60502184","-0.540784419","..",24.4289182950269
"1835","Guatemala","GTM","2009",37126148265,"1.346278225","0.476898107","0.412561078","10.50468557","-0.533482134","..",24.3375873632879
"1836","Guatemala","GTM","2008",38503720224,"1.899522087","3.293524","0.835430467","11.45903031","-0.666637182","..",24.3740207027667
"1837","Guatemala","GTM","2007",33567850824,"2.559591928","6.33771869","0.750244546","12.25524129","-0.769333959","..",24.2368346251561
"1838","Guatemala","GTM","2006",29744246827,"2.135875229","5.351397787","0.851581475","12.05105635","-0.837902725","..",24.1159015662706
"1839","Guatemala","GTM","2005",26783389294,"2.016175003","3.276026926","0.887868748","11.38438352","-0.684203923","..",24.0110477298436
"1840","Guatemala","GTM","2004",23577298095,"1.363175707","3.137916836","0.729374796","11.74284983","-0.619750619","..",23.8835501408847
"1841","Guatemala","GTM","2003",21576351799,"0.09032397","2.560377668","0.74143185","11.85839594","-0.73712796","..",23.7948637277584
"1842","Guatemala","GTM","2002",20444205991,"-4.974498761","3.839287086","0.709990191","12.07359616","-0.660021722","..",23.7409653536675
"1843","Guatemala","GTM","2001",18405220247,"-5.088199966","2.332574866","0.631161134","11.03867221","..","..",23.6359001703996
"1844","Guatemala","GTM","2000",19288929030,"-4.088355547","3.608868717","0.803745468","10.06497645","-0.830889881","..",23.6827971428827
"1845","Guinea","GIN","2023",22407615556,"5.837211892","5.541726686","..","..","-0.897673428","2.5",23.8326667182058
"1846","Guinea","GIN","2022",19910452542,"3.306303554","3.972407842","..","..","-0.971789539","2.5",23.7145106841464
"1847","Guinea","GIN","2021",17069115738,"1.157704963","5.582332811","0","..","-1.020983338","2.5",23.560536570302
"1848","Guinea","GIN","2020",14088693743,"1.251712921","4.704590961","0","..","-0.973217785","2.5",23.3686384504685
"1849","Guinea","GIN","2019",13442861496,"0.330286822","5.616914469","0","..","-0.91443634","2.5",23.3217140583081
"1850","Guinea","GIN","2018",11857030367,"2.975112563","6.358491927","0","..","-1.060088992","2.5",23.1961868085222
"1851","Guinea","GIN","2017",10324668271,"5.594271746","10.30000534","0","..","-1.037583351","2.5",23.0578018465607
"1852","Guinea","GIN","2016",8595955222,"18.82800943","10.8206272","0","..","-0.946929872","2.5",22.8745576065461
"1853","Guinea","GIN","2015",8794201743,"0.605767982","3.825910569","0","..","-1.014498711","2.5",22.8973584484244
"1854","Guinea","GIN","2014",8778473373,"-0.840221306","3.696553117","0","..","-1.067463517","2.5",22.8955683539628
"1855","Guinea","GIN","2013",8376613539,"0.00226822","3.945687086","0","..","-1.04989922","2.5",22.8487095574739
"1856","Guinea","GIN","2012",7638044557,"7.92820722","5.915286261","0","..","-1.055663228","2",22.7564074593279
"1857","Guinea","GIN","2011",6785137203,"14.09050357","5.612111774","0","..","-1.12737143","2",22.6380003515468
"1858","Guinea","GIN","2010",6853467146,"..","4.81336017","0","..","-1.221938848","2",22.6480205138692
"1859","Guinea","GIN","2009",6716905340,"1.355237202","-1.122642048","0","..","-1.096284151","2",22.627893370531
"1860","Guinea","GIN","2008",6964179983,"5.483488378","4.13301616","0","..","-1.21101439","2",22.6640457032915
"1861","Guinea","GIN","2007",6281918226,"6.14302807","6.817471111","0","..","-1.292450428","2.5",22.5609412207862
"1862","Guinea","GIN","2006",4220019845,"2.962071378","1.189602117","0","..","-1.121541977","2.5",22.1631056675899
"1863","Guinea","GIN","2005",4282468637,"2.451856835","2.997272563","0","..","-1.073312879","2.5",22.1777954646098
"1864","Guinea","GIN","2004",5300767961,"1.846902198","2.340117313","0","..","-0.88760668","..",22.3911175453096
"1865","Guinea","GIN","2003",5025167975,"1.571410158","1.248601259","0","..","-0.888901353","..",22.3377247181935
"1866","Guinea","GIN","2002",4301608753,"0.697413496","5.164609467","0","..","-0.767053604","..",22.1822549182819
"1867","Guinea","GIN","2001",4125527603,"0.040649346","3.658346469","0","..","..","..",22.1404597523116
"1868","Guinea","GIN","2000",4367458867,"0.227638091","2.503060563","0","..","-1.050160885","..",22.1974471819545
"1869","Guinea-Bissau","GNB","2023",2077816135,"1.209601774","4.463699361","..","8.849341726","-1.17836988","1.5",21.4545832439955
"1870","Guinea-Bissau","GNB","2022",1839048748,"1.177674266","5.58513728","..","8.794633623","-1.18545568","1.5",21.332514290102
"1871","Guinea-Bissau","GNB","2021",1878659687,"0.986326767","5.237366406","0","8.925745844","-1.320214152","1.5",21.3538244270843
"1872","Guinea-Bissau","GNB","2020",1683619352,"1.246702326","2.128114901","0","7.034106666","-1.363286018","1.5",21.2442116892114
"1873","Guinea-Bissau","GNB","2019",1588767976,"4.510330107","5.565745336","0","8.573917594","-1.49801743","1.5",21.1862246949594
"1874","Guinea-Bissau","GNB","2018",1554133594,"1.323169276","3.761453596","0","8.857877891","-1.559087157","1.5",21.1641840530218
"1875","Guinea-Bissau","GNB","2017",1469978606,"1.067443967","4.663679439","0","9.481533963","-1.596066117","1.5",21.1085136838897
"1876","Guinea-Bissau","GNB","2016",1245074264,"1.927482726","5.432678265","0","..","-1.586539984","2",20.9424610148833
"1877","Guinea-Bissau","GNB","2015",1152384167,"1.61191901","6.134089362","0","..","-1.509872556","2",20.8650988219272
"1878","Guinea-Bissau","GNB","2014",1135250721,"2.541529122","0.964525746","0","..","-1.556959033","2",20.8501193630445
"1879","Guinea-Bissau","GNB","2013",1109682824,"1.769848408","3.256071909","0","..","-1.341482759","2",20.8273400672939
"1880","Guinea-Bissau","GNB","2012",1049412177,"0.631297915","-1.712869584","0","..","-1.293287516","2",20.7714960129231
"1881","Guinea-Bissau","GNB","2011",1157074319,"2.162700094","8.085041672","0","..","-1.186045289","2.5",20.8691605173215
"1882","Guinea-Bissau","GNB","2010",940112538.9,"2.791176472","5.605363114","0","..","-1.161557078","2.5",20.6615101482962
"1883","Guinea-Bissau","GNB","2009",890167833.4,"2.122094204","2.447951061","0","..","-1.21717298","2.5",20.606920579766
"1884","Guinea-Bissau","GNB","2008",952667544,"0.695948347","4.524575146","0","..","-1.200396061","2.5",20.6747765487093
"1885","Guinea-Bissau","GNB","2007",753162998,"2.492172019","2.559826471","0","..","-1.204945683","2.5",20.4397922271465
"1886","Guinea-Bissau","GNB","2006",634781901.3,"2.817837674","2.666504933","0","..","-1.095482945","2.5",20.2687920353405
"1887","Guinea-Bissau","GNB","2005",639776040.7,"1.358673588","6.559771118","0","..","-1.174984336","2.5",20.2766287366697
"1888","Guinea-Bissau","GNB","2004",582169841.3,"0.329050599","1.171891523","0","..","-1.27454555","..",20.182272786663
"1889","Guinea-Bissau","GNB","2003",553614800.1,"0.723518173","-0.285931052","0","..","-1.127326012","..",20.1319796961951
"1890","Guinea-Bissau","GNB","2002",466773711.2,"0.759522999","3.653936036","0","..","-1.044214368","..",19.9613551397385
"1891","Guinea-Bissau","GNB","2001",412610871.5,"0.095880556","4.78597165","0","..","..","..",19.8380155070182
"1892","Guinea-Bissau","GNB","2000",391345597.5,"0.179450083","1.100278158","0","..","-0.915324807","..",19.785101608631
"1893","Guyana","GUY","2023",16918503597,"-6.708844662","33.79501112","..","..","-0.383745015","3",23.5516737473198
"1894","Guyana","GUY","2022",14718388489,"-20.36195754","63.33463437","..","..","-0.295522034","3",23.4123634666046
"1895","Guyana","GUY","2021",8041362110,"27.81249874","20.05999756","22.08217531","..","-0.187317982","3",22.8078643224546
"1896","Guyana","GUY","2020",5471256595,"23.45096595","43.47965172","7.376357586","..","-0.173186764","3",22.4227741518605
"1897","Guyana","GUY","2019",5173760192,"51.99946801","5.352840035","0.084900644","..","-0.142694622","3",22.3668655709697
"1898","Guyana","GUY","2018",4787636998,"25.72793218","4.440912885","0","..","-0.250006974","3",22.289302806814
"1899","Guyana","GUY","2017",4748174334,"4.469951827","3.734491546","0","..","-0.531101525","3",22.2810260303744
"1900","Guyana","GUY","2016",4482697337,"1.293863842","3.807456264","0","..","-0.348007828","3",22.2234907863451
"1901","Guyana","GUY","2015",4279840194,"3.217409851","0.687404591","0","..","-0.657630563","3",22.1771815079926
"1902","Guyana","GUY","2014",4127660152,"5.759923051","1.68649445","0","..","-0.741052151","3",22.1409765342172
"1903","Guyana","GUY","2013",4167800929,"4.812091398","3.653384333","0","..","-0.651954174","3",22.1506543785006
"1904","Guyana","GUY","2012",4063088536,"6.839870644","5.27633062","0","..","-0.761781573","2.5",22.1252092445096
"1905","Guyana","GUY","2011",3691384318,"6.685838666","5.196251561","0","..","-0.619942248","2.5",22.0292673785757
"1906","Guyana","GUY","2010",3432912517,"5.767697226","4.138441601","0","..","-0.562469244","2.5",21.9566748681378
"1907","Guyana","GUY","2009",3165663153,"5.180589093","3.611508472","0","..","-0.539242208","3",21.875628397609
"1908","Guyana","GUY","2008",3025187433,"5.883932944","1.755223496","0","..","-0.556314647","3",21.830238887832
"1909","Guyana","GUY","2007",2730971595,"5.580431531","7.191236241","0","..","-0.592017114","3",21.7279232784319
"1910","Guyana","GUY","2006",2379817991,"4.302850067","5.129609348","0","..","-0.583094895","3",21.5902898473357
"1911","Guyana","GUY","2005",824880550.3,"9.310438944","-1.950957595","0","..","-0.558261573","3",20.5307491463011
"1912","Guyana","GUY","2004",787814379.2,"3.80800361","1.56335211","0","..","-0.400268286","..",20.4847730606828
"1913","Guyana","GUY","2003",743063950.3,"3.512483682","-0.632225388","0","..","-0.357633144","..",20.4262926693685
"1914","Guyana","GUY","2002",726131434.7,"6.004422604","1.132626962","0","..","-0.26159507","..",20.4032415959351
"1915","Guyana","GUY","2001",712167450.2,"7.863319222","2.279521659","0","..","..","..",20.3838236245903
"1916","Guyana","GUY","2000",712667896.7,"9.41532519","-1.363803903","0","..","-0.420879841","..",20.3845260868385
"1917","Haiti","HTI","2023",19850585722,"0.119129583","-1.863884203","..","..","-1.443874121","1.5",23.7114993510498
"1918","Haiti","HTI","2022",20253551921,"0.194598953","-1.681983969","..","..","-1.459187508","1.5",23.7315960186237
"1919","Haiti","HTI","2021",20877414953,"0.245715287","-1.798239889","0","..","-1.44170785","1.5",23.7619337873634
"1920","Haiti","HTI","2020",14508222518,"0.172316078","-3.30550547","0","..","-1.346688509","2",23.3979813958563
"1921","Haiti","HTI","2019",15016090930,"0.49946421","-1.723096998","0","..","-1.347186327","2.5",23.432388191753
"1922","Haiti","HTI","2018",16403864618,"0.640093066","1.667810955","0","..","-1.28570652","2.5",23.5207827914551
"1923","Haiti","HTI","2017",15093357161,"2.483609153","2.510271345","0","..","-1.258248806","2.5",23.4375205608601
"1924","Haiti","HTI","2016",14069277526,"0.74559621","1.812468078","0","..","-1.354207993","2.5",23.3672593582113
"1925","Haiti","HTI","2015",14849629309,"0.711667597","1.400000009","0","..","-1.25860095","2.5",23.4212407395267
"1926","Haiti","HTI","2014",15146883498,"0.653599798","2.888772509","0","..","-1.239637733","2.5",23.4410606380377
"1927","Haiti","HTI","2013",14902488604,"1.08652045","4.324784115","0","..","-1.135524273","2.5",23.4247940563542
"1928","Haiti","HTI","2012",13708925477,"1.137944766","0.502424404","0","..","-1.240631819","2.5",23.3413129523215
"1929","Haiti","HTI","2011",13008746039,"0.914769184","5.098213544","0","..","-1.237703323","2.5",23.2888877404289
"1930","Haiti","HTI","2010",11859312725,"1.500930148","-5.651511534","0","..","-1.189320803","2.5",23.1963792798487
"1931","Haiti","HTI","2009",11597002835,"0.47831324","5.890378948","0","..","-1.095069528","2.5",23.1740125253807
"1932","Haiti","HTI","2008",10432962635,"0.285633152","2.658032308","0","..","-1.215589523","2",23.0682361150015
"1933","Haiti","HTI","2007",9228637768,"0.807269739","4.70652994","0","..","-1.290741682","2",22.9455772871368
"1934","Haiti","HTI","2006",7638739123,"2.10244122","1.768750603","0","..","-1.326422453","2",22.7564983902483
"1935","Haiti","HTI","2005",7030149730,"0.369835651","3.072173377","0","..","-1.391284227","2",22.6734738412619
"1936","Haiti","HTI","2004",6087360684,"0.096922136","-1.31785676","0","..","-1.460177302","..",22.529480439508
"1937","Haiti","HTI","2003",5071947798,"0.272084819","3.480779732","0","..","-1.584855795","..",22.3469907618359
"1938","Haiti","HTI","2002",6205847214,"0.091848861","1.051820135","0","..","-1.506175399","..",22.5487577835912
"1939","Haiti","HTI","2001",6331970324,"0.069488639","-0.342747883","0","..","..","..",22.5688772922833
"1940","Haiti","HTI","2000",6813566099,"0.194464981","0.870059259","0","..","-1.201629281","..",22.6421814762886
"1941","Honduras","HND","2023",34355805528,"3.161363643","3.575847605","..","..","-1.111958146","2.5",24.2600368523384
"1942","Honduras","HND","2022",31426041807,"2.41292398","4.14356194","..","..","-1.002288342","2.5",24.170902743045
"1943","Honduras","HND","2021",28144331507,"2.843613297","12.56528438","0.00101153","..","-1.091472626","2.5",24.0606118038305
"1944","Honduras","HND","2020",23352232484,"1.010682239","-8.965082233","0.000445542","15.06613155","-0.988051236","2.5",23.8739584260842
"1945","Honduras","HND","2019",24882225742,"3.838464082","2.559634346","0.000896861","..","-0.875853598","2.5",23.9374195598998
"1946","Honduras","HND","2018",24067750760,"5.993861207","3.84499477","0.001168019","..","-0.656895399","3",23.9041386385919
"1947","Honduras","HND","2017",23136247991,"4.105920467","4.842913911","0.000765798","..","-0.738785088","3",23.8646664017018
"1948","Honduras","HND","2016",21717604952,"5.281569734","3.892972197","0","..","-0.67940253","3",23.8013890566871
"1949","Honduras","HND","2015",20979791685,"6.275943284","3.840079971","0","17.34447206","-0.589746416","3",23.766825510647
"1950","Honduras","HND","2014",19756533972,"8.628996931","3.058080562","0.002050524","16.54263824","-0.787561238","3",23.7067501076053
"1951","Honduras","HND","2013",18499729215,"5.778621139","2.791559757","0.00240289","15.06324191","-0.94505918","3",23.6410219318965
"1952","Honduras","HND","2012",18528554398,"5.83610989","4.128687749","0.002631528","14.74747232","-0.955132008","3",23.6425788600612
"1953","Honduras","HND","2011",17710275685,"5.886814182","3.835690662","0.002865036","14.78797879","-0.833935797","3",23.597410855249
"1954","Honduras","HND","2010",15839344592,"3.834605747","3.731140344","0.002022264","14.4250984","-0.889169753","3",23.485762845709
"1955","Honduras","HND","2009",14587496229,"3.389872002","-2.43162788","0.001554373","14.16197019","-0.908242762","3",23.4034305760501
"1956","Honduras","HND","2008",13881731876,"8.650203719","4.23160011","0.003287891","16.13051598","-0.915665329","3",23.3538395591693
"1957","Honduras","HND","2007",12361257681,"7.822232813","6.188327167","0.002664815","16.38500055","-0.791543305","3",23.2378330379256
"1958","Honduras","HND","2006",10917477066,"6.572873053","6.567243552","0.002872591","15.23835608","-0.833331823","3",23.1136307426577
"1959","Honduras","HND","2005",9757012697,"6.160282772","6.050599222","0.000132246","14.53495396","-0.81975615","3",23.0012521143935
"1960","Honduras","HND","2004",8869299234,"6.676063997","6.232302961","0","14.49585933","-0.946081817","..",22.9058616260883
"1961","Honduras","HND","2003",8230391347,"4.74055554","4.547038052","0","13.74646578","-0.974429309","..",22.8310994017807
"1962","Honduras","HND","2002",7858255413,"3.656217378","3.754337861","0","..","-1.019552112","..",22.7848304611177
"1963","Honduras","HND","2001",7651162302,"4.049406976","2.723193273","0","..","..","..",22.7581234081459
"1964","Honduras","HND","2000",7186638029,"4.869843153","7.291288159","0","..","-0.969870448","..",22.6954893094781
"1965","Hong Kong SAR, China","HKG","2023",3.81066e+11,"32.01163762","3.214489017","..","..","1.625145435","..",26.6662384254173
"1966","Hong Kong SAR, China","HKG","2022",3.5868e+11,"34.12737598","-3.683751417","..","..","1.610761762","..",26.6056964630303
"1967","Hong Kong SAR, China","HKG","2021",3.68954e+11,"37.18381916","6.454424733","0.000356293","..","1.679442525","..",26.6339378119695
"1968","Hong Kong SAR, China","HKG","2020",3.44943e+11,"34.04975135","-6.544783202","0.000119787","..","1.617110729","..",26.5666450229366
"1969","Hong Kong SAR, China","HKG","2019",3.63075e+11,"16.05713259","-1.672395165","0.000293788","..","1.652728677","..",26.6178752614403
"1970","Hong Kong SAR, China","HKG","2018",3.61731e+11,"26.82552406","2.846934576","0.000401063","..","1.637558818","..",26.6141666786184
"1971","Hong Kong SAR, China","HKG","2017",3.41273e+11,"36.83755166","3.796113581","0.000282557","..","1.572130442","..",26.5559485804418
"1972","Hong Kong SAR, China","HKG","2016",3.2086e+11,"41.53183645","2.175436928","0.000152821","..","1.517090917","..",26.4942707278693
"1973","Hong Kong SAR, China","HKG","2015",3.09386e+11,"58.51837251","2.387783395","0.000197505","..","1.610596776","..",26.4578555251928
"1974","Hong Kong SAR, China","HKG","2014",2.9146e+11,"44.55069571","2.762430301","0.015787379","..","1.615285397","..",26.398168612052
"1975","Hong Kong SAR, China","HKG","2013",2.75697e+11,"27.87752022","3.101516964","0.002657925","..","1.636149526","..",26.3425682735241
"1976","Hong Kong SAR, China","HKG","2012",2.62629e+11,"28.51443449","1.700293803","0.001003496","..","1.732589602","..",26.294008226838
"1977","Hong Kong SAR, China","HKG","2011",2.48514e+11,"38.68402954","4.814681001","0.006684326","..","1.845635533","..",26.2387650189243
"1978","Hong Kong SAR, China","HKG","2010",2.28639e+11,"36.17460836","6.767665817","0.000638697","..","1.954417706","..",26.1554101774305
"1979","Hong Kong SAR, China","HKG","2009",2.14048e+11,"25.35681664","-2.459140986","0","..","1.876695275","..",26.0894661258824
"1980","Hong Kong SAR, China","HKG","2008",2.19279e+11,"30.5707634","2.127920936","0","..","1.886837244","..",26.1136107285511
"1981","Hong Kong SAR, China","HKG","2007",2.11597e+11,"29.3581798","6.464864119","0","..","1.908177853","..",26.0779493591363
"1982","Hong Kong SAR, China","HKG","2006",1.93535e+11,"23.20081185","7.032624791","0","..","1.857166886","..",25.9887242116127
"1983","Hong Kong SAR, China","HKG","2005",1.81569e+11,"22.56060062","7.388176319","0","..","1.770194054","..",25.9249015836961
"1984","Hong Kong SAR, China","HKG","2004",1.691e+11,"13.12493728","8.700047463","0","..","1.849274278","..",25.8537560928509
"1985","Hong Kong SAR, China","HKG","2003",1.61386e+11,"11.5049681","3.056293686","0","..","1.800160408","..",25.8070648480039
"1986","Hong Kong SAR, China","HKG","2002",1.66349e+11,"4.056447981","1.656706114","0","..","1.666941762","..",25.8373538279711
"1987","Hong Kong SAR, China","HKG","2001",1.69404e+11,"18.47161763","0.560881672","0","..","..","..",25.8555522316365
"1988","Hong Kong SAR, China","HKG","2000",1.71669e+11,"41.06494707","7.663408266","0","..","1.292819738","..",25.8688340410827
"1989","Hungary","HUN","2023",2.14023e+11,"-33.09791743","-0.842528841","..","..","-0.000498131","..",26.0893493228286
"1990","Hungary","HUN","2022",1.77537e+11,"-1.078320207","4.270347552","..","23.35810462","-0.103261694","..",25.9024448748433
"1991","Hungary","HUN","2021",1.83283e+11,"18.28668555","7.222915808","0.18388756","21.3456993","0.01195485","..",25.9342972433558
"1992","Hungary","HUN","2020",1.58468e+11,"105.6357555","-4.3387254","0.083351251","22.68589593","0.068954095","..",25.7888185171362
"1993","Hungary","HUN","2019",1.64937e+11,"59.57754938","5.077184951","0.144282545","22.23982414","0.030637173","..",25.8288294197541
"1994","Hungary","HUN","2018",1.61185e+11,"-40.10824602","5.606138138","0.133636368","22.44799236","0.055339221","..",25.8058186105801
"1995","Hungary","HUN","2017",1.43335e+11,"-8.631354962","4.124183895","0.0926984","22.84571441","0.090621345","..",25.6884503848053
"1996","Hungary","HUN","2016",1.28984e+11,"53.84676368","2.438641413","0.070338664","23.00061726","0.072164074","..",25.5829542026079
"1997","Hungary","HUN","2015",1.25244e+11,"-4.36725591","3.659816154","0.083804183","23.22214919","0.118709452","..",25.5535296715723
"1998","Hungary","HUN","2014",1.41129e+11,"9.126502233","4.334353641","0.168537006","23.00295155","0.156544849","..",25.6729402026815
"1999","Hungary","HUN","2013",1.35646e+11,"-2.749863953","2.032169907","0.194311507","22.87443665","0.293921649","..",25.6333143879645
"2000","Hungary","HUN","2012",1.2847e+11,"8.305498508","-1.339484465","0.237336347","22.92903194","0.298703164","..",25.5789612509899
"2001","Hungary","HUN","2011",1.41713e+11,"7.454421455","1.916709166","0.22705237","21.07557795","0.332649559","..",25.6770697225542
"2002","Hungary","HUN","2010",1.31899e+11,"-15.88543803","1.067950682","0.152616226","22.63499581","0.303954065","..",25.6053023151398
"2003","Hungary","HUN","2009",1.30807e+11,"-2.282804956","-6.740166085","0.148972461","23.34088968","0.395329833","..",25.5969887913571
"2004","Hungary","HUN","2008",1.58228e+11,"47.23642119","0.993437085","0.240895211","23.27352482","0.434097022","..",25.7873028677693
"2005","Hungary","HUN","2007",1.40123e+11,"50.40652303","0.332354338","0.19476725","21.3918026","0.595291078","..",25.6657864452663
"2006","Hungary","HUN","2006",1.15604e+11,"16.15748765","3.933931627","0.238336092","19.82880977","0.633171618","..",25.4734363946622
"2007","Hungary","HUN","2005",1.13098e+11,"24.30602881","4.300283185","0.214107473","19.91931396","0.625532269","..",25.4515205364462
"2008","Hungary","HUN","2004",1.04015e+11,"4.362912778","4.963125362","0.188780374","20.38331658","0.665135562","..",25.3678009564568
"2009","Hungary","HUN","2003",85190469121,"4.880252995","3.938777612","0.179717245","20.68455606","0.635689139","..",25.1681553997474
"2010","Hungary","HUN","2002",67636468625,"5.386780909","4.730065308","0.187700537","20.88454061","0.574014664","..",24.9374131512313
"2011","Hungary","HUN","2001",53800068066,"7.544264732","4.062026172","0.234436693","21.37973757","..","..",24.7085405692806
"2012","Hungary","HUN","2000",47275954429,"5.812072105","4.409375018","0.373626436","22.35122157","0.720579922","..",24.5792676401608
"2013","Iceland","ISL","2023",31452223862,"5.18908866","5.646461819","..","23.34138637","1.551306129","..",24.1717355286263
"2014","Iceland","ISL","2022",28696453180,"4.872124052","8.978970852","..","22.52622841","1.567499638","..",24.0800393694966
"2015","Iceland","ISL","2021",25770339317,"1.805386736","5.033406131","0","21.4357063","1.760120511","..",23.9724900286563
"2016","Iceland","ISL","2020",21629953194,"-4.061305435","-6.940453068","0","22.40161375","1.666864395","..",23.7973449129701
"2017","Iceland","ISL","2019",24681343649,"-2.254592491","1.861177946","0","21.93201342","1.670637608","..",23.9293134773298
"2018","Iceland","ISL","2018",26260850582,"-2.371280337","4.889173002","0","22.97836107","1.805603027","..",23.991345096081
"2019","Iceland","ISL","2017",24728285177,"-28.3072317","4.194948789","0","23.9232132","1.794643283","..",23.9312135742639
"2020","Iceland","ISL","2016",20793168031,"-5.128063967","6.303687125","0","37.61284979","1.903639555","..",23.7578903096508
"2021","Iceland","ISL","2015",17517210519,"6.540809928","4.436663739","0","22.68944412","1.897815824","..",23.5864496928262
"2022","Iceland","ISL","2014",17867662178,"4.291415023","1.687215035","0","24.49195998","1.823646665","..",23.6062583337207
"2023","Iceland","ISL","2013",16125060515,"2.930888509","4.552460289","0","21.6567855","1.904866219","..",23.5036404524894
"2024","Iceland","ISL","2012",14751508134,"6.942777097","1.063636596","0","21.50330708","1.878031492","..",23.4146111608783
"2025","Iceland","ISL","2011",15221622926,"7.272274387","1.845779149","0","20.58217743","1.932823181","..",23.4459828148385
"2026","Iceland","ISL","2010",13751161918,"1.868803547","-2.832774923","0","20.22643799","1.934969664","..",23.3443891606161
"2027","Iceland","ISL","2009",13154414219,"0.483397738","-7.66380952","0","19.93353865","2.031520128","..",23.3000232212948
"2028","Iceland","ISL","2008",18074622987,"6.659541201","2.209496413","0","22.79777458","2.327251434","..",23.6177747465164
"2029","Iceland","ISL","2007",21652505597,"31.73844956","8.454860104","0","25.95849178","2.197670221","..",23.7983870166615
"2030","Iceland","ISL","2006",17465318552,"22.19573019","6.316993022","0","26.89713758","2.172911167","..",23.5834829544892
"2031","Iceland","ISL","2005",16852963067,"18.35689104","6.124439054","0","27.24299312","2.301355362","..",23.5477923279586
"2032","Iceland","ISL","2004",13825302536,"5.463294553","7.802399454","0","24.76632097","2.167231798","..",23.3497662673703
"2033","Iceland","ISL","2003",11429333038,"2.934162509","2.142688374","0","23.67708233","2.22752285","..",23.1594489611696
"2034","Iceland","ISL","2002",9318395055,"0.986280282","0.559519096","0","22.59271182","2.194614172","..",22.9552562464159
"2035","Iceland","ISL","2001",8234846805,"1.984806471","4.013497544","0","22.76406737","..","..",22.8316405974886
"2036","Iceland","ISL","2000",9025660362,"1.719106723","4.98504276","0","25.10557259","2.19704318","..",22.9233375087932
"2037","India","IND","2023",3.63849e+12,"0.771720975","9.19075493","..","..","-0.366014749","..",28.9225898763445
"2038","India","IND","2022",3.34611e+12,"1.492488259","7.609364978","..","6.73444286","-0.322223276","..",28.8388195930275
"2039","India","IND","2021",3.16727e+12,"1.41217101","9.689592492","0.325610194","..","-0.317147106","..",28.7838911340349
"2040","India","IND","2020",2.67485e+12,"2.406203227","-5.777724707","0.144343869","..","-0.293598413","..",28.6149144199379
"2041","India","IND","2019",2.83561e+12,"1.78482634","3.871436941","0.305028316","..","-0.30260244","..",28.6732781975115
"2042","India","IND","2018",2.70293e+12,"1.558214838","6.453851345","0.446629595","12.01742775","-0.229758978","..",28.6253574857362
"2043","India","IND","2017",2.65147e+12,"1.507315833","6.795383419","0.313225226","11.38744398","-0.291900009","..",28.6061353191092
"2044","India","IND","2016",2.2948e+12,"1.937364122","8.256305502","0.220297978","11.14773842","-0.337335646","..",28.4616668096741
"2045","India","IND","2015",2.10359e+12,"2.092115214","7.996253786","0.359940709","10.56970905","-0.40657419","..",28.3746665248948
"2046","India","IND","2014",2.03913e+12,"1.69565959","7.410227605","0.945192923","9.984654191","-0.457605749","..",28.343544362232
"2047","India","IND","2013",1.85672e+12,"1.516276467","6.386106401","1.193354156","11.00162569","-0.517280996","3.5",28.2498326061013
"2048","India","IND","2012",1.82764e+12,"1.31293453","5.456387552","1.313872082","10.83677172","-0.51396811","3.5",28.2340466330233
"2049","India","IND","2011",1.82305e+12,"2.002063463","5.241316199","1.348527058","10.1773872","-0.540835857","3.5",28.2315320385666
"2050","India","IND","2010",1.67562e+12,"1.635034094","8.497584702","0.815747227","10.38803979","-0.463754565","3.5",28.147204361971
"2051","India","IND","2009",1.34189e+12,"2.651590332","7.861888833","0.638793188","9.809725406","-0.452406287","3.5",27.9251001839054
"2052","India","IND","2008",1.1989e+12,"3.620523235","3.086698059","1.584982711","10.97717215","-0.339097977","3.5",27.81242558566
"2053","India","IND","2007",1.21674e+12,"2.073394047","7.660815067","1.152146972","12.10834699","-0.397690296","3.5",27.827196267011
"2054","India","IND","2006",9.4026e+11,"2.130168425","8.060732572","1.331468219","11.12933705","-0.274562806","3.5",27.5694222697096
"2055","India","IND","2005",8.20384e+11,"0.886098378","7.923430621","1.287808372","10.08093153","-0.363160849","3.5",27.4330383602728
"2056","India","IND","2004",7.09153e+11,"0.765596855","7.922936612","1.060431238","9.570817081","-0.448476195","..",27.2873371370948
"2057","India","IND","2003",6.07701e+11,"0.605887857","7.860381476","0.860363359","9.108084322","-0.456320524","..",27.1329488216352
"2058","India","IND","2002",5.14939e+11,"1.011569465","3.803975321","0.898515924","8.676273931","-0.55538249","..",26.9673142839929
"2059","India","IND","2001",4.8544e+11,"1.05638021","4.823966266","0.869871197","8.079454445","..","..",26.9083215331066
"2060","India","IND","2000",4.68396e+11,"0.765211694","3.840991157","1.198808969","8.810143496","-0.403301805","..",26.8725799289239
"2061","Indonesia","IDN","2023",1.37117e+12,"1.571166942","5.049023318","..","..","-0.486872196","..",27.9466855059041
"2062","Indonesia","IDN","2022",1.3191e+12,"1.872641009","5.307197227","..","..","-0.435335577","..",27.9079708018013
"2063","Indonesia","IDN","2021",1.18651e+12,"1.787855631","3.702885628","0.76602834","..","-0.449847877","..",27.8020373409367
"2064","Indonesia","IDN","2020",1.05905e+12,"1.81058402","-2.065511829","0.287189046","..","-0.454962939","..",27.6883933957864
"2065","Indonesia","IDN","2019",1.1191e+12,"2.233362043","5.01928768","0.74013461","..","-0.473498523","..",27.7435459067704
"2066","Indonesia","IDN","2018",1.04227e+12,"1.814289793","5.17429154","1.13230202","..","-0.299604297","..",27.6724221427772
"2067","Indonesia","IDN","2017",1.01562e+12,"2.019489198","5.069785901","0.799367966","..","-0.305278927","..",27.6465203793755
"2068","Indonesia","IDN","2016",9.31877e+11,"0.487372471","5.033069183","0.622279338","..","-0.463151515","..",27.5604666686737
"2069","Indonesia","IDN","2015",8.60854e+11,"2.297616394","4.8763223","0.796675129","..","-0.519084394","..",27.4811907567283
"2070","Indonesia","IDN","2014",8.90815e+11,"2.819972604","5.006668426","1.975025498","..","-0.598005831","..",27.5154026109844
"2071","Indonesia","IDN","2013",9.12524e+11,"2.551356334","5.557263689","2.242288164","..","-0.660291791","..",27.539480223427
"2072","Indonesia","IDN","2012",9.1787e+11,"2.309780319","6.030050653","2.519448338","..","-0.689105809","..",27.5453216053385
"2073","Indonesia","IDN","2011",8.92969e+11,"2.302984294","6.169784208","2.960419802","..","-0.7558707","..",27.5178177027747
"2074","Indonesia","IDN","2010",7.55094e+11,"2.025179146","6.223854181","2.31580792","..","-0.803534508","..",27.3501080817568
"2075","Indonesia","IDN","2009",5.3958e+11,"0.90391942","4.628871183","2.121914929","11.05778652","-0.889640629","..",27.0140568961009
"2076","Indonesia","IDN","2008",5.10229e+11,"1.826329024","6.0137036","4.60202331","13.31061783","-0.639086068","..",26.9581254814935
"2077","Indonesia","IDN","2007",4.32217e+11,"1.603010572","6.345022227","3.68795781","..","-0.630509198","..",26.7921936138875
"2078","Indonesia","IDN","2006",3.64571e+11,"1.347942641","5.500951785","4.552891843","..","-0.86427629","3",26.6219871568065
"2079","Indonesia","IDN","2005",2.85869e+11,"2.916114833","5.692571304","5.206369646","..","-0.906051815","3",26.378799500875
"2080","Indonesia","IDN","2004",2.56837e+11,"0.73824398","5.030873945","3.942375395","12.3307679","-0.976611793","..",26.2717074793804
"2081","Indonesia","IDN","2003",2.34772e+11,"-0.25425632","4.780369122","3.06092866","12.38553206","-0.979823589","..",26.1818806673636
"2082","Indonesia","IDN","2002",1.95661e+11,"0.074151638","4.499475391","3.501254481","11.82695959","-1.137302995","..",25.9996494068693
"2083","Indonesia","IDN","2001",1.60447e+11,"-1.855686193","3.643466447","4.502790392","11.57818458","..","..",25.801229506914
"2084","Indonesia","IDN","2000",1.65021e+11,"-2.757439934","4.920067747","6.513961242","..","-0.908694446","..",25.8293385754758
"2085","Iran, Islamic Rep.","IRN","2023",4.04626e+11,"0.351518326","5.044890195","..","..","-1.23189044","..",26.7262290206139
"2086","Iran, Islamic Rep.","IRN","2022",3.94363e+11,"0.380360591","3.776631402","..","..","-1.126616478","..",26.7005376418867
"2087","Iran, Islamic Rep.","IRN","2021",3.83436e+11,"0.371639399","4.719777732","18.26589809","..","-1.116213441","..",26.6724385598636
"2088","Iran, Islamic Rep.","IRN","2020",2.62186e+11,"0.511850016","3.330288459","13.27334954","..","-1.111130714","..",26.292320012495
"2089","Iran, Islamic Rep.","IRN","2019",3.33519e+11,"0.452147955","-3.070587985","20.07804905","..","-1.07153976","..",26.5329656721935
"2090","Iran, Islamic Rep.","IRN","2018",3.9888e+11,"0.594915419","-1.838007571","27.66464716","..","-0.984446704","..",26.7119264567217
"2091","Iran, Islamic Rep.","IRN","2017",4.89169e+11,"1.026026333","2.758505246","14.62043997","..","-0.838968337","..",26.9159738699862
"2092","Iran, Islamic Rep.","IRN","2016",4.59043e+11,"0.734572212","8.815086643","10.88950315","..","-0.739870667","..",26.8524097245363
"2093","Iran, Islamic Rep.","IRN","2015",4.09192e+11,"0.500987695","-1.424884939","12.26635274","..","-0.634078562","..",26.7374503204906
"2094","Iran, Islamic Rep.","IRN","2014",4.62285e+11,"0.455453874","4.984775067","21.23537583","..","-0.625611603","..",26.8594474209509
"2095","Iran, Islamic Rep.","IRN","2013",5.004e+11,"0.609501594","-1.521979205","21.25656655","..","-0.693914533","..",26.9386736155392
"2096","Iran, Islamic Rep.","IRN","2012",6.44019e+11,"0.723850091","-3.747171399","18.41207234","..","-0.79734683","..",27.1909940657211
"2097","Iran, Islamic Rep.","IRN","2011",6.29082e+11,"0.679834575","2.64571792","22.35145892","..","-0.880579233","..",27.1675274508098
"2098","Iran, Islamic Rep.","IRN","2010",4.8707e+11,"0.749168626","5.797938296","20.22483635","..","-0.948633969","..",26.9116736868661
"2099","Iran, Islamic Rep.","IRN","2009",4.14059e+11,"0.720530462","1.007385463","17.5512588","7.358478041","-0.767309308","..",26.7492743126951
"2100","Iran, Islamic Rep.","IRN","2008",4.06071e+11,"0.487596567","0.250856553","30.5659739","6.197809288","-0.755060852","..",26.7297938581063
"2101","Iran, Islamic Rep.","IRN","2007",3.49737e+11,"0.576946135","8.155773518","26.12524012","5.937687689","-0.556039274","..",26.5804472803945
"2102","Iran, Islamic Rep.","IRN","2006",2.65602e+11,"0.87256002","4.999795269","31.55820381","6.217681409","-0.484105498","..",26.3052647846408
"2103","Iran, Islamic Rep.","IRN","2005",2.2497e+11,"1.284254301","3.189804081","31.60767626","6.657593715","-0.477626026","..",26.1392328969278
"2104","Iran, Islamic Rep.","IRN","2004",1.87755e+11,"1.617696879","4.336665983","25.19900204","5.195323352","-0.359162539","..",25.9584037583945
"2105","Iran, Islamic Rep.","IRN","2003",1.51911e+11,"1.894186262","8.639298396","22.04491744","5.20132535","-0.311086535","..",25.7465606599894
"2106","Iran, Islamic Rep.","IRN","2002",1.28627e+11,"2.736114981","8.078829279","20.44374146","4.994377712","-0.218060061","..",25.5801825800565
"2107","Iran, Islamic Rep.","IRN","2001",1.26879e+11,"0.321660451","2.392172712","21.48821685","5.746903558","..","..",25.5664997133391
"2108","Iran, Islamic Rep.","IRN","2000",1.09592e+11,"0.035586634","5.845527476","30.66377467","5.861282096","-0.401130289","..",25.4200302160955
"2109","Iraq","IRQ","2023",2.68881e+11,"-1.994748223","0.517705525","..","..","-1.321037531","..",26.3175347394876
"2110","Iraq","IRQ","2022",2.87372e+11,"-0.726653367","7.95904805","..","..","-1.213353038","..",26.3840433806538
"2111","Iraq","IRQ","2021",2.09692e+11,"-1.257702098","1.50218071","42.78709849","..","-1.269268394","..",26.0689056243888
"2112","Iraq","IRQ","2020",1.80899e+11,"-1.580496963","-12.03679309","27.03500192","..","-1.333770752","..",25.9212047014164
"2113","Iraq","IRQ","2019",2.33636e+11,"-1.316406167","5.513790575","40.23127831","1.344593618","-1.389825702","..",26.1770301856159
"2114","Iraq","IRQ","2018",2.27367e+11,"-2.148548348","2.633850991","45.76586314","1.984007163","-1.458310366","..",26.1498312889986
"2115","Iraq","IRQ","2017",1.87218e+11,"-2.687994284","-1.819750351","38.92031208","2.687030207","-1.431630611","..",25.9555395502136
"2116","Iraq","IRQ","2016",1.66744e+11,"-3.751809116","13.78737302","32.96505606","2.077805236","-1.462161541","..",25.8397255390858
"2117","Iraq","IRQ","2015",1.66774e+11,"-4.541592354","2.606766429","37.25754167","1.321196149","-1.433206916","..",25.8399054394215
"2118","Iraq","IRQ","2014",2.28416e+11,"-4.455211245","2.263688176","46.6038528","0.914773293","-1.36365664","..",26.1544343648141
"2119","Iraq","IRQ","2013",2.34638e+11,"-0.99527921","7.628285923","45.33136022","..","-1.315689564","..",26.1813097378834
"2120","Iraq","IRQ","2012",2.18002e+11,"1.559615313","13.93643017","49.61109938","..","-1.248227","..",26.1077700740053
"2121","Iraq","IRQ","2011",1.8575e+11,"1.120863398","7.5464712","50.92636595","..","-1.258064747","..",25.9476675205443
"2122","Iraq","IRQ","2010",1.38517e+11,"1.00796494","6.402564845","43.25623122","..","-1.363127232","..",25.6542588987237
"2123","Iraq","IRQ","2009",1.11658e+11,"1.431429909","3.379299094","39.1145928","..","-1.328081846","..",25.4387064651511
"2124","Iraq","IRQ","2008",1.31614e+11,"1.409951737","8.228107104","55.37931464","..","-1.462235451","..",25.6031392331581
"2125","Iraq","IRQ","2007",88837057320,"1.093912866","1.888539362","52.92738026","..","-1.461376786","..",25.2100697120562
"2126","Iraq","IRQ","2006",65147051918,"0.58790074","5.638299152","63.55514027","..","-1.450710416","..",24.8999128888104
"2127","Iraq","IRQ","2005",50065104668,"1.029259808","1.675228636","65.1575952","..","-1.377784133","..",24.6365900887462
"2128","Iraq","IRQ","2004",36633669269,"0.818918787","53.38554729","64.65509248","..","-1.489415765","..",24.3242335798642
"2129","Iraq","IRQ","2003",21921569479,"4.561717175","-36.65678044","53.00479782","..","-1.209322333","..",23.8107368967824
"2130","Iraq","IRQ","2002",32928454672,"-0.000990025","-8.203704812","46.67199275","..","-1.393146873","..",24.2176030045688
"2131","Iraq","IRQ","2001",36176430129,"-0.01839872","1.766608766","49.19603172","..","..","..",24.3116736423107
"2132","Iraq","IRQ","2000",48364250944,"-6.62E-05","16.79613444","48.58071782","..","-1.471516371","..",24.6020267608977
"2133","Ireland","IRL","2023",5.51395e+11,"-25.38513255","-5.530007389","..","..","1.575288892","..",27.0357172676676
"2134","Ireland","IRL","2022",5.4857e+11,"-6.485206003","8.619503456","..","16.785703","1.674414754","..",27.0305807293028
"2135","Ireland","IRL","2021",5.31307e+11,"14.62861711","16.25561352","0.001944657","16.5930206","1.619385481","..",26.9986058455471
"2136","Ireland","IRL","2020",4.36556e+11,"8.08332624","7.1578988","0.000960472","15.90519831","1.535128117","..",26.8021824972389
"2137","Ireland","IRL","2019",4.07125e+11,"7.676315243","5.040549962","0.001920755","17.35666999","1.458814383","..",26.7323861005428
"2138","Ireland","IRL","2018",3.95461e+11,"20.37657934","7.544342141","0.002226363","17.64041147","1.5349406","..",26.7033180099367
"2139","Ireland","IRL","2017",3.48532e+11,"20.4067173","10.04962848","0.001372732","17.61287233","1.529602289","..",26.5769958850263
"2140","Ireland","IRL","2016",3.05733e+11,"26.09956264","1.222638492","0.001032421","18.63085827","1.649452686","..",26.4459780089867
"2141","Ireland","IRL","2015",3.02391e+11,"74.74516519","24.6155699","0.00127546","18.11123059","1.673640013","..",26.4349867189041
"2142","Ireland","IRL","2014",2.66787e+11,"39.32118228","9.33603375","0.003931613","22.46044268","1.692251205","..",26.3097164241636
"2143","Ireland","IRL","2013",2.43302e+11,"29.81498842","2.192176195","0.004259886","22.44218984","1.646044135","..",26.2175693070063
"2144","Ireland","IRL","2012",2.27271e+11,"25.55998513","-0.398960482","0.005808028","22.30656444","1.455700159","..",26.1494089749755
"2145","Ireland","IRL","2011",2.41337e+11,"9.820009625","1.648774004","0.005181253","21.64641693","1.556076646","..",26.2094601339188
"2146","Ireland","IRL","2010",2.21986e+11,"17.00491006","1.682972271","0.008434246","21.83289692","1.681157708","..",26.1258801537671
"2147","Ireland","IRL","2009",2.36443e+11,"22.82760872","-5.095781788","0","22.06237618","1.750300288","..",26.1889730010305
"2148","Ireland","IRL","2008",2.75447e+11,"8.454492689","-4.484069567","0","23.81094122","1.735993505","..",26.341661069537
"2149","Ireland","IRL","2007",2.70079e+11,"22.1915415","5.31011673","0","25.93716835","1.739237309","..",26.3219803457405
"2150","Ireland","IRL","2006",2.32181e+11,"9.505558291","4.987854805","0.000220341","26.81881277","1.70114398","..",26.1707830768502
"2151","Ireland","IRL","2005",2.11877e+11,"22.1832695","5.739782666","0.000104555","25.45714024","1.584446549","..",26.0792717545646
"2152","Ireland","IRL","2004",1.94372e+11,"-5.457373707","6.788138942","0","25.06972308","1.270406127","..",25.9930396856772
"2153","Ireland","IRL","2003",1.64671e+11,"13.83444836","3.013837929","0","24.16073918","1.41381526","..",25.8272153809094
"2154","Ireland","IRL","2002",1.28596e+11,"22.80303313","5.899366449","0","23.51684578","1.368625998","..",25.5799415440671
"2155","Ireland","IRL","2001",1.09347e+11,"8.825984749","5.305821773","0","24.20823815","..","..",25.4177921488506
"2156","Ireland","IRL","2000",1.00208e+11,"25.72602624","9.403524643","0","26.34994041","1.38453424","..",25.3305138627295
"2157","Isle of Man","IMN","2022",7431257411,"..","-4.165393452","..","..","..","..",22.7289609156779
"2158","Isle of Man","IMN","2021",7931193222,"..","3.837836323","..","..","..","..",22.7940693306307
"2159","Isle of Man","IMN","2020",6684225641,"..","-8.836816975","..","..","..","..",22.623016205488
"2160","Isle of Man","IMN","2019",7314967866,"..","0.254877847","..","..","..","..",22.7131884785175
"2161","Isle of Man","IMN","2018",7491649456,"..","2.213397539","..","..","..","..",22.7370548313252
"2162","Isle of Man","IMN","2017",6979788334,"..","2.837758071","..","..","..","..",22.6662844286191
"2163","Isle of Man","IMN","2016",6846377563,"..","6.952302849","..","..","..","..",22.6469855264247
"2164","Isle of Man","IMN","2015",7084800892,"..","-0.385866882","..","..","..","..",22.6812176069419
"2165","Isle of Man","IMN","2014",7708454412,"..","5.155099837","..","..","..","..",22.7655835390561
"2166","Isle of Man","IMN","2013",7001175623,"..","4.141861588","..","..","..","..",22.6693439180432
"2167","Isle of Man","IMN","2012",6690228372,"..","7.303891085","..","..","..","..",22.6239138468268
"2168","Isle of Man","IMN","2011",6565667053,"..","1.999999382","..","..","..","..",22.6051199470033
"2169","Isle of Man","IMN","2010",5920369790,"..","3.399998424","..","..","..","..",22.5016647484185
"2170","Isle of Man","IMN","2009",5486921247,"..","2.100000272","..","..","..","..",22.4256331422685
"2171","Isle of Man","IMN","2008",5928791505,"..","4.900001001","..","..","..","..",22.5030862357641
"2172","Isle of Man","IMN","2007",4466350656,"..","7.50000023","..","..","..","..",22.2198375040756
"2173","Isle of Man","IMN","2006",3422733202,"..","7.699998713","..","..","..","..",21.9537052507165
"2174","Isle of Man","IMN","2005",3032411027,"..","5.899999336","..","..","..","..",21.8326238585334
"2175","Isle of Man","IMN","2004",2802206152,"..","5.200003104","..","..","..","..",21.7536728553169
"2176","Isle of Man","IMN","2003",2252620408,"..","5.999999688","..","..","..","..",21.53536000129
"2177","Isle of Man","IMN","2002",1891002698,"..","6.199998195","..","..","..","..",21.36037305338
"2178","Isle of Man","IMN","2001",1668684324,"..","5.399999031","..","..","..","..",21.2353013229339
"2179","Isle of Man","IMN","2000",1601050083,"..","5.300001526","..","..","..","..",21.1939255527953
"2180","Israel","ISR","2023",5.12185e+11,"3.15027019","1.826520495","..","22.13640603","0.829359412","..",26.9619517248476
"2181","Israel","ISR","2022",5.25181e+11,"4.357259621","6.263263438","..","25.00172254","0.781028926","..",26.9870088020261
"2182","Israel","ISR","2021",4.89852e+11,"3.868498528","9.388374034","0.011522462","24.56425674","0.829447269","..",26.9173691416112
"2183","Israel","ISR","2020",4.10768e+11,"5.104750613","-2.021615482","0.007608682","22.03881221","0.536611319","..",26.7412944151799
"2184","Israel","ISR","2019",4.00645e+11,"4.33363467","3.710496328","0.008262375","22.216156","0.773935139","..",26.7163415853722
"2185","Israel","ISR","2018",3.76299e+11,"5.717393681","4.003898622","0.008787689","22.71927424","0.753730357","..",26.6536498770881
"2186","Israel","ISR","2017",3.58452e+11,"4.712627516","4.346931167","0.005829325","24.22776252","0.790212035","..",26.6050605968085
"2187","Israel","ISR","2016",3.21941e+11,"3.723663982","4.459782719","0.00738204","23.05384566","1.147175431","..",26.4976341358885
"2188","Israel","ISR","2015",3.03469e+11,"3.735532718","2.237603175","0.006447204","23.06290833","0.906771839","..",26.4385453005488
"2189","Israel","ISR","2014",3.15017e+11,"1.920181548","3.775828432","0.011796606","22.80496328","0.86055541","..",26.4758924425698
"2190","Israel","ISR","2013",2.98478e+11,"3.967527656","4.085709186","0.011885027","22.50192654","0.905973852","..",26.4219620652204
"2191","Israel","ISR","2012",2.63589e+11,"3.420967526","2.447168367","0.003291385","21.60460301","0.902115405","..",26.2976569088103
"2192","Israel","ISR","2011",2.68095e+11,"3.227587257","5.518796214","0.005356451","22.19457854","0.797708333","..",26.3146072322569
"2193","Israel","ISR","2010",2.39679e+11,"2.91418895","5.534340339","0.000829578","21.96367291","0.750026703","..",26.2025663650369
"2194","Israel","ISR","2009",2.13403e+11,"2.158777559","1.237731597","0.001038591","21.24636292","0.803259552","..",26.0864482338221
"2195","Israel","ISR","2008",2.21232e+11,"4.6440912","3.222096","0.00167171","23.2083038","0.884931147","..",26.1224777615927
"2196","Israel","ISR","2007",1.84681e+11,"4.763938777","6.323349505","0.00098266","25.21444939","0.843343794","..",25.941895849342
"2197","Israel","ISR","2006",1.58901e+11,"9.059440132","5.601626982","0.00183148","25.27769125","1.000245214","..",25.7915472037355
"2198","Israel","ISR","2005",1.4752e+11,"3.266270707","4.38778887","0.000472183","24.49302734","0.823018372","..",25.7172295967547
"2199","Israel","ISR","2004",1.40048e+11,"2.10420736","4.647897444","0.000336238","24.02971983","0.911944389","..",25.6652510579365
"2200","Israel","ISR","2003",1.31409e+11,"2.527986784","1.449057694","0.000405869","24.11858026","1.084417462","..",25.6015804338021
"2201","Israel","ISR","2002",1.25332e+11,"1.262643068","-0.134072635","0.000607272","24.85004526","1.196318507","..",25.5542320533137
"2202","Israel","ISR","2001",1.35002e+11,"1.312054251","0.277927327","0.000443009","25.83327812","..","..",25.6285554300899
"2203","Israel","ISR","2000",1.36512e+11,"5.895073168","8.582089424","0.00053803","26.29370814","1.015101314","..",25.6396783597953
"2204","Italy","ITA","2023",2.30461e+12,"1.823295121","0.715372501","..","24.83801651","0.550129175","..",28.4659325806647
"2205","Italy","ITA","2022",2.10407e+12,"2.941814058","4.821176699","..","24.6064132","0.527714252","..",28.3748946802126
"2206","Italy","ITA","2021",2.17921e+12,"1.204743156","8.931062108","0.077005203","24.87691501","0.517084956","..",28.409983541731
"2207","Italy","ITA","2020",1.90748e+12,"-0.893869914","-8.868221222","0.039853142","24.84581098","0.50953573","..",28.2768041151221
"2208","Italy","ITA","2019",2.01961e+12,"1.770668942","0.429162534","0.055800624","24.66161453","0.233934671","..",28.3339255393945
"2209","Italy","ITA","2018",2.09944e+12,"2.107696104","0.826646712","0.066028868","24.24358642","0.215687439","..",28.3726917584294
"2210","Italy","ITA","2017",1.97072e+12,"0.443341549","1.603699953","0.038672573","24.69720429","0.175231233","..",28.3094200741396
"2211","Italy","ITA","2016",1.88711e+12,"1.359573509","1.236221085","0.023882382","25.08310523","0.081554696","..",28.2660676742037
"2212","Italy","ITA","2015",1.84543e+12,"0.720886368","0.885667635","0.046200329","24.83914743","0.026577624","..",28.2437334285969
"2213","Italy","ITA","2014",2.17326e+12,"0.783743282","-0.001387617","0.09678461","24.96939397","0.005657753","..",28.4072494602984
"2214","Italy","ITA","2013",2.15323e+12,"0.907076905","-1.818025107","0.099816037","25.1831183","0.070905864","..",28.3979901562874
"2215","Italy","ITA","2012",2.09793e+12,"0.001663594","-3.125238773","0.108313382","24.91073389","0.172010645","..",28.3719722602364
"2216","Italy","ITA","2011",2.30697e+12,"1.493969222","0.695463154","0.10102179","23.69077803","0.299565822","..",28.4669560911344
"2217","Italy","ITA","2010",2.14494e+12,"0.462974197","1.529105732","0.063241973","23.73795594","0.283443719","..",28.3941326958893
"2218","Italy","ITA","2009",2.20948e+12,"0.751632234","-5.305154012","0.048036487","23.858808","0.194480166","..",28.4237783096546
"2219","Italy","ITA","2008",2.41751e+12,"-0.393031898","-1.023138512","0.09355563","23.45790533","0.262665063","..",28.51375920077
"2220","Italy","ITA","2007",2.22252e+12,"2.968495815","1.462292053","0.077069007","23.69177805","0.331189245","..",28.4296628031691
"2221","Italy","ITA","2006",1.95856e+12,"2.910065495","1.799479922","0.077749954","23.24292076","0.477287948","..",28.3032306252736
"2222","Italy","ITA","2005",1.86498e+12,"1.971175482","0.762410677","0.074743624","21.87898642","0.403579652","..",28.2542714451062
"2223","Italy","ITA","2004",1.81281e+12,"1.108817622","1.474021706","0.046373355","22.13878803","0.361397028","..",28.2258992435333
"2224","Italy","ITA","2003",1.58293e+12,"1.236497289","0.066553809","0.040084793","22.68694985","0.484606415","..",28.0902986760139
"2225","Italy","ITA","2002",1.28175e+12,"1.344990065","0.269929664","0.040790167","22.80220694","0.523466825","..",27.8792474476102
"2226","Italy","ITA","2001",1.17204e+12,"1.269416368","2.006433298","0.032284728","23.32520341","..","..",27.7897669361938
"2227","Italy","ITA","2000",1.14966e+12,"1.145814091","3.882098851","0.049110301","23.7479315","0.699464858","..",27.7704873624161
"2228","Jamaica","JAM","2023",19423355367,"1.93851655","2.604663055","..","..","-0.112082988","..",23.6897420638243
"2229","Jamaica","JAM","2022",17097760687,"1.86419734","5.221519852","..","..","-0.023321858","..",23.5622133379032
"2230","Jamaica","JAM","2021",14657586159,"2.186444593","4.6014245","0.294903461","..","-0.053083986","..",23.4082238649365
"2231","Jamaica","JAM","2020",13812421836,"1.919290887","-9.920322451","0.11529078","25.7094657","-0.045829266","..",23.3488341572762
"2232","Jamaica","JAM","2019",15830766531,"4.203305972","0.892291654","0.213213397","27.45394175","-0.113761455","..",23.4852211323455
"2233","Jamaica","JAM","2018",15730792876,"4.924231151","1.889923681","0.268056625","26.78106657","-0.230745345","..",23.4788859580864
"2234","Jamaica","JAM","2017",14808985133,"6.0019996","0.997123062","0.179462172","26.22100376","-0.224284202","..",23.4184999370847
"2235","Jamaica","JAM","2016",14077096677,"6.592103047","1.375223064","0.06873919","26.02668425","-0.208746403","..",23.3678149644962
"2236","Jamaica","JAM","2015",14188936918,"6.519007513","0.921487125","0","24.81530926","-0.284242004","..",23.3757284076234
"2237","Jamaica","JAM","2014",13899217680,"4.188356172","0.689822357","0.437195148","24.05323043","-0.325879484","..",23.3550983934848
"2238","Jamaica","JAM","2013",14264205153,"3.818982943","0.517686013","0.467457901","24.0092922","-0.304508418","..",23.3810190999753
"2239","Jamaica","JAM","2012",14807086556,"2.791456959","-0.61363604","0.493937884","24.33289303","-0.285973221","..",23.4183717244695
"2240","Jamaica","JAM","2011",14444661522,"1.195993171","1.730376267","0.526914869","23.3643683","-0.18736437","..",23.393590738399
"2241","Jamaica","JAM","2010",13220549908,"1.405203504","-1.457147209","0.242284269","24.27817173","-0.265738726","..",23.3050382671765
"2242","Jamaica","JAM","2009",12120458115,"4.002857281","-4.345301858","0.645410398","24.9559702","-0.321954697","..",23.2181606151406
"2243","Jamaica","JAM","2008",13709401520,"10.04130361","-0.811736703","1.069176923","24.68475662","-0.336699635","..",23.3413476767597
"2244","Jamaica","JAM","2007",12799600047,"6.343185907","1.431954037","0.624344516","24.78654643","-0.338424057","..",23.2726797610557
"2245","Jamaica","JAM","2006",11930179090,"7.060604723","2.89912535","0.683475577","24.01438994","-0.291285038","..",23.2023370846787
"2246","Jamaica","JAM","2005",11243865778,"5.673333429","0.893797936","0.252469011","23.21597284","-0.342859566","..",23.1430885527085
"2247","Jamaica","JAM","2004",10174664854,"5.497634527","1.3237251","0.165049939","24.16749731","-0.393378407","..",23.0431666295508
"2248","Jamaica","JAM","2003",9430234811,"7.247963743","3.666317593","0.178381888","24.07110007","-0.435169965","..",22.9671868337059
"2249","Jamaica","JAM","2002",9719009495,"4.566308946","1.997290944","0.1150198","21.85901019","-0.511592388","..",22.9973495464196
"2250","Jamaica","JAM","2001",9194727831,"6.269897387","1.344929564","0","21.41481302","..","..",22.9418960948909
"2251","Jamaica","JAM","2000",9005064475,"4.659600175","0.878703548","0","22.49466254","0.091486886","..",22.9210529754599
"2252","Japan","JPN","2023",4.21317e+12,"0.478974431","1.475034811","..","..","1.395660639","..",29.069236449405
"2253","Japan","JPN","2022",4.26246e+12,"1.129718408","0.941998775","..","..","1.539929628","..",29.0808675743299
"2254","Japan","JPN","2021",5.03915e+12,"0.695100892","2.696574042","0.002231321","..","1.535760522","..",29.248258532995
"2255","Japan","JPN","2020",5.05407e+12,"1.238303864","-4.168764571","0.000710793","..","1.463714361","..",29.2512149752141
"2256","Japan","JPN","2019",5.11799e+12,"0.780785313","-0.402169201","0.00193345","..","1.430998325","..",29.263782899776
"2257","Japan","JPN","2018",5.04088e+12,"0.501685482","0.643391024","0.002541229","..","1.388587594","..",29.2486017859451
"2258","Japan","JPN","2017",4.93084e+12,"0.381319638","1.675331752","0.001882188","..","1.48122704","..",29.2265304748647
"2259","Japan","JPN","2016",5.00368e+12,"0.818481615","0.753826746","0.001205671","..","1.482243896","..",29.2411947576475
"2260","Japan","JPN","2015",4.44493e+12,"0.118161988","1.560626697","0.001976045","..","1.52976644","..",29.1227852367389
"2261","Japan","JPN","2014",4.89699e+12,"0.403354543","0.296205514","0.00369773","..","1.690213561","..",29.2196418465801
"2262","Japan","JPN","2013",5.21233e+12,"0.204293384","2.005100177","0.002798886","..","1.648249269","..",29.2820480886128
"2263","Japan","JPN","2012",6.27236e+12,"0.008720202","1.374750999","0.002486387","..","1.618948698","..",29.4671737952886
"2264","Japan","JPN","2011",6.23315e+12,"-0.013648274","0.023809524","0.002346023","..","1.55437541","..",29.4609029389237
"2265","Japan","JPN","2010",5.75907e+12,"0.12920449","4.097917919","0.001580791","..","1.553623199","..",29.3817971192672
"2266","Japan","JPN","2009",5.28949e+12,"0.231146375","-5.693236359","0.001212145","..","1.369224548","..",29.2967429488336
"2267","Japan","JPN","2008",5.10668e+12,"0.482208589","-1.224289001","0.002541879","..","1.32388854","..",29.2615706025355
"2268","Japan","JPN","2007",4.57975e+12,"0.472322727","1.483969412","0.002489062","..","1.230227828","..",29.152665527412
"2269","Japan","JPN","2006",4.60166e+12,"-0.052087901","1.372350128","0.002147203","..","1.320848703","..",29.1574382238911
"2270","Japan","JPN","2005",4.83147e+12,"0.113001254","1.803900872","0.001907993","..","1.210124135","..",29.2061718851147
"2271","Japan","JPN","2004",4.89312e+12,"0.153847736","2.186115694","0.001124002","..","1.200011015","..",29.2188512527662
"2272","Japan","JPN","2003",4.51956e+12,"0.194079344","1.535125499","0.001150872","..","1.169873714","..",29.1394357599016
"2273","Japan","JPN","2002",4.18285e+12,"0.27630407","0.041962499","0.001125596","..","0.936939836","..",29.0620139483146
"2274","Japan","JPN","2001",4.37471e+12,"0.112602474","0.386103426","0.001135119","..","..","..",29.1068613478268
"2275","Japan","JPN","2000",4.96836e+12,"0.215124715","2.764647551","0.002046007","..","1.229918957","..",29.2341109217025
"2276","Jordan","JOR","2023",51088476338,"1.649720175","2.884083393","..","17.04913019","0.08865869","..",24.6568247967479
"2277","Jordan","JOR","2022",48764963380,"2.56620402","2.647435149","..","17.4675168","0.073028997","..",24.6102779284217
"2278","Jordan","JOR","2021",46296100141,"1.34316062","3.65564359","0.014363314","17.11834633","0.026578831","..",24.5583235642751
"2279","Jordan","JOR","2020",43700383099,"1.739759783","-1.102751883","0.00046772","15.98110204","0.039052609","..",24.500622705577
"2280","Jordan","JOR","2019",44503006338,"1.639705651","1.751240779","0.000787731","14.81400157","0.080459386","..",24.518822581994
"2281","Jordan","JOR","2018",43370860704,"2.201776866","1.919070913","0.000980516","14.72884805","0.12416549","..",24.4930536402043
"2282","Jordan","JOR","2017",41608435915,"4.878141332","2.473598154","0.000211795","14.70212424","0.227175593","..",24.4515687700735
"2283","Jordan","JOR","2016",39892551127,"3.892851429","1.994180849","0.000250813","15.02063044","0.250693977","..",24.4094554548674
"2284","Jordan","JOR","2015",38587017887,"4.147202292","2.496528793","0.000429911","14.95102562","0.244334057","..",24.3761817326766
"2285","Jordan","JOR","2014",36847643521,"5.912048902","3.384078099","0.001619988","15.43164403","0.135080352","..",24.3300575056673
"2286","Jordan","JOR","2013",34454440141,"5.649771687","2.609947375","0.001912678","14.930515","0.065707564","..",24.2629037126321
"2287","Jordan","JOR","2012",31634561690,"4.894806887","2.429358001","0.002475229","14.92128052","0.07058657","..",24.1775160842256
"2288","Jordan","JOR","2011",29524149155,"5.033358727","2.737179886","0.00229865","14.60823722","0.099442124","..",24.1084743808331
"2289","Jordan","JOR","2010",27133804225,"6.22247567","2.314834221","0.002224857","15.49909081","0.038314659","..",24.0240461758659
"2290","Jordan","JOR","2009",24537876056,"9.834178745","5.023710073","0.002231805","16.53035158","0.164729521","..",23.9234837221982
"2291","Jordan","JOR","2008",22658715989,"12.4753075","7.220386373","0.004796544","17.15221065","0.380167007","..",23.8438104267307
"2292","Jordan","JOR","2007",17110437236,"15.32482626","8.176169952","0.003226991","24.68985187","0.28726384","..",23.5629544789366
"2293","Jordan","JOR","2006",15056981664,"23.53729134","8.092975278","0.003366955","24.55486445","0.279343516","..",23.4351076185141
"2294","Jordan","JOR","2005",12588998590,"15.76364614","8.146594811","0.002994174","24.41516537","0.280934185","..",23.256089141728
"2295","Jordan","JOR","2004",11411706629,"8.209222707","8.567214242","0.002525071","20.99550234","0.290117711","..",23.1579055627292
"2296","Jordan","JOR","2003",10195627645,"5.364726714","4.161667555","0.002363999","18.21793684","0.333168775","..",23.0452248030798
"2297","Jordan","JOR","2002",9582510578,"2.486017341","5.783807927","0.00236581","17.48160141","-0.062323041","..",22.9832054591057
"2298","Jordan","JOR","2001",8975814653,"3.048505142","5.269957575","0.002704977","18.68048462","..","..",22.917799536338
"2299","Jordan","JOR","2000",8460789845,"10.79400537","4.245711921","0.003825187","18.99811626","0.061176512","..",22.8587083684997
"2300","Kazakhstan","KAZ","2023",2.6184e+11,"2.222094151","5.1","..","11.89247741","-0.266593069","..",26.2909994671393
"2301","Kazakhstan","KAZ","2022",2.25496e+11,"2.25355435","3.2","..","12.06169211","-0.185685605","..",26.1415682573726
"2302","Kazakhstan","KAZ","2021",1.97112e+11,"2.316758746","4.299999997","14.84480162","9.447111363","-0.259969383","..",26.0070379320524
"2303","Kazakhstan","KAZ","2020",1.71082e+11,"4.211999903","-2.499999996","7.125777246","8.318809314","-0.378142864","..",25.865408810674
"2304","Kazakhstan","KAZ","2019",1.81667e+11,"2.053676493","4.500000001","13.33292183","11.78694274","-0.286037147","..",25.9254411778022
"2305","Kazakhstan","KAZ","2018",1.7934e+11,"0.196995427","4.099999993","15.08818304","11.71779959","-0.492212445","..",25.9125492824703
"2306","Kazakhstan","KAZ","2017",1.66806e+11,"2.85205738","4.100000003","9.663462312","10.30301138","-0.839968383","..",25.8400972974471
"2307","Kazakhstan","KAZ","2016",1.37278e+11,"12.54662028","1.099999999","6.949932009","9.924250197","-0.832159817","..",25.6452739038154
"2308","Kazakhstan","KAZ","2015",1.84388e+11,"3.567374022","1.200000001","6.773963983","9.835711552","-0.871615648","..",25.9403080700295
"2309","Kazakhstan","KAZ","2014",2.21416e+11,"3.300631119","4.200000006","13.4439854","14.19343274","-0.825699031","..",26.1233091219991
"2310","Kazakhstan","KAZ","2013",2.36635e+11,"4.230697092","5.999999997","13.57532937","16.03017776","-0.931235909","..",26.1897847065444
"2311","Kazakhstan","KAZ","2012",2.07999e+11,"6.561648211","4.799999995","16.12102716","13.31209815","-0.921265781","..",26.0607991089439
"2312","Kazakhstan","KAZ","2011",1.92626e+11,"7.143510398","7.400000001","18.3529533","18.25783421","-0.996684909","..",25.9840163220073
"2313","Kazakhstan","KAZ","2010",1.48047e+11,"5.036306283","7.300000003","14.38764802","15.71238046","-1.001060009","..",25.7207956278642
"2314","Kazakhstan","KAZ","2009",1.15309e+11,"12.38058345","1.199999999","15.48117537","..","-0.931518555","..",25.4708813184171
"2315","Kazakhstan","KAZ","2008",1.33442e+11,"12.603929","3.3","22.93794685","..","-0.980641484","..",25.6169327634541
"2316","Kazakhstan","KAZ","2007",1.0485e+11,"11.41902975","8.9","18.71837774","..","-0.99224472","..",25.3757965942943
"2317","Kazakhstan","KAZ","2006",81003864630,"9.39605596","10.7","21.14004009","..","-0.995142639","..",25.1177627019622
"2318","Kazakhstan","KAZ","2005",57123671734,"4.457111444","9.699999999","24.61194499","..","-1.014963388","..",24.7684844339692
"2319","Kazakhstan","KAZ","2004",43151647003,"13.01285892","9.600000001","21.32874601","13.90867797","-1.105953693","..",24.4879864229942
"2320","Kazakhstan","KAZ","2003",30833692900,"8.05370034","9.3","19.05618868","13.08323765","-1.026523709","..",24.1518738543503
"2321","Kazakhstan","KAZ","2002",24636598527,"10.50669011","9.8","18.66367966","12.13435978","-1.113584757","..",23.9274989192886
"2322","Kazakhstan","KAZ","2001",22152689180,"12.71549033","13.5","16.87691583","9.642300653","..","..",23.8212247337432
"2323","Kazakhstan","KAZ","2000",18291990662,"7.492466099","9.800000002","24.70221273","10.22139507","-1.149889469","..",23.6297291322457
"2324","Kenya","KEN","2023",1.08039e+11,"0.674542879","5.555873013","..","13.99311977","-0.770913005","3.5",25.4057581099968
"2325","Kenya","KEN","2022",1.14449e+11,"0.691645983","4.859981043","..","14.59934963","-0.759503603","3.5",25.4633951458669
"2326","Kenya","KEN","2021",1.09704e+11,"0.382593997","7.590489473","0","13.55464432","-0.734718978","3.5",25.421051666644
"2327","Kenya","KEN","2020",1.00658e+11,"-0.005368454","-0.272766327","0","14.29982263","-0.875347614","3",25.3349944692317
"2328","Kenya","KEN","2019",1.00378e+11,"0.468168547","5.114158858","0.002842493","15.10010935","-0.806061268","3",25.332208896687
"2329","Kenya","KEN","2018",92202979985,"0.832686218","5.647946407","0.001469744","14.36127892","-0.863009214","3",25.2472582878652
"2330","Kenya","KEN","2017",82036510877,"1.640836904","3.837958174","0","15.05246413","-0.974906325","3",25.1304302397118
"2331","Kenya","KEN","2016",74815144164,"0.627591266","4.213517068","0.006587072","14.96647273","-0.914170921","3",25.0382861635197
"2332","Kenya","KEN","2015",70120446897,"0.883799936","4.967721128","0.007663308","14.83948265","-1.031232715","3",24.9734802702963
"2333","Kenya","KEN","2014",68285796514,"1.202208424","5.020111002","0.022527367","15.18702127","-0.939376116","3",24.9469676245617
"2334","Kenya","KEN","2013",61671440408,"1.814170373","3.797848393","0.025194778","..","-1.036190391","3",24.8450867823821
"2335","Kenya","KEN","2012",56396704672,"2.44725941","4.568679614","0.023087818","..","-1.098877668","3",24.755676565942
"2336","Kenya","KEN","2011",46869473151,"3.094711034","5.12110612","0.028812387","..","-0.963742495","3",24.5706324081735
"2337","Kenya","KEN","2010",45405615064,"0.392164287","8.058473603","0.016638219","..","-0.911055028","3",24.5389016141698
"2338","Kenya","KEN","2009",42347217913,"0.274534231","3.306939816","0","..","-1.07073009","3",24.4691685631593
"2339","Kenya","KEN","2008",35895153328,"0.266291327","0.232282745","0","..","-1.068366289","3",24.3038681185356
"2340","Kenya","KEN","2007",31958195182,"2.281243174","6.85072977","0","..","-0.97859472","3",24.1876944850985
"2341","Kenya","KEN","2006",25825512284,"0.196219632","6.4724943","0","..","-0.935450912","3",23.9746286885027
"2342","Kenya","KEN","2005",18737895513,"0.113202069","5.90666608","0","..","-1.012536764","3",23.6538138082511
"2343","Kenya","KEN","2004",16095337094,"0.286194264","5.104299776","0","..","-0.897880256","..",23.5017954454977
"2344","Kenya","KEN","2003",14904517650,"0.548412532","2.932475546","0","..","-0.964616835","..",23.4249302019292
"2345","Kenya","KEN","2002",13147736899,"0.210062365","0.54685953","0","..","-1.003750563","..",23.2995154818241
"2346","Kenya","KEN","2001",12986007426,"0.040833358","3.779906498","0","..","..","..",23.2871382628791
"2347","Kenya","KEN","2000",12705350098,"0.872896453","0.599695391","0","..","-1.144363642","..",23.2652890092617
"2348","Kiribati","KIR","2023",288610732.2,"1.770766686","2.652010875","..","17.71698444","0.411750495","3.5",19.4805893907228
"2349","Kiribati","KIR","2022",270040457,"1.581306436","4.566325931","..","20.25494698","0.236451626","3.5",19.4140823464784
"2350","Kiribati","KIR","2021",285259894,"0.361556596","8.479737871","0","21.84308064","0.282064795","3.5",19.4689112314687
"2351","Kiribati","KIR","2020",220897998.7,"1.187920603","-1.468067181","0","21.52555566","0.467278957","3.5",19.2132116085938
"2352","Kiribati","KIR","2019",216985388.3,"-0.257289445","3.264287565","0","22.29898559","0.368371487","3.5",19.1953405742146
"2353","Kiribati","KIR","2018",233514717.4,"-0.490061067","3.479439721","0","17.9132803","0.348575413","3.5",19.2687556626373
"2354","Kiribati","KIR","2017",222875736.3,"0.352123236","3.749117826","0","18.4594645","0.41422987","3.5",19.2221249377877
"2355","Kiribati","KIR","2016",206467818.5,"0.875179449","7.088034658","0","21.52440286","0.290251106","3.5",19.1456551156056
"2356","Kiribati","KIR","2015",191559398.7,"-0.427973964","11.26532094","0","19.73063788","0.246812597","3.5",19.0707084944695
"2357","Kiribati","KIR","2014",200287282,"1.314184511","1.26366268","0","15.9191032","0.289764941","3.5",19.1152633038623
"2358","Kiribati","KIR","2013",201730860.8,"0.415473344","7.730921887","0","16.55291802","-0.025792362","3.5",19.1224449946911
"2359","Kiribati","KIR","2012",207001545.9,"-1.152621257","5.803659746","0","16.8334056","0.023241181","3.5",19.1482368193177
"2360","Kiribati","KIR","2011",195970140.2,"-0.177954447","3.263727195","0","16.34638814","0.115431219","3.5",19.0934728596706
"2361","Kiribati","KIR","2010",165458433.1,"-3.990410608","1.225951989","0","..","-0.065665916","3",18.9242305617189
"2362","Kiribati","KIR","2009",140177384.1,"3.563733914","0.536801195","0","..","-0.13527441","3",18.7584192078551
"2363","Kiribati","KIR","2008",147017895,"-0.862261878","-2.984731216","0","..","0.041243393","3",18.8060648720278
"2364","Kiribati","KIR","2007",138054945.6,"0.835207087","3.055079816","0","..","0.15075995","3.5",18.7431623203999
"2365","Kiribati","KIR","2006",112338353.3,"0.506000712","5.776934498","0","..","0.092326902","3.5",18.5370258867806
"2366","Kiribati","KIR","2005",113895437.3,"2.288081122","1.292430295","0","..","0.258307546","3.5",18.5507913687915
"2367","Kiribati","KIR","2004",104085892.1,"1.876978676","-0.608967597","0","..","0.510554671","..",18.4607270018267
"2368","Kiribati","KIR","2003",96105619.38,"0.697940458","-1.575466892","0","..","..","..",18.3809583465286
"2369","Kiribati","KIR","2002",74743869.13,"0.334194634","1.447154942","0","..","..","..",18.1295777485436
"2370","Kiribati","KIR","2001",64935850.16,"-0.421154107","-3.144129178","0","..","..","..",17.9889104199177
"2371","Kiribati","KIR","2000",74910527.26,"0.963562835","6.742665313","0","..","..","..",18.1318049894789
"2372","Korea, Rep.","KOR","2023",1.71279e+12,"1.111769001","1.356733243","..","15.72427913","0.894088566","..",28.1691447358116
"2373","Korea, Rep.","KOR","2022",1.67392e+12,"1.496173783","2.612672192","..","18.44457967","0.748368859","..",28.1461892971287
"2374","Korea, Rep.","KOR","2021",1.81843e+12,"1.213154999","4.304734819","0.028312416","16.73473394","0.733288467","..",28.2289946073689
"2375","Korea, Rep.","KOR","2020",1.64431e+12,"0.533043338","-0.709415359","0.008986813","14.86125767","0.698268294","..",28.1283419592634
"2376","Korea, Rep.","KOR","2019",1.65142e+12,"0.583393861","2.24397786","0.0191642","15.19956653","0.704865277","..",28.1326566397926
"2377","Korea, Rep.","KOR","2018",1.72537e+12,"0.7060848","2.907403774","0.025134671","15.53638373","0.572804868","..",28.1764626361652
"2378","Korea, Rep.","KOR","2017",1.62307e+12,"1.103640251","3.15963574","0.015612916","14.49381853","0.445519388","..",28.1153405335371
"2379","Korea, Rep.","KOR","2016",1.49968e+12,"0.807125615","2.946881715","0.015477447","13.98195298","0.420221448","..",28.0362728679446
"2380","Korea, Rep.","KOR","2015",1.46604e+12,"0.279944816","2.809103268","0.018410126","13.15814434","0.339694709","..",28.0135860041504
"2381","Korea, Rep.","KOR","2014",1.48449e+12,"0.624700012","3.202453795","0.040319128","13.24116166","0.512005866","..",28.0260923948527
"2382","Korea, Rep.","KOR","2013",1.37063e+12,"0.931438278","3.164708636","0.046138458","13.63062344","0.581018269","..",27.9462916040827
"2383","Korea, Rep.","KOR","2012",1.27805e+12,"0.743001114","2.402530992","0.056909707","14.0775915","0.495882243","..",27.8763565947493
"2384","Korea, Rep.","KOR","2011",1.25329e+12,"0.779787887","3.685667782","0.059670311","13.85096763","0.483322471","..",27.8567932095964
"2385","Korea, Rep.","KOR","2010",1.14367e+12,"0.830430228","6.804824918","0.043844811","13.43693029","0.426656723","..",27.7652635057347
"2386","Korea, Rep.","KOR","2009",9.43942e+11,"0.955768594","0.79269899","0.023956729","13.65096445","0.499742419","..",27.5733305605264
"2387","Korea, Rep.","KOR","2008",1.04734e+12,"1.068183262","3.012984873","0.032798175","14.49519999","0.425825089","..",27.677274732446
"2388","Korea, Rep.","KOR","2007",1.17261e+12,"0.752754048","5.799548415","0.019819399","14.8173827","0.56971693","..",27.7902531494975
"2389","Korea, Rep.","KOR","2006",1.05322e+12,"0.869896781","5.264326595","0.018650835","13.72753521","0.30060637","..",27.6828732541338
"2390","Korea, Rep.","KOR","2005",9.34901e+11,"1.45932018","4.308542714","0.015275422","13.31307044","0.5923329","..",27.5637064782762
"2391","Korea, Rep.","KOR","2004",7.93176e+11,"1.676098034","5.197391363","0.010407169","12.96682783","0.37884891","..",27.3993109759482
"2392","Korea, Rep.","KOR","2003",7.02715e+11,"0.997559671","3.147291194","0.008918823","13.69345757","0.544911742","..",27.2782172411527
"2393","Korea, Rep.","KOR","2002",6.27247e+11,"0.872877922","7.725142675","0.009574336","13.24866679","0.489189267","..",27.1646062393995
"2394","Korea, Rep.","KOR","2001",5.47656e+11,"1.190947724","4.852399572","0.011708453","13.54878842","..","..",27.0289131895586
"2395","Korea, Rep.","KOR","2000",5.76179e+11,"1.997537615","9.060833325","0.017111438","14.26177808","0.270445168","..",27.0796842132541
"2396","Kuwait","KWT","2023",1.65384e+11,"1.27859898","-1.667205897","..","..","0.206611827","..",25.8315358796694
"2397","Kuwait","KWT","2022",1.83502e+11,"0.409943823","6.758667047","..","..","0.127275705","..",25.9354914035642
"2398","Kuwait","KWT","2021",1.48351e+11,"-0.183575379","1.672636896","..","..","-0.056214958","..",25.7228469244762
"2399","Kuwait","KWT","2020",1.11045e+11,"-0.502546858","-4.817789823","27.58168914","..","-0.091237791","..",25.4332013615096
"2400","Kuwait","KWT","2019",1.40856e+11,"0.366059042","2.263816906","38.65534731","..","-0.159423858","..",25.6710039288706
"2401","Kuwait","KWT","2018",1.38646e+11,"-0.015418779","2.743330539","44.04906714","..","-0.316610694","..",25.6551897589707
"2402","Kuwait","KWT","2017",1.20688e+11,"0.09364021","-4.712222701","36.00909082","..","-0.360093921","..",25.5164745400577
"2403","Kuwait","KWT","2016",1.09407e+11,"0.266918369","2.926075877","31.67321062","..","-0.298417151","..",25.4183407102621
"2404","Kuwait","KWT","2015",1.14586e+11,"0.248414926","0.592770733","36.44829944","..","-0.255415142","..",25.4645914697156
"2405","Kuwait","KWT","2014",1.6265e+11,"0.298681409","0.500914739","53.23956915","..","-0.246359721","..",25.8148664898658
"2406","Kuwait","KWT","2013",1.74168e+11,"0.823130244","1.149465343","55.55793945","..","-0.195235953","..",25.8832861875904
"2407","Kuwait","KWT","2012",1.74048e+11,"1.650461098","6.625875037","57.41296373","..","-0.197435707","..",25.882596960187
"2408","Kuwait","KWT","2011",1.54039e+11,"2.11573865","9.628634129","58.36892958","..","0.078883208","..",25.7604716540517
"2409","Kuwait","KWT","2010",1.15416e+11,"1.130367304","-2.370548047","48.19060693","..","0.298077822","..",25.4718088295899
"2410","Kuwait","KWT","2009",1.05969e+11,"1.050865144","-7.076056431","38.85485315","..","0.304186642","..",25.3864124354556
"2411","Kuwait","KWT","2008",1.4738e+11,"-0.004038379","2.479756943","52.89129356","..","0.412061006","..",25.7162801222853
"2412","Kuwait","KWT","2007",1.14634e+11,"0.097297179","5.991575511","48.15500157","..","0.364861727","..",25.4650102813437
"2413","Kuwait","KWT","2006",1.01557e+11,"0.119445436","7.514773","51.03945408","..","0.426627278","..",25.3438860541579
"2414","Kuwait","KWT","2005",80798630137,"0.289490192","10.60904498","53.31648346","..","0.500354409","..",25.1152258485797
"2415","Kuwait","KWT","2004",59439090601,"0.039961865","10.24029806","46.11283364","..","0.770029485","..",24.8082179377941
"2416","Kuwait","KWT","2003",47874582232,"-0.140181901","17.32602042","39.8168513","..","0.765973866","..",24.5918505581846
"2417","Kuwait","KWT","2002",38135788414,"0.009490933","3.014283152","37.20037162","..","0.98154521","..",24.3644190066376
"2418","Kuwait","KWT","2001",34889559870,"-0.319626516","0.213332576","42.79801431","..","..","..",24.2754534772762
"2419","Kuwait","KWT","2000",37718743480,"0.04321415","4.694581871","50.28923812","..","0.564559221","..",24.3534229823859
"2420","Kyrgyz Republic","KGZ","2023",15180842369,"3.230387274","9.013292834","..","19.60846648","-1.221095324","2.5",23.4433000994033
"2421","Kyrgyz Republic","KGZ","2022",12134931018,"0.451992681","8.9675052","..","19.54197945","-1.230402827","2.5",23.21935399156
"2422","Kyrgyz Republic","KGZ","2021",9249133946,"2.445692768","5.507007627","0.082429657","16.49126028","-1.150495648","3",22.947795756628
"2423","Kyrgyz Republic","KGZ","2020",8270468614,"-4.854847031","-7.148977577","0.051487123","14.03632819","-1.124958396","3",22.8359570087055
"2424","Kyrgyz Republic","KGZ","2019",9371275264,"4.309606629","4.600625657","0.10371388","15.96383387","-0.960630596","3",22.9609150246829
"2425","Kyrgyz Republic","KGZ","2018",8271106235,"1.743691786","3.757910136","0.134682037","17.99885701","-0.961097419","3",22.8360341018489
"2426","Kyrgyz Republic","KGZ","2017",7702938379,"-1.391842888","4.739937224","0.092568407","17.04628506","-1.077679157","3",22.7648677006747
"2427","Kyrgyz Republic","KGZ","2016",6813095379,"9.088683859","4.335855922","0.052474899","16.94917318","-1.105051279","3",22.6421123881996
"2428","Kyrgyz Republic","KGZ","2015",6678177512,"17.13123076","3.875825445","0.035056121","16.80166806","-1.179519296","3",22.6221109597258
"2429","Kyrgyz Republic","KGZ","2014",7468102413,"4.593010126","4.024038631","0.290808188","17.54865309","-1.130077958","3",22.7339067761098
"2430","Kyrgyz Republic","KGZ","2013",7335033801,"8.343750235","10.91546945","0.308548396","..","-1.162298203","3",22.7159278567107
"2431","Kyrgyz Republic","KGZ","2012",6605142884,"3.950368744","-0.0881502","0.358817909","..","-1.150862575","3",22.6111144073892
"2432","Kyrgyz Republic","KGZ","2011",6197765984,"11.06464493","5.956274297","0.386664883","..","-1.231965423","2.5",22.5474547389035
"2433","Kyrgyz Republic","KGZ","2010",4794361863,"9.86092234","-0.471566597","0.293982876","..","-1.175097346","2.5",22.290706452588
"2434","Kyrgyz Republic","KGZ","2009",4690061381,"4.037844809","2.886294575","0.240382537","..","-1.312827229","2.5",22.2687115069522
"2435","Kyrgyz Republic","KGZ","2008",5139958909,"7.334536302","8.401616049","0.419785697","..","-1.232239485","2.5",22.3603109220236
"2436","Kyrgyz Republic","KGZ","2007",3802570553,"5.467866401","8.542874775","0.372572937","..","-1.329097867","2.5",22.0589431362977
"2437","Kyrgyz Republic","KGZ","2006",2834168889,"6.422443743","3.102898742","0.901919856","..","-1.325560451","2.5",21.7650145702995
"2438","Kyrgyz Republic","KGZ","2005",2460246766,"1.730121095","-0.175515404","0.900674261","..","-1.267269254","2.5",21.6235274932419
"2439","Kyrgyz Republic","KGZ","2004",2211534585,"7.93380358","7.026812425","0.475114651","..","-1.097712159","..",21.5169524938571
"2440","Kyrgyz Republic","KGZ","2003",1919008090,"2.373342146","7.030293197","0.398560925","..","-1.03281939","..",21.3750742697005
"2441","Kyrgyz Republic","KGZ","2002",1605643105,"0.290348679","-0.017324613","0.445969369","..","-1.06477046","..",21.1967902017477
"2442","Kyrgyz Republic","KGZ","2001",1525116370,"0.328285302","5.321621412","0.589736238","..","..","..",21.1453365522912
"2443","Kyrgyz Republic","KGZ","2000",1369688498,"-0.172311074","5.443336633","0.90016353","..","-1.007478714","..",21.0378491772105
"2444","Lao PDR","LAO","2023",15843155731,"11.2425631","3.745681402","..","..","-0.973836362","2.5",23.4860034289319
"2445","Lao PDR","LAO","2022",15468785204,"4.695092258","2.707426526","..","12.11293278","-0.965779245","2.5",23.4620899725269
"2446","Lao PDR","LAO","2021",18827148531,"5.69344696","2.528351005","0","10.39102166","-1.055114388","2.5",23.6585657359127
"2447","Lao PDR","LAO","2020",18981805250,"5.098071935","0.503031829","0","9.401877473","-1.083155751","2.5",23.6667467388823
"2448","Lao PDR","LAO","2019",18740561513,"4.031491392","5.457735092","0","11.46555609","-1.076882839","2.5",23.6539560766482
"2449","Lao PDR","LAO","2018",18141641090,"7.485648622","6.247960008","0","11.72064624","-0.997348785","2.5",23.6214757455679
"2450","Lao PDR","LAO","2017",17071155481,"9.917786835","6.892530873","0","12.23932049","-0.966396511","2.5",23.5606560622058
"2451","Lao PDR","LAO","2016",15912501723,"5.877744362","7.022836255","0","12.94311134","-0.986850142","2.5",23.4903709091096
"2452","Lao PDR","LAO","2015",14426380126,"7.470757773","7.270065844","0","13.50614062","-0.944427311","2.5",23.3923243207431
"2453","Lao PDR","LAO","2014",13279245886,"6.533850861","7.61196344","0","13.83018194","-0.853773773","2.5",23.3094681936896
"2454","Lao PDR","LAO","2013",11983252627,"5.686246283","8.026300227","0","13.73883384","-0.940677524","2.5",23.2067758975409
"2455","Lao PDR","LAO","2012",10192846339,"6.060676027","8.026098435","0","13.60534126","-1.025072455","2.5",23.0449519718694
"2456","Lao PDR","LAO","2011",8750104617,"3.437027559","8.03865268","0","13.14641218","-1.192968726","2.5",22.892331493473
"2457","Lao PDR","LAO","2010",7131771015,"3.909350182","8.526905517","0","13.02713909","-1.195731044","2.5",22.6878254297297
"2458","Lao PDR","LAO","2009",5836137330,"5.459059496","7.501774912","0","12.75716617","-1.248842478","2",22.4873349988585
"2459","Lao PDR","LAO","2008",5446433157,"4.182003036","7.824902763","0","12.10294002","-1.206062913","2",22.4182267647593
"2460","Lao PDR","LAO","2007",4223152739,"7.660627498","7.596828801","0","..","-1.281310558","2",22.1638477806079
"2461","Lao PDR","LAO","2006",3455030061,"5.421389617","8.619266208","0","..","-1.331525683","2",21.9630969948518
"2462","Lao PDR","LAO","2005",2735558735,"1.013321324","7.107568368","0","..","-1.317613959","2",21.7296015426323
"2463","Lao PDR","LAO","2004",2366398120,"0.714895049","6.35769548","0","..","-1.14759469","..",21.5846348554648
"2464","Lao PDR","LAO","2003",2023324407,"0.962969691","6.067002303","0","..","-0.866406024","..",21.4280077416431
"2465","Lao PDR","LAO","2002",1758176653,"0.253176893","5.918743684","0","..","-0.673779786","..",21.2875431163716
"2466","Lao PDR","LAO","2001",1768619058,"1.35157902","5.75141288","0","..","..","..",21.2934648858027
"2467","Lao PDR","LAO","2000",1731198022,"1.9576039","5.798782329","0","..","-0.696313202","..",21.2720795040557
"2468","Latvia","LVA","2023",42572151720,"3.967542808","2.854218001","..","16.71324158","0.698113978","..",24.4744661609636
"2469","Latvia","LVA","2022",38014713596,"3.202408578","1.80677198","..","17.14966686","0.693807185","..",24.361239121625
"2470","Latvia","LVA","2021",38183326785,"9.779360271","6.942541731","0.065399402","16.45373672","0.720612168","..",24.3656647856806
"2471","Latvia","LVA","2020",33379927435,"2.814135578","-3.469227508","0.031423559","16.28185273","0.693109572","..",24.2312205812712
"2472","Latvia","LVA","2019",33099503951,"3.371002667","0.675372772","0.059368195","16.19985064","0.480458021","..",24.2227841328425
"2473","Latvia","LVA","2018",33247935477,"1.320769006","4.309712863","0.079536908","16.19951066","0.29723978","..",24.2272585112033
"2474","Latvia","LVA","2017",29391059767,"4.048800195","3.398948726","0.036360086","17.20614205","0.500998259","..",24.1039563754886
"2475","Latvia","LVA","2016",27117105060,"1.236935052","2.55168602","0.019091674","17.23172919","0.395586461","..",24.0234305487457
"2476","Latvia","LVA","2015",26344565877,"3.085432583","3.783367121","0.03458244","16.37392578","0.434054464","..",23.9945278620889
"2477","Latvia","LVA","2014",30277203767,"3.451795315","2.094959771","0.089108279","16.17406021","0.409777433","..",24.1336609153797
"2478","Latvia","LVA","2013",29152128168,"3.393521988","2.096090282","0.089616535","15.90284345","0.321280241","..",24.0957937545566
"2479","Latvia","LVA","2012",27116149949,"3.98573894","7.305240572","0.137675372","15.44659611","0.238223135","..",24.0233953264084
"2480","Latvia","LVA","2011",26575547901,"5.717733091","3.036344827","0.095178623","15.03494748","0.279343724","..",24.0032573781209
"2481","Latvia","LVA","2010",23468324572,"2.023934814","-3.661258596","0.063816195","14.16175498","0.203808978","..",23.8789174583217
"2482","Latvia","LVA","2009",25691530442,"-0.583936207","-16.04001953","0.051168619","13.55255924","0.202161014","..",23.9694272197465
"2483","Latvia","LVA","2008",34135200994,"4.201743996","-3.388716658","0.052576755","15.31409598","0.230154261","..",24.2535949760079
"2484","Latvia","LVA","2007",29420499248,"9.222864096","10.41453728","0.022766877","16.01570798","0.338474423","..",24.1049575216562
"2485","Latvia","LVA","2006",20434922247,"8.346825905","12.82501785","0.017788152","16.41184213","0.356723547","..",23.7405111490618
"2486","Latvia","LVA","2005",16306935905,"4.966330751","11.61531786","0.019542568","15.71127399","0.367340833","..",23.5148563698972
"2487","Latvia","LVA","2004",13827070379,"4.278491065","8.725143417","0.010367718","14.91736327","0.153246522","..",23.3498941293088
"2488","Latvia","LVA","2003",11244337720,"2.816103396","8.429132571","0","14.86619319","0.242927805","..",23.1431305251142
"2489","Latvia","LVA","2002",9249030241,"1.730891758","7.665487786","0","14.49706451","0.010846358","..",22.947784544164
"2490","Latvia","LVA","2001",8190888740,"2.118216","6.460578267","0","14.82444033","..","..",22.8262882441866
"2491","Latvia","LVA","2000",7761252607,"4.176965677","5.841026424","0","14.92928967","-0.041916825","..",22.7724095765428
"2492","Lebanon","LBN","2023",20078620357,"3.264354674","-0.76058447","..","..","-1.227062464","..",23.7229214220888
"2493","Lebanon","LBN","2022",20992421949,"2.509661606","-0.621678971","..","..","-1.127301574","..",23.7674273499729
"2494","Lebanon","LBN","2021",23131941557,"2.592900684","-7.001238625","0","5.684795546","-1.248533964","..",23.8644802507391
"2495","Lebanon","LBN","2020",31712128254,"5.067129866","-21.39989969","0","8.901728325","-1.179520607","..",24.1799650394223
"2496","Lebanon","LBN","2019",51605959131,"3.69413245","-6.914924729","0","15.40539053","-1.169052362","..",24.6669029898007
"2497","Lebanon","LBN","2018",54901519156,"4.84140309","-1.884705756","0","15.32540546","-1.132961154","..",24.7288068564087
"2498","Lebanon","LBN","2017",53027680686,"4.75677914","0.903028464","0","15.35988176","-1.028187871","..",24.6940798912537
"2499","Lebanon","LBN","2016",51147308774,"5.021740406","1.554549409","0","13.52535689","-0.990380108","..",24.6579757135708
"2500","Lebanon","LBN","2015",49929337837,"4.324691745","0.462320793","0","13.46505128","-0.90191257","..",24.6338745995444
"2501","Lebanon","LBN","2014",48095213747,"5.951755286","2.484060105","0","14.10956588","-1.042650342","..",24.5964485028077
"2502","Lebanon","LBN","2013",46880103081,"5.67636791","3.827873499","0","14.06611445","-0.9246068","..",24.5708591810395
"2503","Lebanon","LBN","2012",44016799516,"7.068471662","2.564791337","0","15.19802662","-0.865690708","..",24.5078372051767
"2504","Lebanon","LBN","2011",39927125962,"7.856939895","0.867339879","0","16.37733291","-0.900145948","..",24.4103217785215
"2505","Lebanon","LBN","2010",38443907042,"11.13279363","7.975135558","0","16.84447669","-0.915250719","..",24.3724660558939
"2506","Lebanon","LBN","2009",35399582929,"13.56965891","10.23215558","0","16.85630601","-0.871679723","..",24.2899658753501
"2507","Lebanon","LBN","2008",29118916105,"14.88051772","9.069128268","0","16.418394","-0.858251393","..",24.0946538379132
"2508","Lebanon","LBN","2007",24827355015,"13.5978269","9.310622526","0","14.94411917","-0.939466238","..",23.9352119070308
"2509","Lebanon","LBN","2006",22022709851,"12.14443813","1.549515001","0","15.00828554","-0.999498069","..",23.8153400238391
"2510","Lebanon","LBN","2005",21497336499,"12.20384959","2.68577931","0","15.16810377","-0.532331884","..",23.7911948806384
"2511","Lebanon","LBN","2004",21159827992,"8.973516095","6.679444616","0","16.50864395","-0.59286356","..",23.775370314981
"2512","Lebanon","LBN","2003",20082918740,"14.24105903","3.227098269","0","15.37671346","-0.612619996","..",23.7231354767845
"2513","Lebanon","LBN","2002",19152238806,"6.975529146","3.423149828","0","14.43059019","-0.415403098","..",23.6756854546693
"2514","Lebanon","LBN","2001",17649751244,"8.237549526","3.839669277","0","11.8780772","..","..",23.593987526402
"2515","Lebanon","LBN","2000",17260364842,"5.75581692","1.34187162","0","11.90122982","-0.466838241","..",23.5716786603852
"2516","Lesotho","LSO","2023",2117962430,"-1.210966669","1.826625259","..","..","-0.509478509","3",21.4737203455358
"2517","Lesotho","LSO","2022",2354980884,"-0.332065089","2.387780202","..","30.44254868","-0.36864084","3",21.5797984471844
"2518","Lesotho","LSO","2021",2412130022,"-0.512915965","2.26671067","0","31.87023141","-0.345277399","3",21.6037760206603
"2519","Lesotho","LSO","2020",2053699870,"1.363474154","-8.155958799","0","35.99435655","-0.141021639","3",21.4429088180099
"2520","Lesotho","LSO","2019",2390702296,"1.494648492","-1.417993831","0","32.54217096","-0.122618347","3",21.5948530074238
"2521","Lesotho","LSO","2018",2556247292,"1.598987211","-1.480633158","0","31.81516946","-0.137125388","3",21.6618061183905
"2522","Lesotho","LSO","2017",2306741672,"1.828066232","-3.138174937","0","33.00730986","-0.059058353","3",21.5591018341422
"2523","Lesotho","LSO","2016",2114426452,"3.747331384","3.608907317","0","29.28627044","-0.05242788","3",21.4720494315809
"2524","Lesotho","LSO","2015",2359686725,"4.798094985","3.12406678","0","33.77014571","0.023326905","3",21.5817947035286
"2525","Lesotho","LSO","2014",2441063054,"3.869631586","1.710549905","0","36.32843272","0.199570894","3",21.6156994592403
"2526","Lesotho","LSO","2013",2367112932,"2.130338276","1.792525556","0","35.90752719","0.279383391","3.5",21.5849368773667
"2527","Lesotho","LSO","2012",2477702216,"2.286501697","6.334083747","0","38.08375699","0.126534462","3.5",21.6305974418265
"2528","Lesotho","LSO","2011",2579409620,"2.371601576","4.616413945","0","30.21374793","0.156146213","3.5",21.6708263802371
"2529","Lesotho","LSO","2010",2234754242,"0.425490583","5.269670781","0","30.29876043","0.184215263","3.5",21.5273971001293
"2530","Lesotho","LSO","2009",1740894965,"5.247206693","-1.253757799","0","39.9862447","0.171797961","3.5",21.2776651656426
"2531","Lesotho","LSO","2008",1766902709,"0.623122768","5.52341967","0","38.25856816","0.061866838","3.5",21.2924939687794
"2532","Lesotho","LSO","2007",1682131785,"4.495417243","4.1879141","0","39.31379775","-0.05820239","3.5",21.2433277456063
"2533","Lesotho","LSO","2006",1800092564,"1.351168667","4.230095228","0","33.91975434","0.01058409","3.5",21.3111039249708
"2534","Lesotho","LSO","2005",1682343527,"1.630955818","3.466122228","0","28.57390073","0.055084318","3.5",21.2434536148612
"2535","Lesotho","LSO","2004",1511236656,"3.683832756","1.692374174","0","28.961325","-0.106747024","..",21.1361941300776
"2536","Lesotho","LSO","2003",1157825435,"3.795748363","4.559777164","0","27.11488202","-0.170022607","..",20.8698094577562
"2537","Lesotho","LSO","2002",775777238.6,"3.659717449","0.723836067","0","24.19416305","-0.173949227","..",20.469375973277
"2538","Lesotho","LSO","2001",825706961.2,"3.596341955","3.561581834","0","25.78220615","..","..",20.531750500017
"2539","Lesotho","LSO","2000",887291687.9,"3.652004017","3.875546776","0","22.93955586","-0.16539517","..",20.6036843339041
"2540","Liberia","LBR","2023",4.39e+09,"16.96084533","4.683756888","..","..","-0.888349295","2.5",22.2025950640335
"2541","Liberia","LBR","2022",4001047000,"23.9985301","4.808105173","..","..","-0.925476372","2.5",22.1098219138157
"2542","Liberia","LBR","2021",3513049500,"15.24552687","4.986712835","0","..","-0.937883019","2.5",21.9797503006518
"2543","Liberia","LBR","2020",3176126300,"23.2348426","-2.982491276","0","..","-0.904334426","2.5",21.8789281465431
"2544","Liberia","LBR","2019",3319596500,"2.611211949","-2.467297635","0","..","-0.917654991","2.5",21.9231090763441
"2545","Liberia","LBR","2018",3422754800,"3.772684939","1.157575122","0","..","-0.87186873","2.5",21.9537115608583
"2546","Liberia","LBR","2017",3390703400,"7.309485784","2.45515592","0","..","-0.687090397","3",21.9443032294405
"2547","Liberia","LBR","2016",3398419600,"9.171903326","-1.554958617","0","..","-0.743276775","3",21.9465763369752
"2548","Liberia","LBR","2015",3227075700,"7.210237816","-0.01856497","0","..","-0.667323768","3",21.8948422080615
"2549","Liberia","LBR","2014",3225652000,"15.55874064","0.7013931","0","..","-0.779788852","3",21.8944009373031
"2550","Liberia","LBR","2013",3177198100,"62.90685386","8.687287816","0","12.46142652","-0.718398809","3",21.8792655447122
"2551","Liberia","LBR","2012",2791614000,"82.74715778","7.993814446","0","12.97157471","-0.607038319","3",21.7498857601398
"2552","Liberia","LBR","2011",2.398e+09,"86.98944676","8.200768225","0","11.14878716","-0.690497637","3",21.5979008935517
"2553","Liberia","LBR","2010",1.998e+09,"103.3373871","6.09982524","0","11.2051496","-0.574574232","3",21.4154125171728
"2554","Liberia","LBR","2009",1.768e+09,"7.228700482","5.300540503","0","..","-0.607343435","3",21.2931148011619
"2555","Liberia","LBR","2008",1.726e+09,"16.42735095","7.145691128","0","9.841559386","-0.791121185","..",21.2690724296076
"2556","Liberia","LBR","2007",1.373e+09,"9.587593707","9.535275363","0","10.20053503","-0.476487666","..",21.0402639637322
"2557","Liberia","LBR","2006",1.119e+09,"9.63866591","8.043909972","0","7.236438606","-0.723485768","..",20.8357012662762
"2558","Liberia","LBR","2005",9.49e+08,"8.725196147","5.281212453","0","7.642757948","-1.201530457","..",20.6709193565742
"2559","Liberia","LBR","2004",8.97e+08,"8.400416014","2.619846895","0","..","-1.329605699","..",20.6145664200231
"2560","Liberia","LBR","2003",7.48e+08,"49.76203209","-30.14513273","0","..","-1.151747227","..",20.4329135359388
"2561","Liberia","LBR","2002",9.27e+08,"0.302049622","3.763017617","0","..","-1.034288645","..",20.6474641235301
"2562","Liberia","LBR","2001",9.06e+08,"0.91611479","2.920274766","0","..","..","..",20.6245498640073
"2563","Liberia","LBR","2000",8.74e+08,"2.3798627","28.61593425","0","..","-1.098915219","..",20.5885909336198
"2564","Libya","LBY","2023",45096462972,"1.762222462","10.15581818","..","..","-1.525018811","..",24.5320696540381
"2565","Libya","LBY","2022",43246297922,"1.623260334","-8.251630041","..","..","-1.526298285","..",24.4901774694815
"2566","Libya","LBY","2021",35217995647,"1.71219284","28.33346246","56.37793719","..","-1.584979653","..",24.2848230288834
"2567","Libya","LBY","2020",46854285441,"..","-29.45529673","9.243991529","..","-1.583548188","..",24.5703083129737
"2568","Libya","LBY","2019",69254496472,"..","-11.19608289","32.75156231","..","-1.574897766","..",24.9610539109095
"2569","Libya","LBY","2018",76686029772,"..","7.941367853","30.03452984","..","-1.530271649","..",25.0629853875565
"2570","Libya","LBY","2017",67157452182,"..","32.49180219","20.94661675","..","-1.558173299","..",24.9303057318965
"2571","Libya","LBY","2016",49912073701,"..","-1.490941117","10.79314177","..","-1.578543305","..",24.6335287683727
"2572","Libya","LBY","2015",48717501321,"..","-0.842656252","14.4264442","..","-1.578502893","..",24.6093041725181
"2573","Libya","LBY","2014",57372355592,"..","-23.04280583","28.63052982","..","-1.52144289","..",24.7728284143652
"2574","Libya","LBY","2013",75351107029,"0.931638602","-17.99796157","45.80161371","..","-1.440853715","..",25.0454244537358
"2575","Libya","LBY","2012",92540938129,"1.539859038","86.82674844","57.6300935","..","-1.315019011","..",25.2509169579252
"2576","Libya","LBY","2011",48169263294,"..","-50.33851514","36.33055597","..","-1.231681228","..",24.5979869635957
"2577","Libya","LBY","2010",75380825062,"2.366649607","5.027247672","54.52642998","..","-1.262903452","..",25.0458187700956
"2578","Libya","LBY","2009",60808562033,"2.254616709","-4.400181763","49.912283","..","-1.210370302","..",24.8309964389151
"2579","Libya","LBY","2008",86710767415,"4.741395011","-0.162048239","64.8164363","..","-0.975061655","..",25.1858439046596
"2580","Libya","LBY","2007",68032978391,"6.892245659","6.229982786","59.92928301","..","-1.047780871","..",24.9432584008977
"2581","Libya","LBY","2006",60094231607,"3.43460586","6.50052542","60.92957413","..","-1.087145448","..",24.8191796939644
"2582","Libya","LBY","2005",47334691241,"2.192894836","11.87075652","61.01717381","..","-0.966960073","..",24.5805092936582
"2583","Libya","LBY","2004",33122307692,"1.077823452","4.461638996","54.78695197","..","-0.915932536","..",24.223472840727
"2584","Libya","LBY","2003",26265625000,"0.544437835","13.01603725","47.84216216","..","-0.886524618","..",23.9915268869954
"2585","Libya","LBY","2002",20481889764,"0.707942488","-0.958897333","48.38229287","..","-0.944232821","..",23.7428069064936
"2586","Libya","LBY","2001",34112093927,"-0.389891047","-1.762838871","29.49148805","..","..","..",24.2529178189745
"2587","Libya","LBY","2000",38270954138,"0.36842562","3.679270408","33.5852839","..","-0.854947209","..",24.3679570678213
"2588","Liechtenstein","LIE","2023",8287748667,"..","..","..","..","1.710172415","..",22.8380441970761
"2589","Liechtenstein","LIE","2022",7378156576,"..","..","..","..","1.714888096","..",22.7217896579071
"2590","Liechtenstein","LIE","2021",7912602342,"..","..","..","..","1.665740252","..",22.7917225585511
"2591","Liechtenstein","LIE","2020",6405870210,"..","..","..","..","1.959190845","..",22.580480627235
"2592","Liechtenstein","LIE","2019",6436467007,"..","..","..","..","1.920955062","..",22.5852456251284
"2593","Liechtenstein","LIE","2018",6692620692,"-1303.108267","..","..","..","1.95875442","..",22.6242713671147
"2594","Liechtenstein","LIE","2017",6474308718,"602.3745261","..","..","..","1.998275518","..",22.5911076771337
"2595","Liechtenstein","LIE","2016",6237302034,"972.6935386","..","..","..","1.983347416","..",22.5538135594843
"2596","Liechtenstein","LIE","2015",6268515276,"1282.607229","..","..","..","2.010734081","..",22.558805365464
"2597","Liechtenstein","LIE","2014",6657526980,"140.2934441","..","..","..","2.077594519","..",22.6190139282164
"2598","Liechtenstein","LIE","2013",6391708311,"18.06898306","..","..","..","1.834106445","..",22.5782674109211
"2599","Liechtenstein","LIE","2012",5456102482,"540.3669459","..","..","..","1.793322086","..",22.4200005406689
"2600","Liechtenstein","LIE","2011",5739706005,"460.2135183","..","..","..","1.804687262","..",22.4706738273251
"2601","Liechtenstein","LIE","2010",5082337238,"587.8386157","..","..","..","1.839117169","..",22.3490370789501
"2602","Liechtenstein","LIE","2009",4504375348,"664.5737674","-1.15748292","..","..","1.678731322","..",22.2283150609012
"2603","Liechtenstein","LIE","2008",5081479840,"319.0973241","1.798088478","..","..","1.175187707","..",22.3488683632017
"2604","Liechtenstein","LIE","2007",4601429897,"728.8656597","3.325963509","..","..","1.085534811","..",22.2496329393124
"2605","Liechtenstein","LIE","2006",4000102086,"1114.932386","8.644968573","..","..","1.25131321","..",22.1095857192406
"2606","Liechtenstein","LIE","2005",3659319117,"-7.295055397","4.828076777","..","..","1.269663095","..",22.0205429334467
"2607","Liechtenstein","LIE","2004",3454373798,"53.43481822","3.039172103","..","..","1.35322547","..",21.9629070325872
"2608","Liechtenstein","LIE","2003",3070803051,"563.5484077","-1.937565341","..","..","1.33278954","..",21.8452049444697
"2609","Liechtenstein","LIE","2002",2688618747,"255.3079443","-0.993919947","..","..","1.310743809","..",21.7122934217341
"2610","Liechtenstein","LIE","2001",2491800559,"376.8012686","-0.733092455","..","..","..","..",21.6362714021648
"2611","Liechtenstein","LIE","2000",2483889858,"799.3339427","3.220193082","..","..","1.313403845","..",21.6330916594549
"2612","Lithuania","LTU","2023",79789877416,"4.801504386","0.342262716","..","21.41843581","0.78154552","..",25.1026624839325
"2613","Lithuania","LTU","2022",71033884500,"3.405881082","2.53752574","..","21.28207731","0.746974111","..",24.9864228466207
"2614","Lithuania","LTU","2021",67037321009,"3.740642344","6.380016062","0.015948543","21.27444761","0.824572265","..",24.9285153312388
"2615","Lithuania","LTU","2020",57412038533,"7.943449004","0.042815834","0.008443611","20.50301716","0.778560698","..",24.7735198488216
"2616","Lithuania","LTU","2019",55122066226,"6.230353006","4.677351835","0.016874439","20.08894005","0.666305542","..",24.7328159489071
"2617","Lithuania","LTU","2018",54261795149,"2.395500851","4.918367801","0.02678983","16.75246513","0.466041952","..",24.7170862278356
"2618","Lithuania","LTU","2017",47756764508,"2.897455723","4.612243103","0.022723248","16.7642159","0.518651903","..",24.5893865589286
"2619","Lithuania","LTU","2016",42970749245,"2.740314741","2.671922151","0.018135232","17.0998351","0.676383555","..",24.4837854710486
"2620","Lithuania","LTU","2015",41540954817,"2.496221163","2.832806433","0.028369813","16.75772529","0.582566559","..",24.4499456406141
"2621","Lithuania","LTU","2014",48306546657,"0.739699359","3.772543796","0.062423515","16.03350266","0.553396463","..",24.6008329299728
"2622","Lithuania","LTU","2013",46303660422,"1.660037165","4.046913186","0.073934911","15.78117147","0.418842435","..",24.5584868537041
"2623","Lithuania","LTU","2012",42709372067,"1.585560093","4.382905844","0.097471513","15.68461913","0.386670023","..",24.477684219444
"2624","Lithuania","LTU","2011",43186501863,"4.355090151","6.323636648","0.111619815","15.666045","0.319815338","..",24.4887938264967
"2625","Lithuania","LTU","2010",36638128534,"3.009695612","0.427199567","0.0803744","16.24099886","0.372421801","..",24.324355298319
"2626","Lithuania","LTU","2009",37494380039,"-0.960671174","-14.83861179","0.07157289","16.99183757","0.226648018","..",24.3474568930651
"2627","Lithuania","LTU","2008",47831254208,"3.611220707","2.599461546","0.120394867","20.46760197","0.112552218","..",24.5909451164985
"2628","Lithuania","LTU","2007",39729151615,"6.548055653","11.07792826","0.111123246","20.35332704","0.103202336","..",24.405351052782
"2629","Lithuania","LTU","2006",30116192747,"7.502216047","7.395481225","0.163827336","20.5300348","0.155884758","..",24.1283288290666
"2630","Lithuania","LTU","2005",26105207115,"4.951314034","7.731446758","0.199035521","19.74893138","0.311570793","..",23.9854006376982
"2631","Lithuania","LTU","2004",22743164431,"3.867275147","6.502035361","0.213297787","19.26354665","0.369521201","..",23.8475304726234
"2632","Lithuania","LTU","2003",18809197970,"1.155811323","10.55189596","0.236285179","19.03600583","0.35301125","..",23.6576118408601
"2633","Lithuania","LTU","2002",14282292665,"4.626641628","6.719839451","0.298245655","19.1715741","0.20888038","..",23.3822863317413
"2634","Lithuania","LTU","2001",12260761329,"3.608258803","6.484126652","0.356954383","19.36763716","..","..",23.2296698641398
"2635","Lithuania","LTU","2000",11550695727,"3.292204288","3.418622066","0.350374403","20.25482082","0.370262295","..",23.170011508204
"2636","Luxembourg","LUX","2023",87574021092,"-71.71946657","-0.693632728","..","27.21940444","1.926659107","..",25.1957502280286
"2637","Luxembourg","LUX","2022",80801680397,"-444.7068905","-1.095053512","..","26.68297034","1.88359046","..",25.1152635992498
"2638","Luxembourg","LUX","2021",86386759695,"29.08152955","6.929734258","0","26.00242918","1.840929389","..",25.1821002567425
"2639","Luxembourg","LUX","2020",73670782100,"13.35520197","-0.510051634","0","25.68642319","2.023699522","..",25.0228721138465
"2640","Luxembourg","LUX","2019",69872035114,"234.3106173","2.749319291","0","26.88848343","2.072476864","..",24.969931336237
"2641","Luxembourg","LUX","2018",71085623495,"-117.2339475","1.611295613","0","26.88545413","2.048039198","..",24.9871509521147
"2642","Luxembourg","LUX","2017",65712180343,"-41.65099456","1.317187138","0","24.51814705","1.941121459","..",24.9085501386023
"2643","Luxembourg","LUX","2016",62216885436,"28.25755415","4.978190115","0","23.76750967","2.049894571","..",24.8538922698824
"2644","Luxembourg","LUX","2015",60071584216,"75.630024","2.269784233","0","23.32185937","2.053510666","..",24.8188027582924
"2645","Luxembourg","LUX","2014",68804811898,"29.1553937","2.623086792","0","24.74515711","2.069159031","..",24.9545395198179
"2646","Luxembourg","LUX","2013",65203276467,"35.73290347","3.1717899","0","24.55226696","2.115706205","..",24.9007755571777
"2647","Luxembourg","LUX","2012",59776383527,"4.724483857","1.649902128","0","24.42782715","2.114363909","..",24.8138764956022
"2648","Luxembourg","LUX","2011",61696281326,"14.33337072","1.044298553","0","23.98704785","2.153153419","..",24.8454894957983
"2649","Luxembourg","LUX","2010",56213985987,"69.60639434","3.760414543","0","23.81784044","2.038584948","..",24.7524314238639
"2650","Luxembourg","LUX","2009",54467289898,"50.03949031","-3.238954091","0","23.83910852","1.963537812","..",24.7208661730745
"2651","Luxembourg","LUX","2008",58844277702,"12.09482571","-0.300175625","0","23.55571077","1.957137346","..",24.7981604306149
"2652","Luxembourg","LUX","2007",51587401416,"-57.53231408","8.09866723","0","24.38034549","1.961524487","..",24.6665433210177
"2653","Luxembourg","LUX","2006",42910146296,"75.08605172","6.016715401","0","23.9298412","1.873079538","..",24.4823741453125
"2654","Luxembourg","LUX","2005",37672280120,"12.32940896","2.482874985","0","25.33555545","1.647415757","..",24.3521903856213
"2655","Luxembourg","LUX","2004",35064843793,"14.77161419","4.231889288","0","24.04257319","1.822564006","..",24.2804648641414
"2656","Luxembourg","LUX","2003",29667268248,"14.46410786","2.619378614","0","24.63009613","1.643057108","..",24.1133101958273
"2657","Luxembourg","LUX","2002",23649833332,"17.94166707","3.225417823","0","24.78170287","2.010144949","..",23.8866219045868
"2658","Luxembourg","LUX","2001",21387533703,"..","3.07435551","0","24.98489419","..","..",23.7860740519905
"2659","Luxembourg","LUX","2000",21230182989,"..","6.938129761","0","25.4725969","1.983982921","..",23.7786897319838
"2660","Macao SAR, China","MAC","2023",45803067940,"3.587914106","75.06185714","..","22.84221249","0.849051774","..",24.5476169114126
"2661","Macao SAR, China","MAC","2022",24999113476,"12.80570661","-19.60934493","..","16.70167935","0.868464589","..",23.9421062002259
"2662","Macao SAR, China","MAC","2021",30969334705,"18.16993862","23.53589132","0","19.3081267","0.815184593","..",24.1562633487828
"2663","Macao SAR, China","MAC","2020",25343525936,"-24.52848531","-54.33610627","0","21.82738175","0.768973529","..",23.9557891472267
"2664","Macao SAR, China","MAC","2019",55082293844,"11.78412703","-2.56341515","0","29.77826632","0.664918542","..",24.7320941556187
"2665","Macao SAR, China","MAC","2018",55190661340,"3.134261571","6.405279157","0","29.43651435","0.674436092","..",24.734059597294
"2666","Macao SAR, China","MAC","2017",50383871121,"3.376085025","9.860051514","0","29.03705734","0.594956994","..",24.6429369433667
"2667","Macao SAR, China","MAC","2016",45070808689,"4.125039657","-0.679183618","0","27.77528589","0.793663919","..",24.5315006164434
"2668","Macao SAR, China","MAC","2015",45048190598,"1.079993402","-21.51429324","0","29.15024934","0.569167733","..",24.5309986558878
"2669","Macao SAR, China","MAC","2014",54902831794,"4.415492767","-2.048378141","0","35.0873753","0.843764782","..",24.7288307650788
"2670","Macao SAR, China","MAC","2013",51536595089,"7.324039466","10.75289299","0","36.38810023","0.546515465","..",24.6655579765231
"2671","Macao SAR, China","MAC","2012",43189721377,"8.255982656","9.242144596","0","36.80275324","0.417734087","..",24.4888683727984
"2672","Macao SAR, China","MAC","2011",36845888757,"4.761280701","21.61646948","0","37.42427393","0.433402777","..",24.3300098823835
"2673","Macao SAR, China","MAC","2010",28241798492,"12.85071979","25.12278818","0","34.38843575","0.412911594","..",24.0640689335209
"2674","Macao SAR, China","MAC","2009",21587786906,"-1.911396508","1.274378235","0","29.3068412","0.160476461","..",23.7953935707073
"2675","Macao SAR, China","MAC","2008",21027018333,"18.94044636","3.391296513","0","30.23591364","0.431776792","..",23.7690740350113
"2676","Macao SAR, China","MAC","2007",18439981612,"28.8206055","14.47649617","0","25.46243595","0.44861266","..",23.6377870578943
"2677","Macao SAR, China","MAC","2006",14874098692,"19.61037568","13.39059328","0","21.13448838","0.345463097","..",23.4228871944079
"2678","Macao SAR, China","MAC","2005",12160056122,"14.59716649","8.075231306","0","20.98034184","0.508783102","..",23.2214223287698
"2679","Macao SAR, China","MAC","2004",10643253553,"7.248689344","26.63098454","0","21.26856755","1.400040507","..",23.0881920591736
"2680","Macao SAR, China","MAC","2003",8246479566,"6.137300128","11.64050662","0","20.04767379","0.854120076","..",22.8330522269497
"2681","Macao SAR, China","MAC","2002",7371692774,"5.344241588","8.910875674","0","17.23481133","-0.070856519","..",22.7209132011704
"2682","Macao SAR, China","MAC","2001",6860272608,"2.332341426","2.888150254","0","16.39758352","..","..",22.6490130166701
"2683","Macao SAR, China","MAC","2000",6774193548,"-0.011661905","5.746591005","0","14.92285291","0.409671247","..",22.6363861631216
"2684","Madagascar","MDG","2023",15869945478,"2.612113385","4.203046158","..","9.614870959","-1.000182152","2.5",23.4876929359401
"2685","Madagascar","MDG","2022",15325603273,"3.052725925","4.156097784","..","9.240542681","-0.969914019","2.5",23.4527906832794
"2686","Madagascar","MDG","2021",14354731964,"2.490723381","4.650683432","0.08382987","10.38119675","-0.953181684","2.5",23.3873454783841
"2687","Madagascar","MDG","2020",13051441204,"2.746571324","-7.137671621","0.049486818","9.520728725","-1.010506511","2.5",23.2921644017055
"2688","Madagascar","MDG","2019",14104664679,"3.36279831","4.411232129","0.093270906","10.53186462","-1.05258441","2.5",23.3697714079168
"2689","Madagascar","MDG","2018",13760033282,"4.447927987","3.194356517","0.12909166","10.28312868","-1.021064162","2.5",23.3450340881987
"2690","Madagascar","MDG","2017",13176313594,"3.52797151","3.933307595","0.095525436","10.02754473","-1.074303746","2.5",23.3016866299332
"2691","Madagascar","MDG","2016",11848613858,"4.564608032","3.993146062","0.058311086","9.244851873","-0.93498826","2.5",23.1954767236771
"2692","Madagascar","MDG","2015",11323020701,"2.897277275","3.132298075","0.065733338","8.945310373","-0.880302072","2.5",23.1501037205024
"2693","Madagascar","MDG","2014",12522957399,"2.977511233","3.339203112","0.086283121","8.441133382","-0.843135118","2.5",23.2508293887019
"2694","Madagascar","MDG","2013",12423555455,"4.554645311","2.300376228","0","8.785591773","-0.76415801","2",23.2428601410032
"2695","Madagascar","MDG","2012",11578975062,"7.036805334","3.011148116","0","8.368255543","-0.670311391","2.5",23.1724567958477
"2696","Madagascar","MDG","2011",11551819618,"7.05979215","1.578427054","0","8.710323638","-0.484609842","2.5",23.1701088041897
"2697","Madagascar","MDG","2010",9982711338,"9.138671338","0.619239745","0","8.535319118","-0.417824775","2.5",23.0241205675265
"2698","Madagascar","MDG","2009",9616879409,"13.44854279","-3.978708612","0","8.344148961","-0.328544199","2.5",22.9867856632407
"2699","Madagascar","MDG","2008",10725137724,"10.57793076","6.712632539","0","11.39145084","-0.266752243","3.5",23.0958561430766
"2700","Madagascar","MDG","2007",8524620890,"9.26011531","5.710564199","0","9.848061325","-0.186032534","3.5",22.8662243887459
"2701","Madagascar","MDG","2006",6395712491,"4.607492003","5.398508449","0","9.201881621","-0.182527557","3.5",22.5788936795319
"2702","Madagascar","MDG","2005",5859269753,"1.458008037","4.755845095","0","8.690155518","-0.055555593","3.5",22.4912908172412
"2703","Madagascar","MDG","2004",5064732626,"1.044689856","5.257003622","0","9.372419868","-0.323700607","..",22.3455671847048
"2704","Madagascar","MDG","2003",6372498890,"0.202025724","9.784892125","0","8.597800286","-0.208431333","..",22.5752575200286
"2705","Madagascar","MDG","2002",5351701663,"0.273965161","-12.40797111","0","..","0.001223482","..",22.4006804151319
"2706","Madagascar","MDG","2001",5438332602,"1.711171986","5.98023577","0","..","..","..",22.4167383438461
"2707","Madagascar","MDG","2000",4629247204,"1.791923763","4.45685894","0","..","-0.478630424","..",22.2556601008965
"2708","Malawi","MWI","2023",12712150082,"1.598886154","1.892457988","..","..","-0.602811515","3",23.2658240724359
"2709","Malawi","MWI","2022",12429060151,"1.598886132","0.921115069","..","13.50385739","-0.60885191","3",23.2433031282668
"2710","Malawi","MWI","2021",12378129751,"1.046176499","4.55829212","0","11.58775288","-0.322536081","3",23.2391970225967
"2711","Malawi","MWI","2020",11769313598,"2.142682647","0.79359643","0","12.13056274","-0.39216423","3",23.1887614385911
"2712","Malawi","MWI","2019",11051865580,"0.499715014","5.716825192","0","11.97521267","-0.78355056","2.5",23.1258650814291
"2713","Malawi","MWI","2018",9879231592,"0.779537409","4.353564716","0","12.17565789","-0.765857875","2.5",23.0137005715926
"2714","Malawi","MWI","2017",8943543794,"1.00854876","4.000000001","0","12.18430178","-0.687570572","2.5",22.9141977451262
"2715","Malawi","MWI","2016",7909868618,"1.462729731","2.499999999","0.054402914","10.63896316","-0.784892559","2.5",22.7913770089799
"2716","Malawi","MWI","2015",9219474379,"3.121074775","2.8","0.042157257","10.53658178","-0.794206321","2.5",22.9445838641046
"2717","Malawi","MWI","2014",8801326169,"6.795413857","5.625270001","0.101801478","10.94910926","-0.761593223","2.5",22.898168248099
"2718","Malawi","MWI","2013",8031571928,"5.61985139","5.410349998","0.140975416","9.708743562","-0.619961083","2.5",22.8066461026588
"2719","Malawi","MWI","2012",8773203178,"-0.101285426","1.900000001","0.144130794","9.315715142","-0.477253526","3",22.894967819291
"2720","Malawi","MWI","2011",11648142958,"6.977522278","4.932669998","0.112587609","10.61770698","-0.426366478","3",23.1784126015054
"2721","Malawi","MWI","2010",10128323011,"0.957814621","6.874065854","0.082356687","10.56346502","-0.488746434","3",23.0386015947109
"2722","Malawi","MWI","2009",9009887947,"0.545293921","8.328109852","0.037387873","9.940184267","-0.405897647","3",22.9215884719743
"2723","Malawi","MWI","2008",7743617352,"2.52370279","7.639736399","0.091216562","..","-0.445902675","3",22.7701347735098
"2724","Malawi","MWI","2007",6451210219,"1.928144407","9.599999877","0.078719578","..","-0.516006529","3",22.5875335810063
"2725","Malawi","MWI","2006",5818279739,"0.611208219","4.699999764","0.074860312","..","-0.549526334","3",22.4842704775067
"2726","Malawi","MWI","2005",5320409651,"2.625670048","3.268726023","0.06851795","..","-0.715679586","3",22.3948161394031
"2727","Malawi","MWI","2004",5058726350,"2.131196008","5.42049755","0.045294265","..","-0.801194429","..",22.3443805790755
"2728","Malawi","MWI","2003",4669789300,"1.410890851","5.705639405","0.034419362","..","-0.758814633","..",22.2643797898364
"2729","Malawi","MWI","2002",5087328438,"0.115974414","1.700000031","0.031063099","..","-1.021617532","..",22.3500186648861
"2730","Malawi","MWI","2001",2498008665,"0.772615058","-4.974963619","0.059897161","..","..","..",21.6387597174188
"2731","Malawi","MWI","2000",2537307580,"1.024708103","1.576077626","0.08078816","..","-0.228705078","..",21.6543693478972
"2732","Malaysia","MYS","2023",3.99705e+11,"1.981110651","3.555487154","..","12.57251859","0.295621365","..",26.7139926119675
"2733","Malaysia","MYS","2022",4.07606e+11,"3.686893363","8.861821876","..","11.63747386","0.248940766","..",26.7335668585007
"2734","Malaysia","MYS","2021",3.73785e+11,"5.416259849","3.315349544","1.845611853","11.21607484","0.146233186","..",26.6469466027518
"2735","Malaysia","MYS","2020",3.37456e+11,"1.202754643","-5.456846584","0.685563649","10.88467121","0.228581384","..",26.5447009683897
"2736","Malaysia","MYS","2019",3.65178e+11,"2.506977057","4.413187421","1.830202222","11.93634883","0.232962102","..",26.6236507428888
"2737","Malaysia","MYS","2018",3.58789e+11,"2.314587212","4.843086976","2.71329599","12.02266586","0.299851537","..",26.606000308913
"2738","Malaysia","MYS","2017",3.19109e+11,"2.935820381","5.81272241","2.079112971","12.94596624","-0.006094724","..",26.4887985741575
"2739","Malaysia","MYS","2016",3.01256e+11,"4.471309586","4.449781398","1.529727189","13.55072517","0.02742465","..",26.4312262385654
"2740","Malaysia","MYS","2015",3.01355e+11,"3.270944029","5.091532422","1.865289564","14.05686213","0.18163617","..",26.4315548087405
"2741","Malaysia","MYS","2014",3.38066e+11,"3.141229404","6.006721946","3.855431536","14.84079071","0.396519065","..",26.5465069796396
"2742","Malaysia","MYS","2013",3.23276e+11,"3.49431176","4.693722526","4.34705959","15.31023528","0.333269119","..",26.5017722844651
"2743","Malaysia","MYS","2012",3.14443e+11,"2.829057382","5.473454193","4.899577576","15.61314674","0.213312954","..",26.4740686565973
"2744","Malaysia","MYS","2011",2.97952e+11,"5.074460321","5.293912834","5.481691612","14.79435317","0.022571575","..",26.4201982366525
"2745","Malaysia","MYS","2010",2.55018e+11,"4.268646639","7.424847383","4.635019884","13.33219531","0.057084449","..",26.2645999678489
"2746","Malaysia","MYS","2009",2.02257e+11,"0.056692316","-1.513528716","3.929013125","14.94050153","-0.093942709","..",26.0328050029165
"2747","Malaysia","MYS","2008",2.30812e+11,"3.280819491","4.831769889","7.126114675","14.66295826","-0.090506412","..",26.1648693632964
"2748","Malaysia","MYS","2007",1.9355e+11,"4.686845783","6.298785927","5.895661192","14.30372284","0.166801289","..",25.9888017139701
"2749","Malaysia","MYS","2006",1.62692e+11,"4.727164848","5.584847067","7.018827094","14.51619698","0.213225633","..",25.8151246797105
"2750","Malaysia","MYS","2005",1.43534e+11,"2.734387349","5.332139161","7.089440628","14.82639106","0.170079783","..",25.6898377778796
"2751","Malaysia","MYS","2004",1.24749e+11,"3.50787262","6.783437724","5.611375302","15.19909376","0.323187053","..",25.5495695555138
"2752","Malaysia","MYS","2003",1.10202e+11,"2.920942095","5.788499286","4.236406666","15.49565512","0.315719813","..",25.4255808823209
"2753","Malaysia","MYS","2002",1.00846e+11,"3.166124323","5.390988307","3.794304018","17.44695509","0.246729285","..",25.3368604376944
"2754","Malaysia","MYS","2001",92783947368,"0.597029318","0.517675319","3.806121917","17.79488881","..","..",25.2535394808274
"2755","Malaysia","MYS","2000",93789736842,"4.038428624","8.85886817","5.003052718","13.6669089","0.286160767","..",25.2643212716418
"2756","Maldives","MDV","2023",6590894302,"11.63476439","4.72639195","..","..","-0.396943331","3",22.6089548821717
"2757","Maldives","MDV","2022",6177118114,"11.84547632","13.82608953","..","..","-0.332713664","3",22.5441176750574
"2758","Maldives","MDV","2021",5252457370,"12.23866599","37.50787","0","19.45324828","-0.314849913","3",22.3819618745153
"2759","Maldives","MDV","2020",3712604583,"11.87068807","-32.90882873","0","20.11218859","-0.285472602","3",22.0349995111835
"2760","Maldives","MDV","2019",5726094799,"16.78347284","6.923059808","0","19.9413849","-0.223864496","3",22.4682995993707
"2761","Maldives","MDV","2018",5404344163,"10.65176478","8.568955597","0","20.14493604","-0.831085265","2.5",22.41046894173
"2762","Maldives","MDV","2017",4816426257,"9.505145292","7.074428717","0","20.69157889","-0.739739716","2.5",22.2952980495496
"2763","Maldives","MDV","2016",4409942624,"10.35476187","6.375283031","0","19.97582564","-0.586512804","3",22.2071275158897
"2764","Maldives","MDV","2015",4129505319,"7.215779382","3.868135336","0","19.65015509","-0.423619926","3",22.1414234592636
"2765","Maldives","MDV","2014",3697353039,"9.016591451","7.860686372","0","19.32300328","-0.316432625","3",22.0308830057147
"2766","Maldives","MDV","2013",3295009238,"10.95038922","6.974962268","0","..","-0.711625934","3",21.9156748085388
"2767","Maldives","MDV","2012",2886163997,"7.898957472","2.389288126","0","..","-0.697819233","3",21.7831941207009
"2768","Maldives","MDV","2011",2774350240,"15.26594075","8.843425945","0","12.07813398","-0.552542269","3",21.7436824089802
"2769","Maldives","MDV","2010",2588176055,"8.363764331","6.785467909","0","8.84762793","-0.539183974","3",21.6742192387056
"2770","Maldives","MDV","2009",2345294875,"6.735340125","-8.34069876","0","9.100667992","-0.667673528","3",21.5756769772079
"2771","Maldives","MDV","2008",2271646188,"7.979034445","8.976454605","0","11.57888281","-0.819709837","2.5",21.5437705985659
"2772","Maldives","MDV","2007",1868383461,"7.088056791","7.133380234","0","12.14744951","-0.859824717","2.5",21.3483394345942
"2773","Maldives","MDV","2006",1575200391,"4.051980515","23.6302721","0","11.75644071","-0.602049053","2.5",21.1776483335116
"2774","Maldives","MDV","2005",1163362438,"4.554996736","-11.17730977","0","11.56937388","-0.428582311","3",20.8745803025178
"2775","Maldives","MDV","2004",1226829563,"4.314674454","5.924892583","0","10.48943585","-0.283400595","..",20.9276990875665
"2776","Maldives","MDV","2003",1052121055,"3.020036091","13.75004966","0","9.420701834","-0.07650464","..",20.7740740159345
"2777","Maldives","MDV","2002",897031250,"2.755600741","7.26838641","0","9.507925449","-0.085250728","..",20.6146012577663
"2778","Maldives","MDV","2001",870031676.8,"2.360954642","-3.943634289","0","9.826307389","..","..",20.584040179065
"2779","Maldives","MDV","2000",624337145.3,"3.573781889","3.845810232","0","13.79611004","-0.233863086","..",20.252201077381
"2780","Mali","MLI","2023",24621545565,"2.853434722","4.71716104","..","..","-0.861831546","2",23.9268877325398
"2781","Mali","MLI","2022",22374051350,"3.19776684","3.50828279","..","..","-0.844119906","2.5",23.8311677024432
"2782","Mali","MLI","2021",22999245263,"2.782457242","3.100941244","0","..","-0.887136936","2.5",23.858727237685
"2783","Mali","MLI","2020",20698560939,"2.59366733","-1.16907501","0","11.9520025","-0.800912976","2.5",23.753330014946
"2784","Mali","MLI","2019",20477421885,"4.19531108","4.999999117","0","12.23705355","-0.704530776","3",23.7425887446721
"2785","Mali","MLI","2018",20368015381,"2.294260792","4.867849999","0","9.780655442","-0.711823046","3",23.7372316339163
"2786","Mali","MLI","2017",18308362040,"3.062794275","5.375547696","0","13.33004229","-0.665663719","3",23.630623734504
"2787","Mali","MLI","2016",16743796800,"2.129006916","6.005063086","0","12.89699297","-0.677658141","3",23.5412936863261
"2788","Mali","MLI","2015",15583181170,"1.768095571","5.974716101","0","11.85336199","-0.704493344","3",23.4694580394733
"2789","Mali","MLI","2014",16943434591,"0.851154649","7.60253469","0","10.72204034","-0.75121516","3",23.5531462559734
"2790","Mali","MLI","2013",15769357573,"1.952780317","2.382125954","0","10.94474178","-0.792306602","3",23.4813344998056
"2791","Mali","MLI","2012",14891957623,"2.671525734","-0.570588589","0","10.85407206","-0.831212103","3",23.424087147331
"2792","Mali","MLI","2011",15506843902,"3.591162058","4.019135255","0","10.51319476","-0.648009062","3.5",23.4645473054851
"2793","Mali","MLI","2010",13196527458,"2.818410873","6.921721886","0","10.44319015","-0.676808715","3.5",23.3032195605658
"2794","Mali","MLI","2009",12592138109,"5.155690873","4.633509848","0","10.54191199","-0.680893421","3.5",23.2563384965569
"2795","Mali","MLI","2008",12262134441,"2.181603759","6.537353952","0","9.497793272","-0.537264764","3.5",23.229781850262
"2796","Mali","MLI","2007",10289243720,"2.005369182","3.875028163","0","10.34970305","-0.426211745","3.5",23.0543648874927
"2797","Mali","MLI","2006",8858863053,"1.674338262","6.654261122","0","10.38061201","-0.479206234","3.5",22.9046842697401
"2798","Mali","MLI","2005",8009875052,"2.001054346","7.504684635","0","10.37389164","-0.50025326","3.5",22.8039409989038
"2799","Mali","MLI","2004",7113132070,"1.194873379","1.559998661","0","10.49503213","-0.677577555","..",22.6852084999372
"2800","Mali","MLI","2003",4714071980,"1.538330294","9.119041995","0","12.76795381","-0.744711637","..",22.273817910754
"2801","Mali","MLI","2002",3908121307,"-0.316548675","3.106308252","0","11.1732839","-0.724597514","..",22.086322611331
"2802","Mali","MLI","2001",3468337942,"6.025897047","15.37623946","0","10.58547675","..","..",21.9669413369073
"2803","Mali","MLI","2000",2961484954,"2.037208497","-0.060834972","0","10.78507803","-0.8785097","..",21.8089566531349
"2804","Malta","MLT","2023",22210718401,"113.2243292","6.796313111","..","21.86985099","0.109746583","..",23.8238408201648
"2805","Malta","MLT","2022",19239187084,"126.0840877","4.26931853","..","22.6195096","0.238765001","..",23.68021502994
"2806","Malta","MLT","2021",19723563355,"433.7509612","13.29978932","0","22.42680113","0.292902559","..",23.7050798673123
"2807","Malta","MLT","2020",16409900599,"191.8605277","-3.358342532","0","22.47828736","0.342483103","..",23.521150684687
"2808","Malta","MLT","2019",16337793531,"198.1995904","4.084706028","0","25.10297467","0.209994376","..",23.5167468824377
"2809","Malta","MLT","2018",16153779511,"452.2210395","7.189096537","0","25.42681987","0.547124088","..",23.5054198846843
"2810","Malta","MLT","2017",14161366733,"299.8249408","12.97211934","0","26.00568002","0.703656733","..",23.3737834412463
"2811","Malta","MLT","2016",12025782885,"23.08401984","4.077719295","0","26.24937861","0.683730662","..",23.2103187556007
"2812","Malta","MLT","2015",11340795033,"32.10273298","9.621097562","0","24.32170534","0.864241838","..",23.1516722415187
"2813","Malta","MLT","2014",11888032862,"1.3112239","7.631129375","0","25.57603462","0.846630216","..",23.1987980892181
"2814","Malta","MLT","2013",10796782634,"4.724164553","6.291715744","0","25.14210333","0.976230741","..",23.102514022435
"2815","Malta","MLT","2012",9609532106,"34.58648952","4.102590303","0","25.29540887","0.935569167","..",22.9860213705019
"2816","Malta","MLT","2011",9789361705,"79.74893016","0.991963675","0","25.41100721","0.758895993","..",23.0045620926912
"2817","Malta","MLT","2010",9097044182,"101.6263957","6.197345169","0","25.13979087","0.784824491","..",22.9312153825405
"2818","Malta","MLT","2009",8734745632,"16.54164994","-1.395342555","0.004179156","25.8974683","0.766730249","..",22.8905746595589
"2819","Malta","MLT","2008",9135419490,"162.4202383","4.410126225","0.006713379","25.66444681","0.987337589","..",22.9354249469043
"2820","Malta","MLT","2007",7908412374,"450.0457959","5.036663951","0.005650904","26.88573609","1.015983105","..",22.7911928873292
"2821","Malta","MLT","2006",6749838862,"370.9035606","2.336122734","0.012132868","25.83328806","1.002685428","..",22.6327844692496
"2822","Malta","MLT","2005",6393234965,"341.0076521","2.880671273","0.010736353","25.3412025","0.816374123","..",22.578506231536
"2823","Malta","MLT","2004",6104141501,"122.3602075","0.407159748","0","23.54125088","0.831408501","..",22.532233312344
"2824","Malta","MLT","2003",5418315225,"16.82210343","3.69426131","0","23.34060753","0.918518543","..",22.41305075998
"2825","Malta","MLT","2002",4455127398,"-11.17356393","2.741120139","0","23.14527508","0.774747252","..",22.2173214940933
"2826","Malta","MLT","2001",4070867153,"10.24079516","-0.756672627","0","22.17095889","..","..",22.1271218734121
"2827","Malta","MLT","2000",4036809865,"18.41021375","19.68126926","0","21.02633411","0.921760798","..",22.1187205796154
"2828","Marshall Islands","MHL","2023",259300000,"0.786529117","-3.934871099","..","..","0.411750495","3.5",19.3734962505089
"2829","Marshall Islands","MHL","2022",253400000,"1.015749803","-1.118067979","..","..","0.385714829","3.5",19.3504798258513
"2830","Marshall Islands","MHL","2021",258900000,"0.192903995","1.222272522","..","..","0.417653382","3.5",19.3719524447218
"2831","Marshall Islands","MHL","2020",241800000,"1.259330485","-2.772887324","..","17.15550041","0.467278957","3.5",19.303621496145
"2832","Marshall Islands","MHL","2019",232900000,"2.217655713","10.45211473","..","18.60089679","0.368371487","3.5",19.2661197348546
"2833","Marshall Islands","MHL","2018",2.2e+08,"4.432750619","5.487179487","..","17.91818182","0.348575413","3.5",19.2091381043166
"2834","Marshall Islands","MHL","2017",213700000,"2.73069606","3.558151885","..","17.62183482","0.768536806","3.5",19.1800837202894
"2835","Marshall Islands","MHL","2016",201800000,"-1.514295069","2.504082744","..","17.3583439","0.705651104","3.5",19.1227876658838
"2836","Marshall Islands","MHL","2015",183700000,"-2.936112411","1.885745979","..","17.35771094","0.64955157","3.5",19.0288145501854
"2837","Marshall Islands","MHL","2014",1.86e+08,"4.864346816","-1.25958379","..","15.85675161","-0.012629051","3.5",19.0412572316775
"2838","Marshall Islands","MHL","2013",186400000,"17.4614535","3.808982376","..","16.48763573","-0.000456766","3.5",19.0434054602158
"2839","Marshall Islands","MHL","2012",180700000,"11.82834079","-1.290684624","..","16.38623077","-0.224154845","3.5",19.0123487555625
"2840","Marshall Islands","MHL","2011",172300000,"-2.542589169","-0.502512563","..","17.03810215","-0.306141883","3.5",18.9647477014982
"2841","Marshall Islands","MHL","2010",161100000,"-5.807990771","5.5391868","..","17.72191372","-0.716677845","..",18.8975358481472
"2842","Marshall Islands","MHL","2009",151200000,"9.688779733","3.665241295","..","18.40196561","-0.689701557","..",18.8341140217097
"2843","Marshall Islands","MHL","2008",146600000,"3.884547555","-7.566346697","..","19.33249318","-0.764792681","..",18.8032183474168
"2844","Marshall Islands","MHL","2007",150500000,"4.642732218","3.68852459","..","..","-0.822250843","..",18.8294736421532
"2845","Marshall Islands","MHL","2006",143200000,"1.310587797","0.175953079","..","..","-0.6469087","..",18.7797528124908
"2846","Marshall Islands","MHL","2005",1.38e+08,"2.376537943","1.791044776","..","..","-0.316166282","..",18.7427642431215
"2847","Marshall Islands","MHL","2004",132900000,"0.869826938","-0.408355471","..","..","..","..",18.7051075236835
"2848","Marshall Islands","MHL","2003",131128500,"-0.878527551","-1.561675105","..","..","..","..",18.6916883164122
"2849","Marshall Islands","MHL","2002",131960000,"0.635798727","3.63579015","..","..","..","..",18.6980094043247
"2850","Marshall Islands","MHL","2001",122406100,"0.603728082","6.930044462","..","..","..","..",18.622854763402
"2851","Marshall Islands","MHL","2000",114838500,"0.643512411","2.454430069","..","..","..","..",18.5590373514808
"2852","Mauritania","MRT","2023",10651709314,"7.964465652","6.507187199","..","..","-0.822652638","3",23.0889862151904
"2853","Mauritania","MRT","2022",9557966698,"14.66442086","6.796005102","..","..","-0.790683806","3",22.9806408528946
"2854","Mauritania","MRT","2021",9222536364,"11.60475278","0.742715395","0","..","-0.84248513","3",22.9449159303929
"2855","Mauritania","MRT","2020",8260752385,"11.23282992","-0.360657384","0","..","-0.815433323","3",22.8347815081035
"2856","Mauritania","MRT","2019",7894764886,"-11.19173438","3.141004893","0","..","-0.866159081","3",22.7894657040966
"2857","Mauritania","MRT","2018",7473550557,"10.34167728","4.772173657","0","..","-0.812440693","3",22.734636032003
"2858","Mauritania","MRT","2017",6800135898,"8.650079992","6.270545669","0.541318938","..","-0.77320534","3",22.6402084339288
"2859","Mauritania","MRT","2016",6398747592,"4.237311147","1.260909231","0.407544889","..","-0.762259603","3",22.5793681194125
"2860","Mauritania","MRT","2015",6166863897,"8.135849504","5.376339241","0.513819838","..","-0.939602792","3",22.5424562631484
"2861","Mauritania","MRT","2014",6592537782,"7.623617042","4.274823288","1.483262004","..","-0.932971299","3",22.6092042072333
"2862","Mauritania","MRT","2013",7223071097,"15.58900286","4.15081319","1.921876195","..","-0.846973956","2.5",22.7005460591066
"2863","Mauritania","MRT","2012",6728208836,"20.6013054","4.470013192","2.34921054","..","-0.793573499","2.5",22.6295747989689
"2864","Mauritania","MRT","2011",6764627746,"8.703354894","4.172783278","2.80489509","..","-0.641656637","2.5",22.6349730705954
"2865","Mauritania","MRT","2010",5628878798,"2.318905677","2.620229481","2.43044512","..","-0.71273458","2.5",22.4511761114857
"2866","Mauritania","MRT","2009",4714595548,"-0.065160202","0.097875914","2.65898185","..","-0.608217955","2.5",22.273928969501
"2867","Mauritania","MRT","2008",5206437194,"6.583593487","-0.331079223","5.461636466","..","-0.785068154","2.5",22.3731616188633
"2868","Mauritania","MRT","2007",4346212355,"3.206765078","-1.96942275","5.944902214","..","-0.576470912","3",22.192570579759
"2869","Mauritania","MRT","2006",3919577286,"3.944344727","18.33319869","11.4339026","..","-0.74640882","2.5",22.0892496497301
"2870","Mauritania","MRT","2005",2936019526,"27.65203613","8.56628732","0","..","-0.535383821","2.5",21.8003205982215
"2871","Mauritania","MRT","2004",2362501023,"17.10484042","4.732757875","0","..","-0.365095526","..",21.582986650348
"2872","Mauritania","MRT","2003",2051147607,"4.970775856","6.928269576","0","..","-0.074341983","..",21.4416652817552
"2873","Mauritania","MRT","2002",1777057481,"3.789430039","1.38148396","0","..","-0.083033614","..",21.2982247328102
"2874","Mauritania","MRT","2001",1746063558,"4.392738149","-0.79949383","0","..","..","..",21.2806296957631
"2875","Mauritania","MRT","2000",1779520886,"2.25319075","-3.918025852","0","..","-0.486816674","..",21.2996099998504
"2876","Mauritius","MUS","2023",14101195733,"5.388346311","5.007813818","..","20.54927963","0.45319736","..",23.3695254344938
"2877","Mauritius","MUS","2022",12907767790,"4.491663155","8.693066753","..","19.08032776","0.420371741","..",23.2810951213555
"2878","Mauritius","MUS","2021",11484348858,"2.204646107","3.403798662","0","18.26439463","0.44236815","..",23.1642509764868
"2879","Mauritius","MUS","2020",11408106446,"1.969372227","-14.54653815","0","20.70623346","0.44104737","..",23.1575900313953
"2880","Mauritius","MUS","2019",14436346980,"3.07610894","2.891284993","0","19.40743808","0.21040377","..",23.3930149591821
"2881","Mauritius","MUS","2018",14735695931,"3.125141644","4.006740572","0","18.40604811","0.1862856","..",23.4135386818138
"2882","Mauritius","MUS","2017",13713506131,"3.500168997","3.937983806","0","17.93264409","0.15634796","..",23.3416470331286
"2883","Mauritius","MUS","2016",12594155464,"3.007461922","3.862468263","0.023469089","17.60779165","0.106664188","..",23.2564986912277
"2884","Mauritius","MUS","2015",12007291046,"1.802697954","3.690556904","0.026841018","8.758005968","0.223563492","..",23.2087798893947
"2885","Mauritius","MUS","2014",13074129952,"3.48445481","3.82696982","0.082307166","18.08385642","0.317739755","..",23.2939013018153
"2886","Mauritius","MUS","2013",12292974141,"2.386478297","3.3604061","0.075948512","18.12260374","0.251939684","..",23.2322937280745
"2887","Mauritius","MUS","2012",11668696397,"5.047850077","3.496118365","0.093025372","18.62170749","0.252168298","..",23.1801755715212
"2888","Mauritius","MUS","2011",11518413430,"3.76207203","4.077538066","0.109303421","18.00451841","0.463920891","..",23.1672127596392
"2889","Mauritius","MUS","2010",10003670690,"4.297840296","4.377203223","0.090587863","18.01671337","0.482350141","..",23.0262179315871
"2890","Mauritius","MUS","2009",9128843109,"2.811755101","3.315076998","0","18.07301307","0.46592325","..",22.934704810381
"2891","Mauritius","MUS","2008",9990356674,"3.78089342","5.386962542","0","16.96721946","0.440310746","..",23.0248861320726
"2892","Mauritius","MUS","2007",8150150209,"4.18107452","5.72701616","0","15.10546176","0.350999236","..",22.8213021945815
"2893","Mauritius","MUS","2006",7028810681,"1.518863773","4.865544608","0","16.02867142","0.273244053","..",22.6732833507897
"2894","Mauritius","MUS","2005",6576108447,"0.635284471","1.77754302","0","17.02713167","0.219137654","..",22.6067089858964
"2895","Mauritius","MUS","2004",6667418752,"0.208397536","4.330019855","0","16.02451103","0.152764663","..",22.6204986282694
"2896","Mauritius","MUS","2003",5894873920,"1.062459794","5.925445489","0","15.88149715","0.192945927","..",22.4973489830904
"2897","Mauritius","MUS","2002",4906494249,"0.653687021","1.614918659","0","14.80718303","0.328717023","..",22.3138255214915
"2898","Mauritius","MUS","2001",4675755867,"-0.591895011","3.347540727","0","14.93965193","..","..",22.2656566693986
"2899","Mauritius","MUS","2000",4726108622,"5.62071803","8.202791749","0","16.72843033","0.198928252","..",22.2763679993657
"2900","Mexico","MEX","2023",1.7938e+12,"1.70835762","3.295390957","..","14.22934144","-1.020578742","..",28.2153573906303
"2901","Mexico","MEX","2022",1.46646e+12,"2.668125656","3.710988931","..","13.40840376","-1.012086034","..",28.0138724491651
"2902","Mexico","MEX","2021",1.31657e+12,"2.692330451","6.048483457","2.065943747","13.41126212","-1.020639896","..",27.9060509857567
"2903","Mexico","MEX","2020",1.12106e+12,"2.813184048","-8.354034566","0.867384555","13.89751345","-0.921630204","..",27.7452957822258
"2904","Mexico","MEX","2019",1.30411e+12,"2.296393436","-0.392690505","1.582295845","12.78774861","-0.917449772","..",27.8965419317035
"2905","Mexico","MEX","2018",1.2563e+12,"3.013387541","1.972082077","2.207351502","12.7121573","-0.949163556","..",27.8591920089568
"2906","Mexico","MEX","2017",1.19072e+12,"2.781073526","1.871728542","1.556244127","12.68743173","-0.952429533","..",27.8055792821047
"2907","Mexico","MEX","2016",1.11223e+12,"3.497423488","1.772493234","1.237195316","13.12378561","-0.850662291","..",27.737388124902
"2908","Mexico","MEX","2015",1.21329e+12,"2.987825528","2.702323448","1.546073391","12.34597578","-0.888967395","..",27.8243567939856
"2909","Mexico","MEX","2014",1.36451e+12,"2.084144293","2.503763499","3.901436187","10.24285504","-0.84301883","..",27.9418165057598
"2910","Mexico","MEX","2013",1.32744e+12,"3.836702384","0.85210155","4.595084539","9.883610121","-0.591898561","..",27.9142733913009
"2911","Mexico","MEX","2012",1.25511e+12,"1.452589151","3.553210755","5.402654151","9.352411064","-0.484527588","..",27.8582443340737
"2912","Mexico","MEX","2011",1.22901e+12,"1.944223013","3.444045063","5.729907931","9.617072145","-0.474737763","..",27.8372300831758
"2913","Mexico","MEX","2010",1.10542e+12,"2.761422186","4.971334578","4.085318939","9.675317455","-0.439748138","..",27.7312464691799
"2914","Mexico","MEX","2009",9.43437e+11,"2.083037849","-6.295250567","3.436044045","9.234604861","-0.365960121","..",27.5727954268706
"2915","Mexico","MEX","2008",1.16155e+12,"2.561570121","0.943331873","6.044365623","9.578771528","-0.309849888","..",27.7807764360134
"2916","Mexico","MEX","2007",1.10236e+12,"2.81398718","2.07786394","5.08084055","..","-0.341457367","..",27.7284744520773
"2917","Mexico","MEX","2006",1.02027e+12,"2.168926541","4.805013517","5.538002579","..","-0.325125188","..",27.6510884140787
"2918","Mexico","MEX","2005",9.17572e+11,"2.742201342","2.113247115","5.198546362","..","-0.344179541","..",27.5449968879106
"2919","Mexico","MEX","2004",8.19459e+11,"3.068210352","3.565441026","3.913115493","..","-0.389334857","..",27.4319102033723
"2920","Mexico","MEX","2003",7.6555e+11,"2.37188032","1.185544867","3.172501564","..","-0.241587132","..",27.3638603666975
"2921","Mexico","MEX","2002",8.10666e+11,"2.486857501","-0.236588002","2.56123108","..","-0.250572264","..",27.4211219689956
"2922","Mexico","MEX","2001",7.96065e+11,"3.776078057","-0.450845253","2.392657783","..","..","..",27.4029466777484
"2923","Mexico","MEX","2000",7.42061e+11,"2.477192125","5.029283994","3.338373273","9.132295413","-0.073860303","..",27.3326972869773
"2924","Micronesia, Fed. Sts.","FSM","2023",443916782.3,"..","0.482147762","..","..","0.783704281","3.5",19.9111476755776
"2925","Micronesia, Fed. Sts.","FSM","2022",415956896.5,"..","-2.905865806","..","..","0.483295739","3.5",19.8460921986745
"2926","Micronesia, Fed. Sts.","FSM","2021",391601947,"..","3.099704573","..","..","0.563497782","3.5",19.7857564405184
"2927","Micronesia, Fed. Sts.","FSM","2020",372902690,"..","-1.672954171","..","7.031154695","0.874902904","3.5",19.7368280588533
"2928","Micronesia, Fed. Sts.","FSM","2019",3.94e+08,"..","4.081632653","..","19.91372183","0.710593283","3.5",19.7918614672622
"2929","Micronesia, Fed. Sts.","FSM","2018",3.92e+08,"..","0","..","25.83468444","0.672313213","3.5",19.7867723977547
"2930","Micronesia, Fed. Sts.","FSM","2017",3.59e+08,"..","0.823045267","..","10.63015125","0.768536806","3.5",19.6988329464526
"2931","Micronesia, Fed. Sts.","FSM","2016",3.25e+08,"..","0.484101802","..","6.137696308","0.705651104","3.5",19.599335740294
"2932","Micronesia, Fed. Sts.","FSM","2015",316489900,"..","4.621884004","..","5.418243679","0.678406954","3.5",19.5728018875069
"2933","Micronesia, Fed. Sts.","FSM","2014",319271200,"6.329822421","-2.305775745","..","12.54406661","0.814282","3.5",19.5815514563104
"2934","Micronesia, Fed. Sts.","FSM","2013",317214400,"..","-3.679767791","..","5.466541557","-0.179501384","3.5",19.5750884439203
"2935","Micronesia, Fed. Sts.","FSM","2012",327248700,"..","-1.866819755","..","4.891801556","-0.12400189","3.5",19.6062309902483
"2936","Micronesia, Fed. Sts.","FSM","2011",311301600,"..","3.188574755","..","4.964073105","-0.344322592","3",19.5562727751352
"2937","Micronesia, Fed. Sts.","FSM","2010",296944100,"..","2.259389956","..","4.661135884","-0.259419352","..",19.509054463564
"2938","Micronesia, Fed. Sts.","FSM","2009",280284600,"..","1.093099241","..","4.396016049","-0.219170406","..",19.4513160734912
"2939","Micronesia, Fed. Sts.","FSM","2008",263145100,"..","-2.408492587","..","4.288016383","-0.217524931","..",19.3882161490321
"2940","Micronesia, Fed. Sts.","FSM","2007",256787200,"..","-1.836185294","..","..","-0.24031949","..",19.3637582843011
"2941","Micronesia, Fed. Sts.","FSM","2006",253541900,"..","-0.081055293","..","..","-0.104157448","..",19.3510396533333
"2942","Micronesia, Fed. Sts.","FSM","2005",250281900,"..","2.041867164","..","..","-0.12089359","..",19.3380984405631
"2943","Micronesia, Fed. Sts.","FSM","2004",240236000,"..","-3.080153047","..","..","0.32329455","..",19.2971323314841
"2944","Micronesia, Fed. Sts.","FSM","2003",245432900,"..","1.572115067","..","..","..","..",19.3185341480846
"2945","Micronesia, Fed. Sts.","FSM","2002",242517200,"..","0.546997672","..","..","..","..",19.3065831936616
"2946","Micronesia, Fed. Sts.","FSM","2001",240970900,"..","2.167602441","..","..","..","..",19.3001867372765
"2947","Micronesia, Fed. Sts.","FSM","2000",233271800,"..","4.833903786","..","..","..","..",19.2677148552751
"2948","Moldova","MDA","2023",16711906746,"2.137398236","1.2","..","18.58502703","-0.280338466","..",23.5393872811229
"2949","Moldova","MDA","2022",14525337524,"4.034467351","-4.6","..","18.92100495","-0.34223628","..",23.3991603768671
"2950","Moldova","MDA","2021",13691869264,"2.820067827","13.92999979","0.011706964","18.38811637","-0.469503224","..",23.3400680092194
"2951","Moldova","MDA","2020",11530746234,"1.350476342","-8.27597832","0.006190894","17.90989849","-0.586998105","..",23.1682828902085
"2952","Moldova","MDA","2019",11736797055,"4.44218297","3.552314085","0.010251132","17.65629013","-0.650996447","2.5",23.1859947908695
"2953","Moldova","MDA","2018",11252353421,"2.751779903","4.075595466","0.01276358","18.01408374","-0.758018732","2.5",23.1438431366968
"2954","Moldova","MDA","2017",9514404016,"1.571511991","4.175612051","0.0092365","17.72739043","-0.834933341","2.5",22.9760726994743
"2955","Moldova","MDA","2016",7980917076,"1.095613439","4.646014363","0.008621965","16.43011832","-0.990662038","2.5",22.8003191636096
"2956","Moldova","MDA","2015",7797667197,"2.896635549","-0.338235622","0.013644617","16.29096809","-0.94736445","2.5",22.7770904486017
"2957","Moldova","MDA","2014",9402090138,"3.678969197","4.999625854","0.029966046","16.82879915","-0.854309618","3",22.9641978566115
"2958","Moldova","MDA","2013",9496717876,"2.546985213","9.043865607","0.039892212","15.469636","-0.753976941","3.5",22.9742120891218
"2959","Moldova","MDA","2012",8709138635,"2.884326574","-0.589733955","0.052012165","15.59534634","-0.614259124","3.5",22.8876387291203
"2960","Moldova","MDA","2011",8414352020,"4.431476115","5.818166147","0.065815104","15.24032722","-0.625150502","3.5",22.8532046586534
"2961","Moldova","MDA","2010",6974982370,"4.258792127","7.100000107","0.041012146","15.16064072","-0.671865046","3",22.6655956370521
"2962","Moldova","MDA","2009",5439434272,"4.852710536","-6.000000264","0.07090392","17.68531332","-0.701457858","3",22.4169408982889
"2963","Moldova","MDA","2008",6054824248,"12.00051348","7.800000145","0.104253032","20.44594895","-0.634429693","3",22.5241211876012
"2964","Moldova","MDA","2007",4401173152,"12.17902549","3.000000226","0.051933177","20.56653565","-0.660764515","3",22.2051369677869
"2965","Moldova","MDA","2006",3408255451,"7.589806684","4.799999837","0.02981506","19.57121151","-0.643211901","3",21.9494663993837
"2966","Moldova","MDA","2005",2988342907,"6.381463103","7.500000149","0.037572959","18.48533942","-0.672625899","3",21.8179848590112
"2967","Moldova","MDA","2004",2598249556,"5.811989832","7.399999734","0.022488589","16.35739261","-1.039575577","..",21.6781038075485
"2968","Moldova","MDA","2003",1980907435,"3.723041204","6.599999958","0.023068303","14.67287013","-0.884173095","..",21.4068208771703
"2969","Moldova","MDA","2002",1661818168,"5.057713389","7.799999658","0.024615865","12.88135437","-0.980350196","..",21.2311781218589
"2970","Moldova","MDA","2001",1480673594,"6.986009639","6.100000399","0.027932953","12.17120031","..","..",21.1157629522628
"2971","Moldova","MDA","2000",1288429392,"9.898873839","2.107716082","0.046229395","14.72574961","-0.623196244","..",20.9766897879522
"2972","Monaco","MCO","2023",9995350547,"..","5.043382592","..","..","1.251356125","..",23.0253858765199
"2973","Monaco","MCO","2022",8800430486,"..","11.04693943","..","..","1.270272374","..",22.8980664760977
"2974","Monaco","MCO","2021",8623242743,"..","22.23221559","..","..","1.279687047","..",22.877727039164
"2975","Monaco","MCO","2020",6730736283,"..","-13.23910483","..","..","1.265453935","..",22.6299503777393
"2976","Monaco","MCO","2019",7383496254,"..","7.12088952","..","..","1.780229092","..",22.7225131105305
"2977","Monaco","MCO","2018",7184333936,"..","5.697901212","..","..","1.780649662","..",22.6951686501622
"2978","Monaco","MCO","2017",6430254653,"..","-3.206183238","..","..","1.762287259","..",22.5842799782998
"2979","Monaco","MCO","2016",6471290794,"..","3.008443588","..","..","1.740128279","..",22.5906414300431
"2980","Monaco","MCO","2015",6264756528,"..","4.910371765","..","..","1.731615186","..",22.5582055622887
"2981","Monaco","MCO","2014",7070017324,"..","7.187027775","..","..","..","..",22.6791287672055
"2982","Monaco","MCO","2013",6555591710,"..","9.577098324","..","..","..","..",22.6035842185854
"2983","Monaco","MCO","2012",5742749294,"..","1.012218412","..","..","..","..",22.471203903688
"2984","Monaco","MCO","2011",6088689808,"..","7.022356946","..","..","..","..",22.5296987572632
"2985","Monaco","MCO","2010",5367561570,"..","2.065219627","..","..","..","..",22.403639558541
"2986","Monaco","MCO","2009",5474379252,"..","-11.33698658","..","..","..","..",22.423344727591
"2987","Monaco","MCO","2008",6502942245,"..","0.746871215","..","..","..","..",22.5955205645084
"2988","Monaco","MCO","2007",5875790766,"..","14.43751444","..","..","..","..",22.4941064863872
"2989","Monaco","MCO","2006",4586826513,"..","5.817648497","..","..","..","..",22.2464542303943
"2990","Monaco","MCO","2005",4204652899,"..","1.895414109","..","..","..","..",22.1594575821367
"2991","Monaco","MCO","2004",4043551489,"..","2.470482605","..","..","..","..",22.1203892241893
"2992","Monaco","MCO","2003",3597089751,"..","1.087536547","..","..","..","..",22.003390952975
"2993","Monaco","MCO","2002",2919647982,"..","1.026497573","..","..","..","..",21.7947288918498
"2994","Monaco","MCO","2001",2673723034,"..","2.18773369","..","..","..","..",21.7067377328495
"2995","Monaco","MCO","2000",2654462665,"..","3.910229928","..","..","..","..",21.6995080850935
"2996","Mongolia","MNG","2023",20325121394,"11.05810699","7.422112762","..","..","-0.492604405","..",23.735123465007
"2997","Mongolia","MNG","2022",17146471714,"14.60530651","5.032709637","..","..","-0.561183453","..",23.5650582584307
"2998","Mongolia","MNG","2021",15286441738,"14.21773194","1.636769577","1.497155737","16.90884952","-0.553672433","..",23.4502321115571
"2999","Mongolia","MNG","2020",13312981429,"12.91307999","-4.557751976","0.567774921","14.14578723","-0.494853646","..",23.3120054434429
"3000","Mongolia","MNG","2019",14206359018,"17.19893952","5.602244221","1.443917219","16.85052092","-0.45575434","3",23.376955519482
"3001","Mongolia","MNG","2018",13178094720,"14.80887971","7.74488062","2.225740653","16.68852831","-0.449105561","3",23.3018217971493
"3002","Mongolia","MNG","2017",11480847741,"13.01602806","5.636876387","1.749820781","13.54690845","-0.47592327","3.5",23.1639460701463
"3003","Mongolia","MNG","2016",11181350649,"-37.17265323","1.489784487","1.446925687","11.35099345","-0.509957373","3.5",23.1375131067683
"3004","Mongolia","MNG","2015",11619892591,"0.811709461","2.379835807","1.716578238","11.89413792","-0.517774403","3.5",23.1759843448679
"3005","Mongolia","MNG","2014",12226514668,"2.762588336","7.885225482","3.63584892","12.90163424","-0.472313285","3.5",23.2268727638554
"3006","Mongolia","MNG","2013",12582122604,"16.37007552","11.64891619","2.727859083","15.73120804","-0.478146493","3.5",23.2555428024435
"3007","Mongolia","MNG","2012",12292770632,"34.75598261","12.31981985","2.129882324","15.31214218","-0.535095811","3.5",23.2322771730341
"3008","Mongolia","MNG","2011",10409797378,"43.91211276","17.29077759","1.921312271","18.46699109","-0.696974516","3.5",23.0660132552148
"3009","Mongolia","MNG","2010",7189481999,"23.52633655","6.365161679","1.517280635","19.59311925","-0.733134985","3",22.6958849614387
"3010","Mongolia","MNG","2009",4583850368,"13.60448462","-1.268598936","1.347087487","16.5402944","-0.761497498","3",22.2458051735922
"3011","Mongolia","MNG","2008",5623216608,"15.021615","8.900367941","1.36774432","21.65181536","-0.664763153","3",22.4501696873001
"3012","Mongolia","MNG","2007",4234999704,"8.801887274","10.24801636","0.918313209","23.47917648","-0.613750696","3",22.1666490951567
"3013","Mongolia","MNG","2006",3414055662,"7.189689458","8.556234817","0.498974379","28.70997468","-0.587645471","2.5",21.9511667652279
"3014","Mongolia","MNG","2005",2523471601,"7.434995501","7.253665438","0.305156748","..","-0.604816973","2.5",21.6489014098671
"3015","Mongolia","MNG","2004",1992066808,"4.664502196","10.62540596","0.27118802","..","-0.269411176","..",21.412438533699
"3016","Mongolia","MNG","2003",1595297356,"8.245484738","7.004634574","0.196826822","18.03874557","-0.221844956","..",21.1903259859013
"3017","Mongolia","MNG","2002",1396555720,"5.567339626","4.732978466","0.148943183","13.36924022","0.025880625","..",21.0572748423029
"3018","Mongolia","MNG","2001",1267997934,"4.968462353","2.952710543","0.085125703","14.66205919","..","..",20.9607050636226
"3019","Mongolia","MNG","2000",1136896124,"4.723122798","1.146062137","0.119407655","13.9101607","-0.266555637","..",20.8515676878227
"3020","Montenegro","MNE","2023",7530593375,"6.983101208","6.337697542","..","..","-0.079309873","..",22.7422396771144
"3021","Montenegro","MNE","2022",6229801581,"14.0062013","6.406680329","..","..","-0.118748672","..",22.5526103202819
"3022","Montenegro","MNE","2021",5861427505,"11.83569694","13.04346425","0","..","-0.04408969","..",22.4916590124051
"3023","Montenegro","MNE","2020",4769996866,"11.13004948","-15.30689376","0","..","-0.043737181","..",22.2856114848234
"3024","Montenegro","MNE","2019",5542054181,"7.534929224","4.062944992","0","..","-0.030203432","..",22.4356310597739
"3025","Montenegro","MNE","2018",5506942238,"8.8189254","5.077888811","0","..","-0.014757774","..",22.4292753583394
"3026","Montenegro","MNE","2017",4856599481,"11.54440306","4.716465276","0","..","-0.084976211","..",22.3036043346903
"3027","Montenegro","MNE","2016",4376930578,"5.179483701","2.949280321","0","..","-0.082080118","..",22.1996135343942
"3028","Montenegro","MNE","2015",4054730078,"17.26022897","3.390381397","0","..","-0.123520963","..",22.1231499570701
"3029","Montenegro","MNE","2014",4593853291,"10.81866301","1.783698581","0","..","-0.075530872","..",22.2479850057883
"3030","Montenegro","MNE","2013",4465772400,"9.997307475","3.548979912","0","..","-0.287302703","..",22.2197080262355
"3031","Montenegro","MNE","2012",4087526242,"15.12226374","-2.723790771","0","..","-0.129764125","..",22.1312057932103
"3032","Montenegro","MNE","2011",4544428421,"12.24932942","3.228451021","0","..","-0.222925067","..",22.2371677967114
"3033","Montenegro","MNE","2010",4142983843,"18.30213265","2.734331082","0","..","-0.253896862","..",22.144682100203
"3034","Montenegro","MNE","2009",4159330370,"37.27248349","-5.795096995","0","..","-0.219349295","..",22.1486199295127
"3035","Montenegro","MNE","2008",4545674528,"21.45494086","7.222752592","0","..","-0.239523485","..",22.2374419645651
"3036","Montenegro","MNE","2007",3680711744,"25.46675154","6.810150125","0","..","-0.381186187","..",22.0263719791219
"3037","Montenegro","MNE","2006",2721903149,"..","8.56641803","0","..","-0.383750975","..",21.7245971597197
"3038","Montenegro","MNE","2005",2257174481,"..","4.180604509","0","..","-0.354254246","..",21.5373796383955
"3039","Montenegro","MNE","2004",2073234418,"..","4.426050717","..","..","-0.467464656","..",21.4523757455312
"3040","Montenegro","MNE","2003",1707710053,"..","2.482659229","..","..","-0.411994487","..",21.2584191597055
"3041","Montenegro","MNE","2002",1284685051,"..","1.903936733","..","..","-0.156703547","..",20.9737794287545
"3042","Montenegro","MNE","2001",1159869246,"..","1.099838709","..","..","..","..",20.8715731167459
"3043","Montenegro","MNE","2000",984293043.8,"..","3.100000059","..","..","-0.177505895","..",20.7074342194201
"3044","Morocco","MAR","2023",1.44417e+11,"0.758899868","3.403341301","..","20.97642683","-0.536348581","..",25.6959707850075
"3045","Morocco","MAR","2022",1.30952e+11,"1.7520598","1.52720358","..","22.10852292","-0.387477547","..",25.5980966807885
"3046","Morocco","MAR","2021",1.42022e+11,"1.594223214","8.154738898","0.001011185","19.66520564","-0.418993622","..",25.6792478121248
"3047","Morocco","MAR","2020",1.21354e+11,"1.169073346","-7.178207442","0.000839573","20.02211205","-0.409950465","..",25.5219777310809
"3048","Morocco","MAR","2019",1.2892e+11,"1.334797896","2.890974761","0.001372371","19.91442794","-0.333868355","..",25.5824578938936
"3049","Morocco","MAR","2018",1.27341e+11,"2.783379368","3.06564133","0.001754869","20.28612138","-0.289455205","..",25.5701343644964
"3050","Morocco","MAR","2017",1.18541e+11,"2.260921961","5.057898162","0.001310784","20.12970123","-0.199466482","..",25.4985247292415
"3051","Morocco","MAR","2016",1.11573e+11,"1.930005403","0.521185506","0.001132811","19.86725776","-0.190850571","..",25.4379449221386
"3052","Morocco","MAR","2015",1.10414e+11,"2.946111084","4.344582976","0.001427309","19.43746509","-0.286832571","..",25.4275027743437
"3053","Morocco","MAR","2014",1.19131e+11,"2.959254355","2.71924408","0.002720076","20.35361775","-0.305471539","..",25.5034895649137
"3054","Morocco","MAR","2013",1.15739e+11,"2.90386264","4.122212869","0.005358179","20.62786901","-0.423477381","..",25.4746034929995
"3055","Morocco","MAR","2012",1.06937e+11,"2.657587126","3.062343685","0.005284525","21.96528411","-0.493130356","..",25.3955057129596
"3056","Morocco","MAR","2011",1.10081e+11,"2.290468405","5.524645233","0.007268659","21.45346087","-0.452251226","..",25.4244822953925
"3057","Morocco","MAR","2010",1.00865e+11,"1.229982458","3.499557094","0.005468774","21.08896409","-0.231423751","..",25.3370488260327
"3058","Morocco","MAR","2009",1.01155e+11,"1.947827443","3.745769401","0.003258374","21.54148401","-0.367966145","..",25.3399198308758
"3059","Morocco","MAR","2008",1.01823e+11,"2.422135089","5.684539363","0.006164421","24.06877109","-0.433665723","..",25.3465018487461
"3060","Morocco","MAR","2007",86947913287,"3.249993323","3.441067767","0.006488865","21.73147478","-0.386843711","..",25.1885750784593
"3061","Morocco","MAR","2006",75883823301,"3.242834977","7.79082001","0.006236829","19.40359092","-0.476106465","..",25.0524693668931
"3062","Morocco","MAR","2005",68852658069,"2.426354676","3.19224973","0.004020702","18.99004931","-0.425059497","..",24.9552346680425
"3063","Morocco","MAR","2004",66114145451,"1.351186477","4.571380165","0.004476762","17.11632532","-0.243782789","..",24.9146485616807
"3064","Morocco","MAR","2003",58029363354,"3.985619848","6.17110215","0.003518331","16.85825073","-0.319970191","..",24.7842149841082
"3065","Morocco","MAR","2002",47077192188,"1.020357578","3.730197375","0.004820943","17.11157403","-0.240059301","..",24.5750544783926
"3066","Morocco","MAR","2001",43831480208,"6.444129284","7.721825196","0.00389679","..","..","..",24.5036181223789
"3067","Morocco","MAR","2000",43017455402,"0.991581859","2.582180915","0.006312725","..","-0.233573437","..",24.4848718098502
"3068","Mozambique","MOZ","2023",20954220984,"12.8065189","5.436859123","..","..","-0.828437746","2",23.7656059419703
"3069","Mozambique","MOZ","2022",18883528581,"16.00429471","4.364450744","..","22.66159088","-0.835754335","2",23.6615558753811
"3070","Mozambique","MOZ","2021",16168055475,"32.75221385","2.377435728","0.079312566","22.74775571","-0.832316101","2",23.5063032482022
"3071","Mozambique","MOZ","2020",14235420174,"22.39443703","-1.2195225","0.047354534","21.52670294","-0.787528455","2",23.378999074206
"3072","Mozambique","MOZ","2019",15512759047,"21.78419149","2.317813948","0.08214376","26.68286006","-0.872100949","2.5",23.4649286865803
"3073","Mozambique","MOZ","2018",15017358953,"11.17414318","3.484932024","0.110256739","21.19263684","-0.809045613","2.5",23.4324726324687
"3074","Mozambique","MOZ","2017",13264640646,"17.48311193","2.638207373","0.087296093","22.11208495","-0.857399106","2.5",23.3083677337809
"3075","Mozambique","MOZ","2016",12069051237,"25.91877246","4.696990242","0.063324809","20.07676221","-0.902741551","2.5",23.2139102639125
"3076","Mozambique","MOZ","2015",16208985770,"23.86549004","7.393093699","0.050045182","20.00648452","-0.779485106","2.5",23.5088316025687
"3077","Mozambique","MOZ","2014",17978246586,"27.80471004","7.702568448","0.114254491","23.96538388","-0.669842422","3",23.6124283409898
"3078","Mozambique","MOZ","2013",17198073057,"38.94286534","6.571413897","0.260362394","21.54065214","-0.602838695","3",23.56806318292
"3079","Mozambique","MOZ","2012",16688114144,"33.7671028","7.994503161","0.239401569","18.62877783","-0.569021642","3",23.5379625750664
"3080","Mozambique","MOZ","2011",14619279989,"25.06236368","7.134058423","0.208892298","16.79952951","-0.4961963","3",23.4056070416969
"3081","Mozambique","MOZ","2010",11411894724,"11.02755614","6.679729357","0.144007603","14.34661003","-0.436986297","3",23.1579220452288
"3082","Mozambique","MOZ","2009",12263894790,"7.584054036","5.928971875","0.077844641","..","-0.428717107","3",23.229925399712
"3083","Mozambique","MOZ","2008",12920340965,"4.964260754","6.878029426","0.481285903","..","-0.487182707","3",23.2820687254325
"3084","Mozambique","MOZ","2007",10811456006,"3.854146455","7.649353938","0.371732318","..","-0.512877285","3",23.1038721501844
"3085","Mozambique","MOZ","2006",9509835537,"2.640862182","9.910677568","0.367820818","..","-0.618245721","3",22.9755924196633
"3086","Mozambique","MOZ","2005",8868504900,"1.380320099","6.31202378","0.23214889","..","-0.534635305","3",22.9057720621271
"3087","Mozambique","MOZ","2004",7937255565,"5.990906631","8.204704948","0.078487317","..","-0.613359034","..",22.7948334057304
"3088","Mozambique","MOZ","2003",6583526861,"5.114255735","7.217700866","0","..","-0.64217937","..",22.607836435801
"3089","Mozambique","MOZ","2002",5950769427,"5.835427406","9.668505347","0","..","-0.499133259","..",22.5067863636056
"3090","Mozambique","MOZ","2001",5650154067,"4.520858847","12.85168202","0","..","..","..",22.4549486502286
"3091","Mozambique","MOZ","2000",5930685215,"2.348801107","0.766234956","0","..","-0.534364283","..",22.5034055938708
"3092","Myanmar","MMR","2023",66757619000,"2.277151317","0.958446625","..","..","-1.216499329","1.5",24.9243342700351
"3093","Myanmar","MMR","2022",62253049892,"1.989460761","4.037493436","..","..","-1.151525855","1.5",24.85447336534
"3094","Myanmar","MMR","2021",66345291160,"3.114925617","-12.01637248","0.062797023","..","-1.048220873","1.5",24.9181386255001
"3095","Myanmar","MMR","2020",79006113643,"2.413932229","-9.04834718","0.025900671","..","-0.679686844","2.5",25.0927910743052
"3096","Myanmar","MMR","2019",75065106228,"2.312112112","6.579110068","0.1013847","6.017652477","-0.644901872","2.5",25.0416216569566
"3097","Myanmar","MMR","2018",67860515990,"2.605632299","6.268862215","0.156814347","2.756971253","-0.612662673","2.5",24.9407202000166
"3098","Myanmar","MMR","2017",66053040483,"7.273355552","6.136108244","0.152347683","6.077742329","-0.590482652","2.5",24.913723899906
"3099","Myanmar","MMR","2016",63298361996,"5.178801325","5.862472915","0.103530841","7.175859836","-0.641822934","3",24.8711252889213
"3100","Myanmar","MMR","2015",59607290408,"6.851240987","6.99284029","0.146604102","6.01128504","-0.853926837","3",24.8110437258188
"3101","Myanmar","MMR","2014",65531374200,"3.319044214","8.169907456","0.528936281","5.840928925","-0.884396434","3",24.9057948603258
"3102","Myanmar","MMR","2013",60269732855,"3.740856079","8.426001025","0.661094842","5.529567589","-1.00620079","2.5",24.822095871961
"3103","Myanmar","MMR","2012",59937796648,"2.225400685","7.332670447","0.771527109","4.524093697","-1.069791675","..",24.8165731388667
"3104","Myanmar","MMR","2011",59977326086,"4.201276512","5.591482378","1.006438836","..","-1.594689012","..",24.8172324291802
"3105","Myanmar","MMR","2010",49540813342,"1.818972023","9.634439452","0.976336261","..","-1.672808766","..",24.6260626787574
"3106","Myanmar","MMR","2009",36906181381,"2.92355416","10.5500091","0.716107931","..","-1.659667373","..",24.3316448910637
"3107","Myanmar","MMR","2008",31862554102,"2.71127181","10.25530539","2.153345454","..","-1.615746021","..",24.1846973046307
"3108","Myanmar","MMR","2007",20182477481,"3.517516697","11.99143524","2.310164836","..","-1.625574231","..",23.7280806134642
"3109","Myanmar","MMR","2006",14502553710,"1.901821283","13.07610138","3.198856844","..","-1.659772635","..",23.397590588797
"3110","Myanmar","MMR","2005",11986972419,"1.959663965","13.56895002","2.914945285","3.881778356","-1.540683031","..",23.2070862652594
"3111","Myanmar","MMR","2004",10567354056,"2.000162896","13.56466162","1.745053333","3.272456656","-1.649900556","..",23.081035279664
"3112","Myanmar","MMR","2003",10467109978,"2.377757667","13.84399689","1.367740974","2.210411864","-1.472589135","..",23.0715037948816
"3113","Myanmar","MMR","2002",6777632512,"2.220705026","12.02551343","1.349493355","2.00104717","-1.303026319","..",22.6368936908981
"3114","Myanmar","MMR","2001",6477790688,"3.215657535","11.34399707","0.9786584","2.257140411","..","..",22.5916453459664
"3115","Myanmar","MMR","2000",8905066164,"2.86117768","13.74593056","1.328477705","2.966507458","-1.361532331","..",22.9098861836436
"3116","Namibia","NAM","2023",12408271448,"18.49069952","4.442806038","..","32.9629021","0.110072032","..",23.241629139435
"3117","Namibia","NAM","2022",12569449123,"8.401668938","5.398724762","..","27.16683985","0.215130419","..",23.2545350338468
"3118","Namibia","NAM","2021",12402486184,"6.775148977","3.603829192","0","28.06398659","0.220228925","..",23.2411627881699
"3119","Namibia","NAM","2020",10583748542,"-1.418899553","-8.101402014","0","31.20591107","0.268673807","..",23.0825855051624
"3120","Namibia","NAM","2019",12541928303,"-1.407106286","-0.839152163","0","30.39309519","0.312310964","..",23.2523431324985
"3121","Namibia","NAM","2018",13682019076,"1.712998083","1.059939499","0","28.93171391","0.306939095","..",23.3393483315249
"3122","Namibia","NAM","2017",12895153371,"2.175057302","-1.027248089","0","31.30769663","0.261462808","..",23.2801173700438
"3123","Namibia","NAM","2016",10722018732,"3.345704373","0.03379445","0","29.67346384","0.280629367","..",23.0955652894123
"3124","Namibia","NAM","2015",11335161084,"7.40068056","4.264174538","0","33.42238687","0.270016462","..",23.1511753320092
"3125","Namibia","NAM","2014",12435430970,"3.583166912","6.09251916","0","34.6286881","0.261380643","..",23.2438155714219
"3126","Namibia","NAM","2013",12043307277,"6.452327658","5.614719623","0","32.98071934","0.303884655","..",23.2117749298872
"3127","Namibia","NAM","2012",13042053592,"7.98613045","5.06168207","0","32.93275144","0.321495771","..",23.2914448650947
"3128","Namibia","NAM","2011",12523359441,"6.416813223","5.091338139","0","29.55059042","0.277477235","..",23.2508614925839
"3129","Namibia","NAM","2010",11431412421,"2.515253267","6.03924948","0","25.54231598","0.315519512","..",23.1596308785099
"3130","Namibia","NAM","2009",8938847189,"9.274735945","0.295970914","0","29.07230526","0.269764304","..",22.9136724680408
"3131","Namibia","NAM","2008",8607431497,"8.718353721","2.649812038","0","29.70119352","0.641149759","..",22.8758917946207
"3132","Namibia","NAM","2007",8839536476,"7.570339295","5.374044152","0","30.5252906","0.311637253","..",22.9025002773796
"3133","Namibia","NAM","2006",8001779551,"7.625776144","7.073175318","0","29.07216661","0.196952045","..",22.8029297977643
"3134","Namibia","NAM","2005",7248374838,"5.378457918","2.529262658","0","25.72900988","0.150281817","..",22.7040431204095
"3135","Namibia","NAM","2004",6609205995,"3.382574418","12.2695481","0","24.27282174","0.115224101","..",22.6117293618096
"3136","Namibia","NAM","2003",4926439384,"1.321662199","4.239794296","0","23.19476922","0.189308584","..",22.3178823295813
"3137","Namibia","NAM","2002",3349169826,"4.405144144","4.788661219","0","26.06199667","0.114022799","..",21.9319783389383
"3138","Namibia","NAM","2001",3557341215,"10.66347993","1.177948695","0","26.30946285","..","..",21.9922792530601
"3139","Namibia","NAM","2000",3922232165,"5.006097421","3.492183364","0","27.42850904","0.773133337","..",22.0899267585321
"3140","Nauru","NRU","2023",151455967.7,"..","0.646410335","..","..","0.588616431","..",18.8358054984248
"3141","Nauru","NRU","2022",152190818.9,"..","2.951518346","..","..","0.601780057","..",18.8406456789705
"3142","Nauru","NRU","2021",175513984.5,"..","7.206594666","0","..","0.60497576","..",18.9832292814563
"3143","Nauru","NRU","2020",124530027.3,"..","1.981819494","0","44.40226509","0.599220514","..",18.6400574279216
"3144","Nauru","NRU","2019",124871111.4,"..","8.486736592","0","34.22777009","0.530461669","..",18.6427926545082
"3145","Nauru","NRU","2018",130937589.8,"..","-1.219122015","0","28.85657538","0.511030793","..",18.6902313539039
"3146","Nauru","NRU","2017",108862278.5,"..","-6.011229987","0","22.65238158","0.561709404","..",18.5055941413043
"3147","Nauru","NRU","2016",97276023.08,"..","4.363240539","0","25.31272588","0.582053721","..",18.3930630941787
"3148","Nauru","NRU","2015",84383388.64,"..","2.698017274","0","17.07507273","0.515735567","..",18.2508811231336
"3149","Nauru","NRU","2014",98752257.05,"..","16.42333564","0","20.10882596","-0.475804955","..",18.4081248176868
"3150","Nauru","NRU","2013",94385014.94,"..","3.647740417","0","..","-0.648547411","..",18.3628928784728
"3151","Nauru","NRU","2012",100794924.7,"..","25.2793205","..","..","-0.024551125","..",18.4285985621355
"3152","Nauru","NRU","2011",65444173.78,"..","14.39463342","..","..","-0.047846243","..",17.9967080284816
"3153","Nauru","NRU","2010",47442299.26,"..","-0.159976911","..","..","0.009977117","..",17.675024778174
"3154","Nauru","NRU","2009",44024969.95,"..","-5.6519328","..","..","-0.399734557","..",17.6002675297796
"3155","Nauru","NRU","2008",37184925.33,"..","20.38090759","..","..","-0.328292847","..",17.4314140040498
"3156","Nauru","NRU","2007",23068623.46,"..","-22.18530498","..","..","-0.356638461","..",16.9539839604027
"3157","Nauru","NRU","2006",29183626.71,"..","8.328760806","..","..","..","..",17.1891183808616
"3158","Nauru","NRU","2005",30282840.19,"..","-0.355648874","..","..","..","..",17.226091779691
"3159","Nauru","NRU","2004",30587565.8,"..","-4.314826505","..","..","..","..",17.2361041379363
"3160","Nauru","NRU","2003",24778159.58,"..","0.284656862","..","..","..","..",17.0254731610278
"3161","Nauru","NRU","2002",21017423.61,"..","-9.971383553","..","..","..","..",16.8608623473948
"3162","Nauru","NRU","2001",22613287.54,"..","-6.76108887","..","..","..","..",16.9340482357188
"3163","Nauru","NRU","2000",26930980.34,"..","-6.856193465","..","..","..","..",17.1087878673929
"3164","Nepal","NPL","2023",41047772331,"0.182279066","1.982548436","..","..","-0.507927954","3",24.4380024041616
"3165","Nepal","NPL","2022",41182939601,"0.160405405","5.631314557","..","..","-0.532767117","3",24.4412899201897
"3166","Nepal","NPL","2021",36924841394,"0.531690907","4.838149614","0","17.48530328","-0.556707025","3",24.3321503699992
"3167","Nepal","NPL","2020",33433659301,"0.378739091","-2.369620629","0","15.77364973","-0.598485827","3",24.2328289929793
"3168","Nepal","NPL","2019",34186180699,"0.54280198","6.657055431","0","19.80906024","-0.691426873","3",24.2550873262268
"3169","Nepal","NPL","2018",33111525237,"0.206157202","7.622376104","0","19.08282606","-0.689042509","3",24.2231472531951
"3170","Nepal","NPL","2017",28971588940,"0.677439884","8.977279356","0","17.99936212","-0.775453687","3",24.0895814949971
"3171","Nepal","NPL","2016",24524109484,"0.432212944","0.433113719","0","16.14374976","-0.826784909","3",23.9229225311983
"3172","Nepal","NPL","2015",24360801287,"0.213029528","3.976053272","0","14.68630457","-0.603533506","3",23.9162411728021
"3173","Nepal","NPL","2014",22731612922,"0.133746237","6.011482843","0","13.99491049","-0.588949203","3",23.8470224323461
"3174","Nepal","NPL","2013",22162204925,"0.334712331","3.525153171","0","13.29788586","-0.688966632","3",23.8216541941013
"3175","Nepal","NPL","2012",21703100877,"0.423691511","4.670141924","0","12.04080455","-0.814642906","3",23.8007209848415
"3176","Nepal","NPL","2011",21573872421,"0.435814931","3.421808701","0","11.62467775","-0.78744036","3",23.7947488093288
"3177","Nepal","NPL","2010",16002656434,"0.548294666","4.816414647","0","13.39611544","-0.695682704","2.5",23.4960205725302
"3178","Nepal","NPL","2009",12854985464,"0.297715389","4.533078725","0","11.84403686","-0.704490542","3",23.2769975468974
"3179","Nepal","NPL","2008",12545438605,"0.007932157","6.104639144","0","10.44008641","-0.818007648","3",23.2526229786885
"3180","Nepal","NPL","2007",10325618017,"0.055606415","3.41156028","0","9.772473404","-0.791534424","3",23.0578938303702
"3181","Nepal","NPL","2006",9043715356,"-0.073509433","3.364614781","0","8.77975841","-0.692943096","3",22.9253359176249
"3182","Nepal","NPL","2005",8130258378,"0.030156295","3.479181048","0","9.179453421","-0.742212892","2.5",22.8188585408129
"3183","Nepal","NPL","2004",7273938315,"-0.005737557","4.682603252","0","8.9749585","-0.953119218","..",22.7075637032718
"3184","Nepal","NPL","2003",6330473097,"0.233443621","3.945037761","0","8.651811853","-0.588842928","..",22.5686408091722
"3185","Nepal","NPL","2002",6050875807,"-0.098374869","0.120143177","0","8.560583141","-0.463561416","..",22.5234688599998
"3186","Nepal","NPL","2001",6007055042,"0.347091875","4.799892143","0","8.802574747","..","..",22.516200455749
"3187","Nepal","NPL","2000",5494252208,"-0.008824253","6.199999982","0","8.735981111","-0.567300498","..",22.4269683296452
"3188","Netherlands","NLD","2023",1.15436e+12,"-26.76869828","0.074560835","..","24.84088127","1.867100477","..",27.7745671937711
"3189","Netherlands","NLD","2022",1.04654e+12,"1.4870429","5.007234552","..","23.89879455","1.917200089","..",27.6765106007489
"3190","Netherlands","NLD","2021",1.05447e+12,"-10.95325996","6.276830671","0.024399193","24.3086759","2.004242182","..",27.6840593869584
"3191","Netherlands","NLD","2020",9.32561e+11,"-23.70951099","-3.867953338","0.011124499","23.9228232","1.999983191","..",27.5612004018745
"3192","Netherlands","NLD","2019",9.28903e+11,"-13.67403584","2.300091579","0.021176578","23.57577489","1.867612481","..",27.5572701569611
"3193","Netherlands","NLD","2018",9.29734e+11,"-30.77752695","2.258740374","0.02853239","22.9523939","1.88914597","..",27.5581643606764
"3194","Netherlands","NLD","2017",8.48234e+11,"23.52019225","2.781546193","0.02058846","23.06139219","1.745578885","..",27.4664223780692
"3195","Netherlands","NLD","2016",7.97164e+11,"34.5677864","2.42428573","0.014292712","22.34790155","1.858350754","..",27.4043262662122
"3196","Netherlands","NLD","2015",7.75744e+11,"48.50105928","2.120605239","0.027793411","21.79611685","1.833373189","..",27.3770884057945
"3197","Netherlands","NLD","2014",9.01557e+11,"15.86982204","1.612610013","0.061056568","21.53937288","1.96052146","..",27.5273891055444
"3198","Netherlands","NLD","2013",8.83952e+11,"35.13146714","-0.03023256","0.048923099","20.55976333","2.016869783","..",27.5076685994673
"3199","Netherlands","NLD","2012",8.45689e+11,"30.70051183","-0.977876878","0.054433492","20.32231797","2.090583324","..",27.4634175166735
"3200","Netherlands","NLD","2011",9.13141e+11,"38.81328544","1.773345163","0.051302359","20.66437708","2.08139801","..",27.5401561415429
"3201","Netherlands","NLD","2010",8.52465e+11,"6.250756173","1.319320323","0.031329944","20.80146558","2.090060711","..",27.4713979895428
"3202","Netherlands","NLD","2009",8.78954e+11,"23.11855297","-3.665290491","0.034232418","20.8039697","2.124158621","..",27.5019984010665
"3203","Netherlands","NLD","2008",9.57902e+11,"20.41233846","2.116815936","0.076700472","21.70431706","2.102768421","..",27.5880113132337
"3204","Netherlands","NLD","2007",8.53499e+11,"85.97855484","3.885306448","0.069582348","21.25005018","2.159472227","..",27.4726102075341
"3205","Netherlands","NLD","2006",7.37594e+11,"50.90958109","3.537375097","0.047430335","21.10175608","2.040526152","..",27.3266593746655
"3206","Netherlands","NLD","2005",6.88134e+11,"30.50116939","2.033963362","0.048688887","20.88779691","1.960848689","..",27.2572494233569
"3207","Netherlands","NLD","2004",6.61225e+11,"21.16083213","2.016309962","0.04820134","20.35543566","1.975515485","..",27.2173600122208
"3208","Netherlands","NLD","2003",5.82436e+11,"3.51222378","0.097832364","0.044440879","20.08405499","1.995902896","..",27.0904851451053
"3209","Netherlands","NLD","2002",4.7553e+11,"5.359292335","0.245785659","0.044797021","21.0800933","2.068361998","..",26.8876958084243
"3210","Netherlands","NLD","2001",4.32536e+11,"12.02186396","2.323575708","0.028883591","21.00836334","..","..",26.7929313968486
"3211","Netherlands","NLD","2000",4.17649e+11,"15.11070054","4.219753776","0.04286617","20.92943026","2.138006687","..",26.7579072037961
"3212","New Caledonia","NCL","2022",9623318718,"7.235625987","3.499999996","..","..","..","..",22.9874550232128
"3213","New Caledonia","NCL","2021",10071349664,"7.880905504","-2.099999998","0","..","..","..",23.0329605628985
"3214","New Caledonia","NCL","2020",9454629468,"6.047070717","-2.400000001","0","..","..","..",22.9697703492884
"3215","New Caledonia","NCL","2019",9475655325,"7.635148549","-1.400000002","0","..","..","..",22.9719917491116
"3216","New Caledonia","NCL","2018",9896402284,"3.489099979","3.995707282","0","..","..","..",23.0154371223826
"3217","New Caledonia","NCL","2017",9174048682,"5.326581828","..","0","..","..","..",22.9396445396257
"3218","New Caledonia","NCL","2016",8724568955,"9.282076198","..","0","..","..","..",22.8894089003761
"3219","New Caledonia","NCL","2015",8738203074,"13.77737997","..","0","..","..","..",22.8909704075352
"3220","New Caledonia","NCL","2014",10635035595,"16.52120344","..","0","..","..","..",23.0874196325606
"3221","New Caledonia","NCL","2013",10151382933,"21.34499472","..","0","..","..","..",23.0408757827097
"3222","New Caledonia","NCL","2012",9659151917,"27.77495068","..","0","..","..","..",22.9911716880456
"3223","New Caledonia","NCL","2011",10351448005,"16.98450176","..","0","..","..","..",23.0603922507369
"3224","New Caledonia","NCL","2010",9364350077,"15.3677037","..","0","..","..","..",22.9601757712885
"3225","New Caledonia","NCL","2009",8704438102,"13.58267488","..","0","..","..","..",22.8870988592032
"3226","New Caledonia","NCL","2008",9067619760,"19.25940822","..","0","..","..","..",22.9279756366437
"3227","New Caledonia","NCL","2007",8819917180,"4.733082249","..","0","..","..","..",22.9002783168983
"3228","New Caledonia","NCL","2006",6979155388,"10.73322444","..","0","..","..","..",22.6661937418145
"3229","New Caledonia","NCL","2005",6238629487,"-0.108016657","..","0","..","..","..",22.5540263617112
"3230","New Caledonia","NCL","2004",5895008978,"0.466160371","..","0","..","..","..",22.4973718939202
"3231","New Caledonia","NCL","2003",4915353827,"2.360932009","..","0","..","..","..",22.3156295771711
"3232","New Caledonia","NCL","2002",3740056748,"1.578998653","..","0","..","..","..",22.0423666215198
"3233","New Caledonia","NCL","2001",3297734891,"3.124605628","..","0","..","..","..",21.9165016730741
"3234","New Caledonia","NCL","2000",3420032041,"-1.187886239","2.100108827","0","..","..","..",21.9529157566905
"3235","New Zealand","NZL","2023",2.55195e+11,"1.407565826","1.394251816","..","..","2.084095478","..",26.2652937957486
"3236","New Zealand","NZL","2022",2.4951e+11,"3.342629413","3.496386865","..","29.60076199","2.163233995","..",26.2427648314951
"3237","New Zealand","NZL","2021",2.53978e+11,"1.787522992","4.535405657","0.102256581","29.02193188","2.169758081","..",26.2605134860405
"3238","New Zealand","NZL","2020",2.1303e+11,"1.941101364","-0.307246896","0.043907741","27.33418467","2.116907597","..",26.0846988378085
"3239","New Zealand","NZL","2019",2.13006e+11,"1.368858082","2.31747144","0.129888206","28.14868999","2.130933762","..",26.0845861712732
"3240","New Zealand","NZL","2018",2.11986e+11,"1.187103501","3.470582039","0.174430202","27.46413207","2.135425806","..",26.079786071702
"3241","New Zealand","NZL","2017",2.06746e+11,"1.156025408","3.378732195","0.150386336","27.30737243","2.195915461","..",26.0547568236256
"3242","New Zealand","NZL","2016",1.891e+11,"1.061930391","3.779110684","0.127171106","27.24804618","2.236731529","..",25.9655418126108
"3243","New Zealand","NZL","2015",1.78224e+11,"-0.041168826","3.690369084","0.19651207","27.39326757","2.233211517","..",25.9063070230492
"3244","New Zealand","NZL","2014",2.01518e+11,"1.613531845","3.826384918","0.427387592","26.82641808","2.249412298","..",26.0291445443683
"3245","New Zealand","NZL","2013",1.91012e+11,"-0.036395516","2.58954199","0.453082036","26.70130344","2.334189177","..",25.9756020902446
"3246","New Zealand","NZL","2012",1.76561e+11,"2.178788243","2.366306647","0.607739113","26.85610253","2.307887793","..",25.8969322626759
"3247","New Zealand","NZL","2011",1.68485e+11,"0.818121298","2.093496217","0.777912122","25.63774558","2.290867567","..",25.8501125620047
"3248","New Zealand","NZL","2010",1.46888e+11,"0.194915237","1.458636349","0.66097599","26.08635998","2.3294034","..",25.7129362285663
"3249","New Zealand","NZL","2009",1.21663e+11,"-0.043057745","-0.037466112","0.544779024","29.61479378","2.380318642","..",25.5245207644204
"3250","New Zealand","NZL","2008",1.33437e+11,"1.942462794","-1.017038469","1.057783472","31.45316344","2.297525167","..",25.6168952932897
"3251","New Zealand","NZL","2007",1.37189e+11,"3.160244448","3.05641639","0.506514578","30.10987127","2.317683935","..",25.6446253740969
"3252","New Zealand","NZL","2006",1.11539e+11,"2.611329337","2.779780591","0.278552388","31.98588405","2.322551012","..",25.437640142474
"3253","New Zealand","NZL","2005",1.1472e+11,"1.662015177","3.352927604","0.278111552","30.31290683","2.19131422","..",25.4657602137977
"3254","New Zealand","NZL","2004",1.03905e+11,"2.232630391","4.08796484","0.211058993","29.25793128","2.352138042","..",25.3667428570891
"3255","New Zealand","NZL","2003",88250885550,"-3.811793238","4.728042049","0.200234078","29.24813843","2.284625292","..",25.2034495672704
"3256","New Zealand","NZL","2002",66627729311,"4.275332532","4.713477671","0.303997253","28.20805365","2.262573242","..",24.9223866838617
"3257","New Zealand","NZL","2001",53872425917,"0.481362353","3.410993122","0.333507075","28.55763254","..","..",24.7098846054261
"3258","New Zealand","NZL","2000",52623281957,"-2.865294556","2.870051088","0.520025634","..","2.181960344","..",24.6864244815182
"3259","Nicaragua","NIC","2023",17805842284,"6.255811897","4.427743848","..","19.94241792","-1.388440132","1.5",23.6027924585949
"3260","Nicaragua","NIC","2022",15634572502,"8.232396503","3.550299456","..","19.86063944","-1.287625432","2",23.4727504851095
"3261","Nicaragua","NIC","2021",14209020362,"7.369966214","10.45438948","0.020564553","18.82079238","-1.255249143","2.5",23.3771428366367
"3262","Nicaragua","NIC","2020",12726422432,"5.865749027","-2.236541763","0.008434358","17.01091407","-1.180352092","2.5",23.2669461756112
"3263","Nicaragua","NIC","2019",12699023614,"3.960934441","-2.896869867","0.017863668","17.4217765","-1.03215003","2.5",23.2647909466681
"3264","Nicaragua","NIC","2018",13025221974,"6.430600581","-3.36335666","0.021582423","15.6994321","-1.024010181","2.5",23.2901534665903
"3265","Nicaragua","NIC","2017",13785893007,"7.510576206","4.631207576","0.012852028","16.57378932","-0.895630002","2.5",23.3469116603903
"3266","Nicaragua","NIC","2016",13286093388,"7.44462628","4.563147395","0.007694758","16.16645581","-0.897035599","2.5",23.3099837152179
"3267","Nicaragua","NIC","2015",12756696261,"7.580332558","4.792267683","0","15.58957524","-0.907448709","3",23.2693221676244
"3268","Nicaragua","NIC","2014",11880438824,"9.063638271","4.785460136","0.034099065","15.31626025","-0.887541771","3",23.1981590882459
"3269","Nicaragua","NIC","2013",10982988249,"8.787226009","4.927094134","0.040474229","15.02043496","-0.73852396","3",23.1196133898258
"3270","Nicaragua","NIC","2012",10532017232,"7.365160756","6.496136471","0.046295585","15.00914108","-0.78167814","2.5",23.0776857147356
"3271","Nicaragua","NIC","2011",9774329333,"9.579173856","6.316685535","0.051912314","14.51970305","-0.737969637","2.5",23.0030253300293
"3272","Nicaragua","NIC","2010",8758602233,"5.593358243","4.410099117","0.025234077","13.67836655","-0.755830348","2.5",22.8933021667203
"3273","Nicaragua","NIC","2009",8298702489,"5.228528201","-3.292665159","0.13661456","13.13766095","-0.727106392","3",22.8393650129022
"3274","Nicaragua","NIC","2008",8496967597,"7.382633779","3.435716936","0.241718443","13.20167605","-0.768929601","3",22.862975183497
"3275","Nicaragua","NIC","2007",7423375015,"5.141866055","5.076352018","0","13.86208708","-0.767759442","3",22.7278996444847
"3276","Nicaragua","NIC","2006",6763672381,"4.240300001","4.152945598","0","13.68420847","-0.673504472","3",22.6348318311208
"3277","Nicaragua","NIC","2005",6321324279,"3.814074225","4.282398338","0","12.89980348","-0.616481483","3.5",22.5671945609717
"3278","Nicaragua","NIC","2004",5792932838,"4.315603287","5.31217057","0","12.18817918","-0.446660161","..",22.4799045353462
"3279","Nicaragua","NIC","2003",5322228351,"3.782250342","2.520732896","0","11.7208159","-0.541941702","..",22.3951579155713
"3280","Nicaragua","NIC","2002",5223727303,"3.903343115","0.753938876","0","10.39549911","-0.479136646","..",22.376477026754
"3281","Nicaragua","NIC","2001",5351752034,"2.806557536","2.960843491","0","9.802508066","..","..",22.4006898272341
"3282","Nicaragua","NIC","2000",5109587050,"5.215685679","4.101590251","0","10.64687011","-0.935892701","..",22.3543844257635
"3283","Niger","NER","2023",16698786973,"6.141478696","1.667634065","..","..","-0.563843966","3",23.5386019173837
"3284","Niger","NER","2022",15433852714,"6.258808342","11.9","..","..","-0.584792078","3",23.4598291619792
"3285","Niger","NER","2021",14915002436,"3.98812628","1.383596362","0.622678206","..","-0.58069849","3",23.4256334182386
"3286","Niger","NER","2020",13744653103,"2.623955453","3.550641094","0.393738499","..","-0.66267544","3",23.3439157201949
"3287","Niger","NER","2019",12889555561,"5.563788728","5.939852571","0.93368395","..","-0.567891419","3",23.2796831739392
"3288","Niger","NER","2018",12837307497,"3.630373995","7.211418028","1.38714615","..","-0.592982829","3",23.2756214167235
"3289","Niger","NER","2017",11185104252,"3.028230247","5.005360786","1.297688874","..","-0.687655807","3",23.1378487525424
"3290","Niger","NER","2016",10398861982,"2.897744783","5.740893151","0.920918399","..","-0.666049778","3",23.0649622122987
"3291","Niger","NER","2015",9683867926,"5.467617641","4.392648832","0.900694676","..","-0.674528837","3",22.9937272375566
"3292","Niger","NER","2014",10862943544,"7.575911814","6.642136655","2.796818418","..","-0.695517004","3",23.1086231592935
"3293","Niger","NER","2013",10224897438,"7.035165632","5.315130634","4.230420021","..","-0.619116426","3",23.0480915083115
"3294","Niger","NER","2012",9426912648,"8.923679134","10.54894458","2.668703722","..","-0.647685707","3",22.9668344831671
"3295","Niger","NER","2011",8772950778,"12.16450614","2.357756936","0.897289901","..","-0.652857542","3",22.8949390494534
"3296","Niger","NER","2010",7851192502,"10.14668992","8.578166743","0","..","-0.658249199","3",22.7839312682862
"3297","Niger","NER","2009",7352131310,"8.620890602","1.962600907","0","..","-0.611198545","2.5",22.7182560822864
"3298","Niger","NER","2008",7297600226,"3.879031437","7.731414228","0","..","-0.730393648","3",22.7108113948908
"3299","Niger","NER","2007",5731485052,"1.728586414","3.142724084","0","..","-0.761082709","3",22.4692405054727
"3300","Niger","NER","2006",4756361252,"0.84749753","5.931049974","0","..","-0.848922551","3",22.2827487699972
"3301","Niger","NER","2005",4383315965,"1.135067543","7.331868843","0","..","-0.724550962","3",22.2010713445368
"3302","Niger","NER","2004",3760443738,"0.649159743","0.363801579","0","..","-0.887320101","..",22.0478028028105
"3303","Niger","NER","2003",3394084732,"0.545924467","2.170610384","0","..","-0.916420162","..",21.9452999686796
"3304","Niger","NER","2002",2782192879,"0.281340736","4.918470576","0","..","-1.020486593","..",21.7465052591012
"3305","Niger","NER","2001",2448714704,"0.922420854","7.268134902","0","..","..","..",21.6188291132345
"3306","Niger","NER","2000",2241753193,"0.70334292","-1.208477741","0","..","-0.945642471","..",21.5305240721291
"3307","Nigeria","NGA","2023",3.63846e+11,"0.514645981","2.860214991","..","..","-1.040974379","3",26.6199965381378
"3308","Nigeria","NGA","2022",4.77403e+11,"-0.039126749","3.251681408","..","..","-1.129682302","3",26.8916268348699
"3309","Nigeria","NGA","2021",4.40834e+11,"0.751578312","3.647186541","6.24674969","..","-1.10122788","3",26.8119342242969
"3310","Nigeria","NGA","2020",4.32199e+11,"0.551893509","-1.794253083","3.312417192","..","-1.118567109","3",26.7921519672729
"3311","Nigeria","NGA","2019",4.74517e+11,"0.485777628","2.208429277","6.514750561","..","-1.113170505","3",26.8855632815411
"3312","Nigeria","NGA","2018",4.21739e+11,"0.183821496","1.922757342","7.690681535","..","-1.083862424","3",26.7676524762303
"3313","Nigeria","NGA","2017",3.75746e+11,"0.642182922","0.805886619","5.472628823","..","-1.099155903","3",26.6521792201469
"3314","Nigeria","NGA","2016",4.04649e+11,"0.853395743","-1.616868949","2.684290435","..","-1.045318961","3",26.7262858616136
"3315","Nigeria","NGA","2015",4.93027e+11,"0.621501637","2.652693295","2.783451506","..","-1.096086144","3",26.9238297762237
"3316","Nigeria","NGA","2014",5.74184e+11,"0.817478468","6.309718655","7.073858085","..","-1.283923149","3",27.0762157393897
"3317","Nigeria","NGA","2013",5.20117e+11,"1.069539365","6.671335393","9.880114997","..","-1.227050304","3",26.9773196232132
"3318","Nigeria","NGA","2012",4.63971e+11,"1.523782338","4.230061175","13.09047271","..","-1.175933242","3",26.8630878872195
"3319","Nigeria","NGA","2011",4.14467e+11,"2.133117702","5.307924203","15.51134333","..","-1.189361453","3",26.7502591943596
"3320","Nigeria","NGA","2010",3.6699e+11,"1.642073692","8.005655916","12.09860663","..","-1.051508546","3",26.6286004366733
"3321","Nigeria","NGA","2009",2.95009e+11,"2.900248732","8.036925101","8.673988189","..","-1.041885853","3",26.4102717012954
"3322","Nigeria","NGA","2008",3.39476e+11,"2.413739183","6.764472778","15.52994409","..","-0.900948942","3",26.5506690892519
"3323","Nigeria","NGA","2007",2.78261e+11,"2.16919537","6.591130361","13.83436512","..","-1.066939831","3",26.3518253591149
"3324","Nigeria","NGA","2006",2.38455e+11,"2.035752673","6.059428032","14.88037632","..","-1.126394391","3",26.1974464502274
"3325","Nigeria","NGA","2005",1.75671e+11,"2.836294054","6.438516525","17.69580397","..","-1.180775523","3",25.8918787644471
"3326","Nigeria","NGA","2004",1.35765e+11,"1.380373875","9.250558229","14.41834813","..","-1.383372903","..",25.6341912868937
"3327","Nigeria","NGA","2003",1.04739e+11,"1.91462057","7.347194968","12.12021921","..","-1.417653799","..",25.3747373783013
"3328","Nigeria","NGA","2002",95054059303,"1.971584135","15.32915574","11.14464044","..","-1.502067566","..",25.2777116119968
"3329","Nigeria","NGA","2001",73557840064,"1.618615558","5.917684649","15.23547058","..","..","..",25.0213378733368
"3330","Nigeria","NGA","2000",69171451627,"1.64832099","5.015934759","22.04992755","..","-1.324634433","..",24.9598540657056
"3331","North Macedonia","MKD","2023",15763604288,"4.06950296","2.072542088","..","17.86090327","-0.348615468","..",23.4809695937058
"3332","North Macedonia","MKD","2022",13932436550,"6.13067579","2.758884153","..","17.68793831","-0.323990256","..",23.3574855232975
"3333","North Macedonia","MKD","2021",14000283827,"4.97315295","4.51067949","0","17.39296314","-0.375454426","..",23.3623434397133
"3334","North Macedonia","MKD","2020",12361036914,"0.062242187","-4.68845001","0","16.12703466","-0.494269162","..",23.2378151781756
"3335","North Macedonia","MKD","2019",12606338449,"4.358924934","3.910419538","0","17.08328108","-0.456911981","..",23.2574655759238
"3336","North Macedonia","MKD","2018",12683068114,"5.114948679","2.88059671","0","17.57493632","-0.392622709","..",23.2635337215132
"3337","North Macedonia","MKD","2017",11307067070,"3.36726558","1.081772738","0","17.16111359","-0.328586072","..",23.1486937716056
"3338","North Macedonia","MKD","2016",10672467073,"5.147554898","2.848205194","0.012859166","16.95115782","-0.297931522","..",23.0909330913726
"3339","North Macedonia","MKD","2015",10064519963,"2.947027792","3.85586514","0.017325565","16.81823312","-0.266032279","..",23.0322822012098
"3340","North Macedonia","MKD","2014",11362265253,"0.535807905","3.629123513","0.021797033","16.23528371","-0.032754038","..",23.1535636364346
"3341","North Macedonia","MKD","2013",10817702346,"3.720367754","2.925257665","0.017510406","15.668958","-0.056522742","..",23.1044497353194
"3342","North Macedonia","MKD","2012",9745261301,"3.467441639","-0.456183224","0.023040275","16.41665042","-0.051175073","..",23.0000469833997
"3343","North Macedonia","MKD","2011",10494626768,"4.839817023","2.339886045","0.020274409","16.999651","-0.106993712","..",23.0741292267472
"3344","North Macedonia","MKD","2010",9407170321,"3.204382098","3.358750858","0.00548106","16.8656928","-0.092976823","..",22.9647380355446
"3345","North Macedonia","MKD","2009",9401736825,"2.760450822","-0.358614857","0.001197838","17.12957827","-0.146806985","..",22.9641602777718
"3346","North Macedonia","MKD","2008",9909552435,"6.172714486","5.47200139","0.002113676","18.52394611","-0.211421356","..",23.0167650213017
"3347","North Macedonia","MKD","2007",8336474974,"8.798285622","6.473486858","0.008480926","19.07483022","-0.394356847","..",22.843906298981
"3348","North Macedonia","MKD","2006",6861226972,"6.229856424","5.137025162","0","18.08266169","-0.403454512","..",22.649152121583
"3349","North Macedonia","MKD","2005",6258602873,"2.322077379","4.724088642","0","18.42509865","-0.488400877","..",22.5572228139225
"3350","North Macedonia","MKD","2004",5682784472,"5.439897291","4.67408958","0","..","-0.554222405","..",22.4607071735026
"3351","North Macedonia","MKD","2003",4946296599,"2.406684493","2.222601657","0","..","-0.651164174","..",22.3219049716961
"3352","North Macedonia","MKD","2002",4018365747,"2.841788892","1.493665472","0","..","-0.826058447","..",22.1141411263244
"3353","North Macedonia","MKD","2001",3709636031,"12.65813418","-3.067256625","0","..","..","..",22.0341996039014
"3354","North Macedonia","MKD","2000",3772859034,"5.765047069","4.549135783","0","..","-0.638975918","..",22.0510989154495
"3355","Northern Mariana Islands","MNP","2022",1.096e+09,"..","16.64275466","..","..","..","..",20.8149330254722
"3356","Northern Mariana Islands","MNP","2021",9.14e+08,"..","4.969879518","..","..","..","..",20.6333411294184
"3357","Northern Mariana Islands","MNP","2020",8.66e+08,"..","-29.05982906","..","..","..","..",20.5793954665267
"3358","Northern Mariana Islands","MNP","2019",1.179e+09,"..","-11.4474929","..","..","..","..",20.8879324585016
"3359","Northern Mariana Islands","MNP","2018",1.301e+09,"..","-19.49733435","..","..","..","..",20.9863990364768
"3360","Northern Mariana Islands","MNP","2017",1.56e+09,"..","23.17073171","..","..","..","..",21.1679516582079
"3361","Northern Mariana Islands","MNP","2016",1.23e+09,"..","29.21212121","..","..","..","..",20.9302800063307
"3362","Northern Mariana Islands","MNP","2015",9.1e+08,"..","3.383458647","..","..","..","..",20.6289551574752
"3363","Northern Mariana Islands","MNP","2014",8.32e+08,"..","4.177545692","..","..","..","..",20.5393429987855
"3364","Northern Mariana Islands","MNP","2013",7.72e+08,"..","2.680965147","..","..","..","..",20.4644951079891
"3365","Northern Mariana Islands","MNP","2012",7.46e+08,"..","0.810810811","..","..","..","..",20.430236158168
"3366","Northern Mariana Islands","MNP","2011",7.29e+08,"..","-7.384230288","..","..","..","..",20.4071842899729
"3367","Northern Mariana Islands","MNP","2010",7.99e+08,"..","1.395939086","..","..","..","..",20.4988715037305
"3368","Northern Mariana Islands","MNP","2009",7.95e+08,"..","-17.57322176","..","..","..","..",20.4938526726186
"3369","Northern Mariana Islands","MNP","2008",9.39e+08,"..","-11.06976744","..","..","..","..",20.6603260371725
"3370","Northern Mariana Islands","MNP","2007",9.38e+08,"..","-6.684027778","..","..","..","..",20.6592605069705
"3371","Northern Mariana Islands","MNP","2006",9.9e+08,"..","-6.871463217","..","..","..","..",20.7132155010929
"3372","Northern Mariana Islands","MNP","2005",1.061e+09,"..","-12.70289344","..","..","..","..",20.7824776965783
"3373","Northern Mariana Islands","MNP","2004",1.21e+09,"..","-3.077975376","..","..","..","..",20.9138861965551
"3374","Northern Mariana Islands","MNP","2003",1.239e+09,"..","0.343170899","..","..","..","..",20.9375704395934
"3375","Northern Mariana Islands","MNP","2002",1.284e+09,"..","..","..","..","..","..",20.9732460422142
"3376","Norway","NOR","2023",4.8295e+11,"2.854392211","0.072120481","..","27.05267155","2.113521576","..",26.9031789655717
"3377","Norway","NOR","2022",5.96298e+11,"2.394464354","3.246228603","..","31.34459755","2.067638397","..",27.1140063790534
"3378","Norway","NOR","2021",5.03368e+11,"3.646439425","3.908686768","6.063477883","25.50551801","2.108310461","..",26.9445873498877
"3379","Norway","NOR","2020",3.67633e+11,"-0.892552414","-1.278171772","3.229818159","21.25318677","2.065769196","..",26.6303509948895
"3380","Norway","NOR","2019",4.08743e+11,"3.995134026","1.12374695","4.538003068","23.2830044","2.03375411","..",26.736352433629
"3381","Norway","NOR","2018",4.39789e+11,"-1.287964042","0.828931501","4.967221774","23.31360593","2.050310373","..",26.8095609033855
"3382","Norway","NOR","2017",4.01745e+11,"1.468742781","2.463746266","3.635413715","22.29004036","2.191245556","..",26.7190833959359
"3383","Norway","NOR","2016",3.70957e+11,"-5.032549751","1.164724239","2.604603019","21.96037593","2.149504662","..",26.6393519898716
"3384","Norway","NOR","2015",3.8816e+11,"1.873994233","1.857339716","3.146065577","22.08854882","2.200293064","..",26.6846834627021
"3385","Norway","NOR","2014",5.01736e+11,"0.646203788","2.048132004","5.542336367","23.41203172","2.222682953","..",26.9413399218918
"3386","Norway","NOR","2013",5.26014e+11,"-0.260184321","1.01619084","5.549265222","25.01013644","2.286928415","..",26.9885936652995
"3387","Norway","NOR","2012",5.12777e+11,"5.440562169","2.717959249","6.467131413","26.87254323","2.247982264","..",26.9631068897529
"3388","Norway","NOR","2011",5.01361e+11,"2.053676358","1.105656034","7.504436168","27.5519417","2.142632484","..",26.9405922374356
"3389","Norway","NOR","2010",4.31052e+11,"5.018943988","0.787051861","5.617993649","26.74376696","2.07725215","..",26.7894945694245
"3390","Norway","NOR","2009",3.87976e+11,"2.225847469","-1.940364726","5.992638706","25.84735411","1.984983444","..",26.6842093189864
"3391","Norway","NOR","2008",4.64918e+11,"4.426208377","0.48191955","9.873525362","27.7643981","1.891875744","..",26.8651268828973
"3392","Norway","NOR","2007",4.02643e+11,"6.160811204","2.914040007","7.982878638","28.08021781","1.98258388","..",26.7213161502113
"3393","Norway","NOR","2006",3.46915e+11,"3.423869907","2.461473116","9.195032745","28.79829887","2.123553276","..",26.5723456301141
"3394","Norway","NOR","2005",3.09979e+11,"3.244985456","2.685122903","9.62679538","28.20373383","2.000252724","..",26.4597703901955
"3395","Norway","NOR","2004",2.65269e+11,"1.854156062","4.014588024","8.358725959","27.31696869","1.912864566","..",26.3040102424124
"3396","Norway","NOR","2003",2.29385e+11,"1.821990048","0.944909363","7.335852815","25.86954581","2.010966539","..",26.1586676515352
"3397","Norway","NOR","2002",1.95915e+11,"1.53727647","1.377557022","7.512372847","27.1341212","2.114974499","..",26.000946728644
"3398","Norway","NOR","2001",1.74239e+11,"1.830938875","2.067130435","8.323848531","26.03931301","..","..",25.8836937569043
"3399","Norway","NOR","2000",1.71457e+11,"4.859558007","3.318945701","11.56357406","26.67195447","2.123349667","..",25.8675983432517
"3400","Oman","OMN","2023",1.05896e+11,"11.79362869","1.187134896","..","..","0.215157956","..",25.3857233173579
"3401","Oman","OMN","2022",1.09853e+11,"6.338308269","7.985707284","..","..","0.052637935","..",25.4224089453723
"3402","Oman","OMN","2021",87323797139,"10.01518942","2.582174989","23.53874351","..","0.062241416","..",25.1928888530125
"3403","Oman","OMN","2020",75909492848,"2.515486241","-3.379720527","14.99427796","..","0.20332709","..",25.0528075839885
"3404","Oman","OMN","2019",88060858257,"2.269089234","-1.128638017","21.61177976","..","0.421262175","..",25.2012939835018
"3405","Oman","OMN","2018",91505851756,"6.120679854","1.287103915","23.70879908","..","0.21516037","..",25.2396687608004
"3406","Oman","OMN","2017",80856697009,"3.560055839","0.304057566","19.30500631","..","0.214597568","..",25.1159442520561
"3407","Oman","OMN","2016",75128738622,"3.016249524","5.046423946","16.27248732","..","0.30525741","..",25.0424689939146
"3408","Oman","OMN","2015",78710793238,"-2.760017578","5.017057997","18.86806455","..","0.236111432","..",25.0890461270325
"3409","Oman","OMN","2014",92699089727,"1.387657535","1.292252294","31.6791186","..","0.304507285","..",25.2526244899123
"3410","Oman","OMN","2013",89936020806,"1.792864469","5.227704081","35.98950653","..","0.152467921","..",25.2223643745484
"3411","Oman","OMN","2012",87408842653,"1.561202903","8.863122256","37.53967687","..","0.175082937","..",25.1938622890096
"3412","Oman","OMN","2011",77497529259,"2.102188752","2.894609735","40.40744092","..","0.13220188","..",25.0735118922685
"3413","Oman","OMN","2010",64993498049,"1.911964786","2.471998566","32.56886534","..","0.319510162","..",24.8975530718233
"3414","Oman","OMN","2009",55454096229,"2.721589337","5.981966949","30.5131215","..","0.327373415","..",24.7388214204941
"3415","Oman","OMN","2008",69804681404,"4.228778796","8.95005895","37.9131008","..","0.506844521","..",24.9689669132909
"3416","Oman","OMN","2007",48300390117,"6.898742697","4.980654671","37.7986998","..","0.345133305","..",24.6007054745288
"3417","Oman","OMN","2006",42577633290,"3.748679075","4.669814819","40.7520001","..","0.345938504","..",24.4745949121991
"3418","Oman","OMN","2005",35506892068,"4.332571563","2.779443603","42.84156154","..","0.387739003","..",24.2929926573451
"3419","Oman","OMN","2004",28378933680,"0.391323075","1.99251511","36.79666439","..","0.657538533","..",24.0689129350337
"3420","Oman","OMN","2003",24733680104,"0.100945311","-2.19466568","33.32551105","..","0.560884476","..",23.9314317187307
"3421","Oman","OMN","2002",23065539662,"0.473575609","-0.784165786","33.51317909","..","0.903639674","..",23.8616055511245
"3422","Oman","OMN","2001",22205721717,"0.023424415","4.613166494","36.28534733","..","..","..",23.8236158276167
"3423","Oman","OMN","2000",22259557867,"0.368381081","6.192410637","44.47578147","..","0.766030848","..",23.8260373203773
"3424","Pakistan","PAK","2023",3.37886e+11,"0.606122431","-0.039838972","..","..","-0.999357462","3",26.5459743974319
"3425","Pakistan","PAK","2022",3.7489e+11,"0.389980754","4.778106869","..","..","-0.804350376","3",26.6498984865528
"3426","Pakistan","PAK","2021",3.48517e+11,"0.616039439","6.513885759","0.380197434","..","-0.810481548","3",26.5769528464451
"3427","Pakistan","PAK","2020",3.00426e+11,"0.68469529","-1.274087443","0.159470064","..","-0.857438266","3",26.428467304356
"3428","Pakistan","PAK","2019",3.20909e+11,"0.69614648","2.497636929","0.35819153","..","-0.879992425","3",26.4944234307892
"3429","Pakistan","PAK","2018",3.56128e+11,"0.487745751","6.151702611","0.443490417","..","-0.801856637","3",26.5985560537374
"3430","Pakistan","PAK","2017",3.39206e+11,"0.73583705","4.432625907","0.300559741","..","-0.802612305","3",26.549873429387
"3431","Pakistan","PAK","2016",3.1363e+11,"0.821349998","6.573838285","0.187153081","..","-0.900909364","3",26.4714797841125
"3432","Pakistan","PAK","2015",2.99964e+11,"0.557734356","4.217942096","0.333804259","..","-0.834522724","3",26.426928304402
"3433","Pakistan","PAK","2014",2.7139e+11,"0.695308117","4.116428172","0.934001906","..","-0.839294553","2.5",26.3268227376846
"3434","Pakistan","PAK","2013",2.58657e+11,"0.515353849","4.36686505","1.06026413","..","-0.962785661","2.5",26.2787686966292
"3435","Pakistan","PAK","2012",2.50107e+11,"0.343453049","3.027583911","1.063311253","..","-1.068792224","2.5",26.2451546632428
"3436","Pakistan","PAK","2011",2.30587e+11,"0.575055146","2.680116854","1.018635755","..","-1.083392024","2.5",26.1638940685175
"3437","Pakistan","PAK","2010",1.9671e+11,"1.027911081","1.501717522","0.728643641","..","-1.089610696","2.5",26.0049963998901
"3438","Pakistan","PAK","2009",1.87338e+11,"1.248013055","3.472550596","0.525570261","..","-1.075625777","2.5",25.9561803088937
"3439","Pakistan","PAK","2008",2.02204e+11,"2.689366561","2.120441043","1.084658493","..","-0.899149179","2.5",26.0325429257308
"3440","Pakistan","PAK","2007",1.84141e+11,"3.035719338","4.44481434","0.947147229","..","-0.818873346","2.5",25.938967605442
"3441","Pakistan","PAK","2006",1.61871e+11,"2.639750062","6.051637676","0.883595451","..","-0.818344295","2.5",25.8100655586702
"3442","Pakistan","PAK","2005",1.45209e+11,"1.515750831","7.276574436","0.913653665","..","-1.062045574","2.5",25.7014399208873
"3443","Pakistan","PAK","2004",1.32216e+11,"0.845585702","7.83125557","0.661270329","..","-1.178812027","..",25.6077027857849
"3444","Pakistan","PAK","2003",1.12372e+11,"0.475207712","5.401310873","0.522591846","..","-0.804457188","..",25.4450806330526
"3445","Pakistan","PAK","2002",97923302809,"0.8435173","2.594816684","0.552834728","..","-0.955985904","..",25.3074503848087
"3446","Pakistan","PAK","2001",97145618480,"0.389106586","3.651350171","0.499846316","..","..","..",25.2994769111867
"3447","Pakistan","PAK","2000",99484802345,"0.309595026","4.260088011","0.575230608","7.499686773","-0.894909561","..",25.3232707291937
"3448","Palau","PLW","2023",281849100,"16.96537261","1.877031984","..","..","0.588616431","..",19.4568823792989
"3449","Palau","PLW","2022",255591100,"28.17547246","-1.318427167","..","..","0.601780057","..",19.3590894598301
"3450","Palau","PLW","2021",235752900,"13.33642131","-13.79389322","..","..","0.60497576","..",19.2782947805687
"3451","Palau","PLW","2020",258990800,"16.64151777","-5.999433925","..","18.08095114","0.599220514","..",19.3723030977974
"3452","Palau","PLW","2019",281941600,"15.85860334","0.200015069","..","18.36675077","0.530461669","..",19.4572105152573
"3453","Palau","PLW","2018",288546300,"17.41488281","0.11000834","..","20.95422088","0.511030793","..",19.4803661163047
"3454","Palau","PLW","2017",285600000,"16.71498599","-3.260018455","..","19.92910924","0.561709404","..",19.4701027884297
"3455","Palau","PLW","2016",298323500,"21.67479263","-0.439989268","..","19.81538164","0.582053721","..",19.5136890261339
"3456","Palau","PLW","2015",278824800,"12.40318585","8.19997983","..","20.28290742","0.515735567","..",19.4460941855488
"3457","Palau","PLW","2014",243156500,"16.39278217","4.769999433","..","19.33733336","-0.475804955","..",19.3092158269264
"3458","Palau","PLW","2013",225345700,"8.00597031","-3.036226881","..","18.39007801","-0.648547411","..",19.23314622549
"3459","Palau","PLW","2012",215762400,"10.0291461","1.253412417","..","18.06918025","-0.433817923","..",19.1896883602044
"3460","Palau","PLW","2011",198873900,"4.186636371","5.118280225","..","17.45090808","-0.536440134","..",19.1081815134944
"3461","Palau","PLW","2010",188174300,"1.426998329","-0.89589586","..","16.59811671","-0.502526104","..",19.0528792189364
"3462","Palau","PLW","2009",189998000,"1.468894939","-7.260576012","..","15.42082338","-0.399734557","..",19.0625241037536
"3463","Palau","PLW","2008",201167300,"2.357071307","-5.493976659","..","16.35676889","-0.328292847","..",19.1196474581304
"3464","Palau","PLW","2007",200903600,"2.181762368","1.754031015","..","..","..","..",19.1183357489875
"3465","Palau","PLW","2006",193679700,"17.18468979","-0.123719892","..","..","..","..",19.0817163216462
"3466","Palau","PLW","2005",191048400,"2.079051313","3.4139654","..","..","..","..",19.0680373570511
"3467","Palau","PLW","2004",166391600,"4.113813438","3.939023926","..","..","..","..",18.929854604308
"3468","Palau","PLW","2003",154559900,"2.972122782","-3.223277068","..","..","..","..",18.8560922814303
"3469","Palau","PLW","2002",162665500,"1.16866207","5.01614795","..","..","..","..",18.9072065029924
"3470","Palau","PLW","2001",159453500,"-0.897979662","6.50043519","..","..","..","..",18.8872629016341
"3471","Palau","PLW","2000",149535800,"2.125009529","-2.603902465","..","..","..","..",18.8230463870108
"3472","Panama","PAN","2023",83318176900,"2.865154763","7.399301556","..","..","-0.628094196","..",25.1459325723989
"3473","Panama","PAN","2022",76276116700,"3.233675946","10.76966587","..","..","-0.634862423","..",25.0576257078877
"3474","Panama","PAN","2021",67396392500,"2.719822663","16.46712492","0","7.460605702","-0.591640532","..",24.9338573296934
"3475","Panama","PAN","2020",57059846500,"-2.859800252","-17.82122997","0","8.049989517","-0.58416152","..",24.7673664925774
"3476","Panama","PAN","2019",69778991200,"6.713504199","3.103067886","0","8.648377915","-0.64382714","..",24.9685988157361
"3477","Panama","PAN","2018",67316471200,"7.444428283","3.918198074","0","9.590967813","-0.610337615","..",24.9326707865945
"3478","Panama","PAN","2017",64327688800,"6.345731589","5.744059464","0","9.665744695","-0.613697469","..",24.8872559944738
"3479","Panama","PAN","2016",59760858700,"8.782260771","4.571967079","0.004577855","10.05573852","-0.573966324","..",24.813616746811
"3480","Panama","PAN","2015",55767806100,"9.179668985","5.266917196","0.003714619","9.798019616","-0.434962153","..",24.7444625882201
"3481","Panama","PAN","2014",51427104900,"9.692165269","4.625813756","0.027793843","9.959648751","-0.370015204","..",24.6634312031013
"3482","Panama","PAN","2013",46949496500,"8.091673571","6.324353887","0.014866362","..","-0.381226212","..",24.5723383183685
"3483","Panama","PAN","2012",41595439700,"8.13045859","9.627293464","0","..","-0.395119667","..",24.4512563756085
"3484","Panama","PAN","2011",35687738300,"12.31683544","11.90887722","0","..","-0.354332805","..",24.2980730017484
"3485","Panama","PAN","2010",30231009500,"8.432070388","6.073393531","0","..","-0.358153433","..",24.1321340391597
"3486","Panama","PAN","2009",27791215500,"3.905910485","1.61186406","0","..","-0.327103823","..",24.0479858184993
"3487","Panama","PAN","2008",25721328000,"9.291899703","10.19743259","0","..","-0.101286359","..",23.9705863679533
"3488","Panama","PAN","2007",21717433800,"10.2406206","13.15306538","0","..","-0.339885622","..",23.8013811758607
"3489","Panama","PAN","2006",18659721500,"15.77890645","9.857238706","0","..","-0.363584548","..",23.649633107281
"3490","Panama","PAN","2005",16623906700,"6.643444408","8.276183345","0","..","-0.390578359","..",23.5341076589199
"3491","Panama","PAN","2004",15100203400,"8.462799912","8.17565334","0","..","-0.300811678","..",23.4379740508752
"3492","Panama","PAN","2003",13603456000,"7.72303744","5.096860305","0","..","-0.395565361","..",23.3335897150531
"3493","Panama","PAN","2002",12800851300,"1.930340367","2.508843727","0","..","-0.335230827","..",23.2727775134729
"3494","Panama","PAN","2001",12252906300,"4.952294461","0.94990815","0","..","..","..",23.2290289947777
"3495","Panama","PAN","2000",11966497000,"6.917646827","4.209005479","0","..","-0.319528043","..",23.205376665399
"3496","Papua New Guinea","PNG","2023",30816367067,"0.267964128","3.810886229","..","15.93479892","-0.657154024","2.5",24.1513117840631
"3497","Papua New Guinea","PNG","2022",31653185953,"3.769813816","5.707584042","..","14.77049521","-0.696280241","2.5",24.1781046424926
"3498","Papua New Guinea","PNG","2021",26109413521,"-0.131822921","-0.511353419","1.875026508","12.14842321","-0.770542502","2.5",23.9855617575515
"3499","Papua New Guinea","PNG","2020",23848447850,"0.473794497","-3.167432044","0.709889075","11.87919551","-0.596797168","2.5",23.8949849724984
"3500","Papua New Guinea","PNG","2019",24750626030,"1.355812794","4.480514569","1.57194223","13.02195587","-1.002208829","2.5",23.9321166197826
"3501","Papua New Guinea","PNG","2018",24109780708,"1.271855264","-0.279252285","2.226890615","13.19302875","-0.867965519","3",23.9058834336191
"3502","Papua New Guinea","PNG","2017",22742699138,"-0.788236306","3.534610818","2.225819549","12.60500176","-0.912016869","3",23.8475100138275
"3503","Papua New Guinea","PNG","2016",20758876953,"-0.188417025","5.489573153","1.865766425","12.94862858","-0.942301393","3",23.7562397971045
"3504","Papua New Guinea","PNG","2015",21723437010,"0.138228028","6.578356323","2.271229401","15.22728706","-0.953294218","3",23.801657561206
"3505","Papua New Guinea","PNG","2014",23210823987,"0.126824295","13.54377062","4.516809026","17.90996215","-0.910122633","3",23.8678845579813
"3506","Papua New Guinea","PNG","2013",21261338065,"0.126069328","3.824946328","3.436174323","..","-0.958846331","3",23.7801561460264
"3507","Papua New Guinea","PNG","2012",21295168666,"0.135226482","4.657119597","3.565407585","..","-0.938103914","3",23.781746060741
"3508","Papua New Guinea","PNG","2011",17985138066,"0.202496659","1.107543626","4.851408373","..","-1.0335747","3",23.6128115907951
"3509","Papua New Guinea","PNG","2010",14250786675,"0.249749809","10.12845407","4.614572342","..","-1.039379001","3",23.3800779474005
"3510","Papua New Guinea","PNG","2009",11619456449,"3.614960513","6.800421483","4.00467749","..","-1.242565989","3",23.1759468100816
"3511","Papua New Guinea","PNG","2008",11670892801,"0.410070468","-0.296457846","8.52783687","..","-1.17647028","3",23.1803637842603
"3512","Papua New Guinea","PNG","2007",9545028944,"1.368617084","7.815189229","8.106606301","..","-1.118341684","3",22.9792863264925
"3513","Papua New Guinea","PNG","2006",8354911041,"1.538594752","5.409944091","9.321651142","..","-1.139937162","3",22.8461153515403
"3514","Papua New Guinea","PNG","2005",4865892972,"0.821562763","6.344795923","13.57599569","..","-1.151023388","3",22.305516085998
"3515","Papua New Guinea","PNG","2004",3927157867,"0.828665064","2.721175741","9.982652108","..","-0.995903432","..",22.0911818121417
"3516","Papua New Guinea","PNG","2003",3536411824,"4.767668112","2.164102502","8.531571326","..","-0.813447833","..",21.9863784410035
"3517","Papua New Guinea","PNG","2002",2999511040,"0.672123736","-0.158900533","8.300710076","21.01324696","-0.947748065","..",21.8217151256641
"3518","Papua New Guinea","PNG","2001",3081024212,"2.050724509","-0.121288606","10.04944457","24.6964497","..","..",21.8485279150176
"3519","Papua New Guinea","PNG","2000",3521339699,"2.740303139","-2.494841993","15.13431583","18.975965","-0.786500871","..",21.9821073504548
"3520","Paraguay","PRY","2023",43118053175,"1.335825925","4.999227911","..","10.13827499","-1.057722926","..",24.4872076135251
"3521","Paraguay","PRY","2022",41952910858,"1.774824683","0.176038366","..","10.26613639","-1.090579629","..",24.4598136562008
"3522","Paraguay","PRY","2021",39950899939,"0.897326054","4.016737318","0.072963259","9.794253598","-1.02654171","..",24.4109170355383
"3523","Paraguay","PRY","2020",35432178068,"0.920877296","-0.819785391","0.029962317","9.514999286","-0.857888103","..",24.2908862291812
"3524","Paraguay","PRY","2019",37925338329,"1.133031277","-0.401855101","0.059332926","9.995756075","-0.893645704","..",24.3588852831432
"3525","Paraguay","PRY","2018",40225448341,"0.610880271","3.204250341","0.069885171","10.07505858","-0.870756984","..",24.4177656755925
"3526","Paraguay","PRY","2017",38997129474,"1.556429906","4.810078856","0.045433319","9.956474414","-0.750717938","..",24.3867538771364
"3527","Paraguay","PRY","2016",36089700223,"2.214052308","4.268025833","0.077192513","9.559063337","-0.763090432","..",24.3092733491937
"3528","Paraguay","PRY","2015",36211447840,"1.957470072","2.957151735","0.1024412","9.642274697","-1.018919945","..",24.3126411444593
"3529","Paraguay","PRY","2014",40377929296,"2.414655071","5.301238592","0.179139184","9.74517638","-1.011079431","..",24.4215491680804
"3530","Paraguay","PRY","2013",38501122141,"1.027269754","8.293076489","0.191256763","8.929362568","-1.048131943","..",24.3739532243349
"3531","Paraguay","PRY","2012",33271921136,"2.470061802","-0.708043112","0.215788416","9.457778351","-0.850602806","..",24.2279796691029
"3532","Paraguay","PRY","2011",33756238767,"1.855172093","4.286371207","0.198340645","9.366835103","-0.695635736","..",24.2424310895374
"3533","Paraguay","PRY","2010",27260886405,"2.681207122","11.09523127","0.143936548","8.871213476","-0.707593381","..",24.0287187793773
"3534","Paraguay","PRY","2009",22355151162,"0.753732301","-0.261137328","0.111570935","8.327582817","-0.788950503","..",23.8303226084972
"3535","Paraguay","PRY","2008",24615267664,"1.616761505","6.49629212","0.157606646","8.0940723","-0.979693532","..",23.9266327241174
"3536","Paraguay","PRY","2007",17856393235,"0.588024685","5.421622872","0.101460877","7.837877891","-1.211035728","..",23.6056274454723
"3537","Paraguay","PRY","2006",13429430050,"1.398421223","4.807117193","0.093411156","8.350504183","-1.16153121","..",23.3207144080107
"3538","Paraguay","PRY","2005",10737500188,"0.067986029","2.133490665","0.072102317","8.264764504","-1.355833054","..",23.0970081417655
"3539","Paraguay","PRY","2004",9624440836,"0.976461922","4.057418364","0.008857145","..","-1.426462889","..",22.9875716204716
"3540","Paraguay","PRY","2003",7691367471,"-0.750191695","4.320745486","0.001682388","..","-1.436838865","..",22.7633644292324
"3541","Paraguay","PRY","2002",7196260657,"1.256207971","-0.021404395","0.001635176","..","-1.365068436","..",22.6968273748634
"3542","Paraguay","PRY","2001",8495806432,"1.167634889","-0.834054717","0.001296595","..","..","..",22.862838517759
"3543","Paraguay","PRY","2000",8855705140,"1.217294369","-2.314140568","0.003385237","..","-1.373702288","..",22.9043277368572
"3544","Peru","PER","2023",2.66959e+11,"1.467737531","-0.403242151","..","..","-0.721040905","..",26.310360925503
"3545","Peru","PER","2022",2.46066e+11,"4.552215821","2.809033553","..","..","-0.808002055","..",26.2288656295777
"3546","Peru","PER","2021",2.26329e+11,"3.155709023","13.36262409","0.24910444","15.92433952","-0.653799653","..",26.1452555298511
"3547","Peru","PER","2020",2.0141e+11,"0.329387076","-10.9333065","0.104811147","13.22109096","-0.524636924","..",26.0286084684312
"3548","Peru","PER","2019",2.28346e+11,"2.091289834","2.240631769","0.262076251","14.52540406","-0.509501398","..",26.1541278594544
"3549","Peru","PER","2018",2.22597e+11,"2.638246195","3.969351341","0.309747445","14.28637131","-0.597973228","..",26.1286287986081
"3550","Peru","PER","2017",2.11008e+11,"3.513331494","2.518835442","0.18358319","13.17434165","-0.562385023","..",26.0751618843957
"3551","Peru","PER","2016",1.91898e+11,"3.546281887","3.953318715","0.125482139","13.78754764","-0.430348158","..",25.9802298178109
"3552","Peru","PER","2015",1.89803e+11,"3.86551317","3.252244772","0.235255948","14.91965132","-0.60391736","..",25.969252529109
"3553","Peru","PER","2014",2.00786e+11,"2.12302965","2.382157372","0.70184875","16.72092668","-0.599980474","..",26.0255055012178
"3554","Peru","PER","2013",2.01176e+11,"4.757349002","5.852518211","0.697556617","16.43300669","-0.460946977","..",26.0274459837628
"3555","Peru","PER","2012",1.9265e+11,"7.361736834","6.139724706","0.846764293","16.5466871","-0.404069632","..",25.9841409080186
"3556","Peru","PER","2011",1.71762e+11,"4.472626582","6.327192402","1.031234603","15.96889515","-0.243967727","..",25.8693756346038
"3557","Peru","PER","2010",1.47528e+11,"5.730877328","8.332459107","0.792083877","15.46657176","-0.253887415","..",25.7172838252192
"3558","Peru","PER","2009",1.20823e+11,"5.32237544","1.095823659","0.697970783","14.45652681","-0.332539886","..",25.5175925016748
"3559","Peru","PER","2008",1.20551e+11,"5.743356976","9.126568301","1.517725047","16.51217092","-0.206874341","..",25.5153387368523
"3560","Peru","PER","2007",1.02171e+11,"5.374286559","8.518387769","1.301526576","16.40746835","-0.272556156","..",25.3499137171107
"3561","Peru","PER","2006",88643193062,"3.910656805","7.528899044","1.436861293","15.6699876","-0.221562147","..",25.2078850821079
"3562","Peru","PER","2005",76060606061,"3.390348169","6.285060325","1.340415833","14.10474219","-0.367371053","..",25.0547963076109
"3563","Peru","PER","2004",66768703498,"2.394892075","4.958203206","1.067538353","13.66336894","-0.429986924","..",24.9245002971947
"3564","Peru","PER","2003",58731030122,"2.273086425","4.165023137","1.077740915","13.41152116","-0.154854536","..",24.7962340462896
"3565","Peru","PER","2002",54777553515,"3.935620845","5.453528938","1.021801147","12.48714263","-0.30640474","..",24.7265463395978
"3566","Peru","PER","2001",52030158775,"2.199224502","0.617892326","1.052610956","12.89710563","..","..",24.6750893638488
"3567","Peru","PER","2000",51744749133,"1.564790193","2.694371398","1.470891244","12.6086475","-0.404046178","..",24.6695887979149
"3568","Philippines","PHL","2023",4.37056e+11,"2.042103548","5.518949679","..","14.10443514","-0.537639976","..",26.803327170285
"3569","Philippines","PHL","2022",4.04353e+11,"2.347509723","7.580982128","..","14.61900582","-0.541212201","..",26.7255540957757
"3570","Philippines","PHL","2021",3.94087e+11,"3.040788553","5.714733132","0.034186898","14.13000393","-0.530111015","..",26.6998375340517
"3571","Philippines","PHL","2020",3.61751e+11,"1.885863632","-9.51829474","0.012054835","13.95098571","-0.510658324","..",26.6142219667942
"3572","Philippines","PHL","2019",3.76823e+11,"2.301174986","6.118525662","0.034329224","14.48847302","-0.606206954","..",26.6550414181254
"3573","Philippines","PHL","2018",3.46842e+11,"2.868338261","6.341485572","0.057120142","14.04753328","-0.576294243","..",26.5721351817863
"3574","Philippines","PHL","2017",3.28481e+11,"3.122387784","6.930988326","0.041721803","13.59379375","-0.507541537","..",26.5177448345378
"3575","Philippines","PHL","2016",3.18627e+11,"2.598508035","7.14945675","0.033170792","13.08710069","-0.519234538","..",26.4872869765944
"3576","Philippines","PHL","2015",3.06446e+11,"1.840180107","6.348309717","0.043551031","13.01961059","-0.481130987","..",26.4483073940927
"3577","Philippines","PHL","2014",2.97484e+11,"1.929375228","6.347987483","0.135190051","13.01551718","-0.439754605","..",26.4186262789732
"3578","Philippines","PHL","2013",2.83903e+11,"1.316426384","6.750531301","0.131161173","12.74382206","-0.380065739","..",26.3718984674706
"3579","Philippines","PHL","2012",2.61921e+11,"1.227630007","6.896951711","0.158243888","12.30592712","-0.573895454","..",26.2913087685216
"3580","Philippines","PHL","2011",2.34217e+11,"0.856963003","3.858232828","0.225427511","11.84900078","-0.685034811","..",26.1795138730077
"3581","Philippines","PHL","2010",2.08369e+11,"0.51369805","7.33449996","0.174056441","11.63527559","-0.781123996","..",26.0625763833617
"3582","Philippines","PHL","2009",1.75975e+11,"1.173248212","1.448323063","0.157110269","11.69893557","-0.78673923","..",25.8936077764406
"3583","Philippines","PHL","2008",1.81625e+11,"0.737800589","4.344487305","0.237100244","13.03351369","-0.778095126","..",25.9252099588369
"3584","Philippines","PHL","2007",1.5598e+11,"1.871212459","6.51929155","0.175523562","12.9604093","-0.778005183","..",25.7729936308488
"3585","Philippines","PHL","2006",1.27653e+11,"2.120918865","5.316416821","0.189561367","13.12730144","-0.889426827","..",25.5725814821204
"3586","Philippines","PHL","2005",1.0742e+11,"1.549060092","4.942505119","0.208173197","11.92422406","-0.662843585","..",25.4000122214237
"3587","Philippines","PHL","2004",95001999685,"0.623144778","6.569228512","0.120921357","11.36440439","-0.707702458","..",25.2771637776412
"3588","Philippines","PHL","2003",87039092974,"0.565263243","5.086911135","0.099595284","11.66643259","-0.635371625","..",25.1896231992047
"3589","Philippines","PHL","2002",84307345888,"2.098275045","3.716255002","0.095321515","11.66813069","-0.538531899","..",25.1577348379917
"3590","Philippines","PHL","2001",78921234458,"0.962985444","3.049231345","0.014491539","12.26550865","..","..",25.091716159869
"3591","Philippines","PHL","2000",83669788377,"1.777224526","4.382505001","0.010403824","12.44032476","-0.527593672","..",25.1501437979929
"3592","Poland","POL","2023",8.12451e+11,"4.223761747","0.249610834","..","17.9988487","0.565399945","..",27.4233214416394
"3593","Poland","POL","2022",6.95608e+11,"6.006260517","5.255456974","..","17.12253092","0.506645441","..",27.268052120223
"3594","Poland","POL","2021",6.8917e+11,"5.443067847","6.927182661","0.041352477","18.95906772","0.546135545","..",27.2587538119238
"3595","Poland","POL","2020",6.05914e+11,"3.314990878","-2.035568824","0.020719946","17.29114409","0.618671596","..",27.1300038987535
"3596","Poland","POL","2019",6.02684e+11,"3.154556492","4.580458173","0.040202597","17.14075929","0.611018896","..",27.1246588498788
"3597","Poland","POL","2018",5.94617e+11,"3.348039546","6.245858472","0.04561187","17.18482185","0.622786522","..",27.1111833377509
"3598","Poland","POL","2017",5.28357e+11,"2.378128156","5.152457733","0.031672173","16.73557568","0.698781192","..",26.9930380285391
"3599","Poland","POL","2016",4.7326e+11,"3.816087214","3.031177676","0.023551252","16.20902913","0.759568095","..",26.8829107572933
"3600","Poland","POL","2015",4.80054e+11,"3.29546178","4.431767003","0.028428904","15.61359532","0.694461524","..",26.8971644345207
"3601","Poland","POL","2014",5.42134e+11,"3.850891765","3.920508624","0.060321539","15.62719823","0.681905627","..",27.0187790403015
"3602","Poland","POL","2013",5.1818e+11,"0.258983447","0.684240607","0.068019569","15.67425911","0.645680547","..",26.9735885091926
"3603","Poland","POL","2012",4.98149e+11,"1.528860914","1.511781676","0.051447677","16.00525692","0.659753621","..",26.9341650660078
"3604","Poland","POL","2011",5.27849e+11,"3.571289577","5.255462566","0.048215184","16.66968256","0.562475681","..",26.9920760949027
"3605","Poland","POL","2010",4.78112e+11,"3.944894621","3.168927483","0.034645054","16.53702355","0.513736725","..",26.8931108516151
"3606","Poland","POL","2009",4.40891e+11,"3.18105495","2.615128593","0.031855529","16.00966529","0.43509984","..",26.8120635163099
"3607","Poland","POL","2008",5.35612e+11,"2.720999374","4.383770693","0.054781653","18.1987401","0.452767491","..",27.0066758552921
"3608","Poland","POL","2007",4.29715e+11,"5.825021771","6.760447853","0.047320523","18.05730476","0.283813983","..",26.7863880351935
"3609","Poland","POL","2006",3.45898e+11,"6.207906066","6.202107109","0.061545487","17.09206941","0.25655055","..",26.5694097708549
"3610","Poland","POL","2005",3.07e+11,"3.596417956","3.260822747","0.057882428","16.42798248","0.247518659","..",26.4501135845336
"3611","Poland","POL","2004",2.56269e+11,"5.411508457","5.090795464","0.049391909","15.61857556","0.106035829","..",26.2694935109918
"3612","Poland","POL","2003",2.18561e+11,"2.457434971","3.523371172","0.036931337","16.66527451","0.401545793","..",26.110330988721
"3613","Poland","POL","2002",1.99694e+11,"2.048629658","1.90119438","0.031924019","16.78813393","0.381513625","..",26.0200520318492
"3614","Poland","POL","2001",1.91823e+11,"2.95949603","1.233744644","0.036640288","15.97914186","..","..",25.9798389087861
"3615","Poland","POL","2000",1.72954e+11,"5.397403661","4.65633253","0.046531978","16.88894979","0.695001423","..",25.8762915001338
"3616","Portugal","PRT","2023",2.89697e+11,"3.948596198","2.613128544","..","22.82392547","0.69631207","..",26.3921013861279
"3617","Portugal","PRT","2022",2.56899e+11,"5.083689261","6.985841781","..","23.17293192","0.728919625","..",26.2719488484895
"3618","Portugal","PRT","2021",2.56056e+11,"3.608360045","5.558757716","0.051813183","22.28329322","0.741993845","..",26.2686620075037
"3619","Portugal","PRT","2020",2.29619e+11,"1.814145542","-8.204632012","0.023939485","22.25958309","0.721146345","..",26.1596872505813
"3620","Portugal","PRT","2019",2.40116e+11,"4.50389353","2.745684796","0.037513627","22.44725701","0.745498478","..",26.2043879768538
"3621","Portugal","PRT","2018",2.42093e+11,"3.465842874","2.94628244","0.042296497","22.84457305","0.80631566","..",26.2125877868004
"3622","Portugal","PRT","2017",2.20863e+11,"5.020415518","3.314720564","0.028387243","22.63640611","0.821428776","..",26.1208084367386
"3623","Portugal","PRT","2016",2.06305e+11,"3.562829928","2.004141286","0.018508838","22.61703863","0.858934999","..",26.0526214932786
"3624","Portugal","PRT","2015",1.99039e+11,"0.635222053","1.589798029","0.024622752","23.07846692","0.892139912","..",26.0167666223688
"3625","Portugal","PRT","2014",2.30079e+11,"5.438510318","0.741391417","0.058710586","22.87467958","0.909372628","..",26.1616885651553
"3626","Portugal","PRT","2013",2.26677e+11,"6.436543232","-0.984106569","0.0588929","22.87369477","0.912171781","..",26.1467919336446
"3627","Portugal","PRT","2012",2.16537e+11,"7.215351952","-4.050902656","0.056641517","21.0111817","0.955447733","..",26.1010272704799
"3628","Portugal","PRT","2011",2.45427e+11,"4.236487564","-1.713527451","0.071439777","21.35958143","1.081251621","..",26.2262653876209
"3629","Portugal","PRT","2010",2.38444e+11,"3.773768196","1.737624528","0.033888683","19.87146128","1.062663555","..",26.1974003188662
"3630","Portugal","PRT","2009",2.44668e+11,"2.351339126","-3.12207826","0.004602874","19.09309616","1.085582972","..",26.2231680264692
"3631","Portugal","PRT","2008",2.63416e+11,"2.968925942","0.319247343","0.029850736","21.07594131","1.059230208","..",26.2970003685262
"3632","Portugal","PRT","2007",2.40496e+11,"2.500930885","2.506579365","0.013225073","21.36822274","1.028802752","..",26.2059692943373
"3633","Portugal","PRT","2006",2.08756e+11,"6.416330042","1.625035321","0.009802602","21.13432087","1.00923574","..",26.0644319427793
"3634","Portugal","PRT","2005",1.97254e+11,"1.707412327","0.781847565","0.000112306","20.59840241","1.061878324","..",26.0077580753007
"3635","Portugal","PRT","2004",1.89382e+11,"1.312247289","1.78873552","0","20.00007186","1.125666976","..",25.9670319762233
"3636","Portugal","PRT","2003",1.65226e+11,"6.266972579","-0.93052104","0","19.89516338","1.119102359","..",25.8305800706375
"3637","Portugal","PRT","2002",1.34796e+11,"0.436137292","0.770924777","0","20.83930875","1.218020082","..",25.6270283613938
"3638","Portugal","PRT","2001",1.21604e+11,"5.027614442","1.943672124","0","20.52060921","..","..",25.5240357006743
"3639","Portugal","PRT","2000",1.18605e+11,"6.148619208","3.81617712","0","20.88008868","1.148266554","..",25.4990644811374
"3640","Puerto Rico (US)","PRI","2023",1.18375e+11,"..","0.498101252","..","..","0.019601461","..",25.4971233884527
"3641","Puerto Rico (US)","PRI","2022",1.13844e+11,"..","2.957095655","..","..","0.113632426","..",25.4580949271452
"3642","Puerto Rico (US)","PRI","2021",1.06427e+11,"..","0.38522272","0","..","0.36853826","..",25.390725141061
"3643","Puerto Rico (US)","PRI","2020",1.03131e+11,"..","-4.180874309","0","..","-0.018320566","..",25.3592658617269
"3644","Puerto Rico (US)","PRI","2019",1.05126e+11,"..","1.675463795","0","..","-0.023611831","..",25.3784254676794
"3645","Puerto Rico (US)","PRI","2018",1.00958e+11,"..","-4.361427032","0","..","0.001306514","..",25.3379704257174
"3646","Puerto Rico (US)","PRI","2017",1.03446e+11,"..","-2.885218384","0","..","0.09721829","..",25.3623155743682
"3647","Puerto Rico (US)","PRI","2016",1.04337e+11,"..","-1.263694348","0","..","-0.009525355","..",25.3708918819709
"3648","Puerto Rico (US)","PRI","2015",1.03376e+11,"..","-1.049290032","0","..","0.047225419","..",25.3616386637622
"3649","Puerto Rico (US)","PRI","2014",1.02446e+11,"..","-1.190363473","0","..","0.45636633","..",25.3526016674333
"3650","Puerto Rico (US)","PRI","2013",1.0245e+11,"..","-0.306826667","0","..","0.46619001","..",25.3526407116313
"3651","Puerto Rico (US)","PRI","2012",1.01565e+11,"..","0.02927515","0","..","0.533097982","..",25.3439648245521
"3652","Puerto Rico (US)","PRI","2011",1.00352e+11,"..","-0.358510637","0","..","0.431618601","..",25.3319498422343
"3653","Puerto Rico (US)","PRI","2010",98381300000,"..","-0.413254119","0","..","0.472344607","..",25.3121165822942
"3654","Puerto Rico (US)","PRI","2009",96385600000,"..","-1.952425184","0","..","0.483497262","..",25.2916226498116
"3655","Puerto Rico (US)","PRI","2008",93639300000,"..","-1.844134218","0","..","0.407875597","..",25.2627160041033
"3656","Puerto Rico (US)","PRI","2007",89524131600,"..","-1.162806656","0","..","0.405738354","..",25.2177740527001
"3657","Puerto Rico (US)","PRI","2006",87276164400,"..","-1.409414057","0","..","0.506991565","..",25.1923432315844
"3658","Puerto Rico (US)","PRI","2005",83914521300,"..","-1.986938718","0","..","1.269663095","..",25.1530645141083
"3659","Puerto Rico (US)","PRI","2004",80322313000,"..","8.748676901","0","..","1.259595275","..",25.109313289786
"3660","Puerto Rico (US)","PRI","2003",74827400000,"..","0.053419802","0","..","1.33278954","..",25.0384499650121
"3661","Puerto Rico (US)","PRI","2002",71623500000,"..","0.916459423","0","..","1.310743809","..",24.9946890693536
"3662","Puerto Rico (US)","PRI","2001",69208400000,"..","6.313471577","0","..","..","..",24.9603880794864
"3663","Puerto Rico (US)","PRI","2000",61701800000,"..","3.271964519","0","..","0.861537576","..",24.845578940852
"3664","Qatar","QAT","2023",2.13003e+11,"-0.222614822","1.187159916","..","..","0.70220983","..",26.0845720870637
"3665","Qatar","QAT","2022",2.35709e+11,"0.032285062","4.18500971","..","..","0.804029524","..",26.1858638302919
"3666","Qatar","QAT","2021",1.79732e+11,"-0.608353846","1.626846719","15.27846671","..","0.780072868","..",25.9147326894513
"3667","Qatar","QAT","2020",1.44411e+11,"-1.68550859","-3.55760399","10.59573036","..","0.754916787","..",25.6959292377891
"3668","Qatar","QAT","2019",1.76371e+11,"-1.594725376","0.688240955","14.50842444","..","0.817294657","..",25.8958555679111
"3669","Qatar","QAT","2018",1.83335e+11,"-1.192496952","1.234872202","16.29116095","..","0.693066776","..",25.9345809173726
"3670","Qatar","QAT","2017",1.61099e+11,"0.612038723","-1.497604702","13.53946248","..","0.698816359","..",25.8052849197854
"3671","Qatar","QAT","2016",1.51732e+11,"0.510044138","3.064191884","11.16155791","..","0.863357782","..",25.7453816437056
"3672","Qatar","QAT","2015",1.6174e+11,"0.662099304","4.753345724","13.03005946","..","0.856103122","..",25.8092559446141
"3673","Qatar","QAT","2014",2.06225e+11,"0.504491037","5.334323292","21.53881841","..","0.983545244","..",26.0522336426932
"3674","Qatar","QAT","2013",1.98728e+11,"-0.422882596","5.556040643","25.35958699","..","1.103380919","..",26.0152028925302
"3675","Qatar","QAT","2012",1.86834e+11,"0.211888722","4.730011844","28.33898225","..","1.053043008","..",25.9534863590268
"3676","Qatar","QAT","2011",1.67775e+11,"0.559389051","13.37517641","29.94687052","..","1.001109838","..",25.8458896329907
"3677","Qatar","QAT","2010",1.25122e+11,"3.732611559","19.59233153","26.60260398","..","1.400047421","..",25.5525550982704
"3678","Qatar","QAT","2009",97798351648,"8.307641308","11.95656113","23.0165619","..","1.55867815","..",25.3061735595302
"3679","Qatar","QAT","2008",1.1527e+11,"3.27806417","17.66355636","32.60407101","..","0.93235904","..",25.4705430395593
"3680","Qatar","QAT","2007",79712087912,"5.896219912","17.98565682","30.80036116","..","0.670674503","..",25.1016870788959
"3681","Qatar","QAT","2006",60882142857,"5.748812108","26.17024567","34.15201262","..","0.92312324","..",24.8322057479257
"3682","Qatar","QAT","2005",44530494505,"5.614130334","7.492758483","38.17715621","..","0.70509094","..",24.5194400612038
"3683","Qatar","QAT","2004",31734065934,"3.778179583","19.21891534","34.82504016","..","0.504270613","..",24.1806565759646
"3684","Qatar","QAT","2003",23533791209,"2.655415757","3.719958677","33.8929727","..","0.507493377","..",23.8817031490613
"3685","Qatar","QAT","2002",19363736264,"3.222105442","7.18215168","31.83481085","..","0.658825338","..",23.6866678890179
"3686","Qatar","QAT","2001",17538461538,"1.684982456","3.898186662","34.92686481","..","..","..",23.587662108413
"3687","Qatar","QAT","2000",17759890110,"1.416675432","8.028125452","40.76613974","..","0.506152809","..",23.6002083869913
"3688","Romania","ROU","2023",3.50776e+11,"2.482723413","2.404271779","..","..","0.040495344","..",26.5834136800527
"3689","Romania","ROU","2022",2.96354e+11,"3.872901254","3.965307663","..","16.15756594","0.016491659","..",26.4148205226427
"3690","Romania","ROU","2021",2.86578e+11,"4.106637202","5.545709626","0.378228984","14.92374137","-0.061378639","..",26.3812765873564
"3691","Romania","ROU","2020",2.52034e+11,"1.429339349","-3.674384409","0.18364538","14.14650719","-0.098599784","..",26.2528298359918
"3692","Romania","ROU","2019",2.51677e+11,"2.926544483","3.92326385","0.356049741","14.5223191","-0.236893356","..",26.2514123562871
"3693","Romania","ROU","2018",2.43469e+11,"3.016223704","6.120930007","0.41789575","14.37433642","-0.226882994","..",26.2182554613028
"3694","Romania","ROU","2017",2.10147e+11,"2.832730745","8.195478266","0.306819119","15.58664739","-0.141483217","..",26.0710731227782
"3695","Romania","ROU","2016",1.85291e+11,"3.374175696","2.859932523","0.237281274","17.11183625","-0.178657219","..",25.9451933991715
"3696","Romania","ROU","2015",1.77885e+11,"2.427258221","3.157036054","0.334861395","18.91817625","-0.170948252","..",25.9044031110313
"3697","Romania","ROU","2014",1.99722e+11,"1.937288272","4.116001093","0.71097226","17.93906459","-0.224212572","..",26.0201922365483
"3698","Romania","ROU","2013",1.89799e+11,"2.03100514","0.278771877","0.81802854","17.76058604","-0.301038712","..",25.9692314544045
"3699","Romania","ROU","2012",1.79117e+11,"1.701437729","1.903616968","0.944058149","17.15870536","-0.381443471","..",25.9113050605482
"3700","Romania","ROU","2011",1.92624e+11,"1.230426891","4.495589099","0.928598824","17.21537374","-0.333498508","..",25.9840059391391
"3701","Romania","ROU","2010",1.70064e+11,"1.889718591","-3.905811573","0.651277336","16.2393387","-0.352394611","..",25.8594406737376
"3702","Romania","ROU","2009",1.74111e+11,"2.663644071","-5.516706158","0.572798401","15.27210523","-0.309800476","..",25.8829588638039
"3703","Romania","ROU","2008",2.14316e+11,"6.377418661","9.307467171","0.909321005","16.78544449","-0.186216146","..",26.0907173983281
"3704","Romania","ROU","2007",1.74589e+11,"5.786790162","7.233807744","0.811152284","17.53952573","-0.23033078","..",25.8857004772218
"3705","Romania","ROU","2006",1.22024e+11,"9.020060525","8.028811076","1.030692808","17.94705723","-0.20915851","..",25.527483583644
"3706","Romania","ROU","2005",98454380120,"6.600671758","4.668148051","1.197016672","17.46805693","-0.260543019","..",25.3128591318494
"3707","Romania","ROU","2004",74973656852,"8.59368513","10.42811302","1.123612535","17.42126616","-0.322501838","..",25.0404026468095
"3708","Romania","ROU","2003",57806384143,"3.18995908","2.341147329","1.115716757","17.77476375","-0.410669893","..",24.7803650588264
"3709","Romania","ROU","2002",46065502703,"2.483420201","5.70299165","1.231673747","16.48910006","-0.440713197","..",24.5533301923534
"3710","Romania","ROU","2001",40395116581,"2.864207602","5.218184512","1.380201026","16.63341608","..","..",24.4219747378994
"3711","Romania","ROU","2000",37253739511,"2.783613172","2.461216469","2.051940738","17.96270948","-0.51061976","..",24.3410181662903
"3712","Russian Federation","RUS","2023",2.07151e+12,"-0.484918283","4.082524813","..","12.07280139","-1.104678273","..",28.359298925872
"3713","Russian Federation","RUS","2022",2.29161e+12,"-1.736809814","-1.435882139","..","10.84786915","-0.979839683","..",28.4602757432346
"3714","Russian Federation","RUS","2021",1.82919e+12,"2.211365279","5.866491773","9.67159403","11.69663121","-0.921020746","..",28.2348943618446
"3715","Russian Federation","RUS","2020",1.49308e+12,"0.634851184","-2.653654501","4.707770969","10.79911962","-0.930568337","..",28.0318622164392
"3716","Russian Federation","RUS","2019",1.69312e+12,"1.888517316","2.198075713","8.493707431","10.93839974","-0.822259068","..",28.1575940966622
"3717","Russian Federation","RUS","2018",1.65733e+12,"0.530060791","2.807245411","9.654760957","11.4687676","-0.869339645","..",28.1362289896438
"3718","Russian Federation","RUS","2017",1.5742e+12,"1.814092975","1.825790064","6.228645191","10.28840567","-0.914680719","..",28.0847683226548
"3719","Russian Federation","RUS","2016",1.27679e+12,"2.548499988","0.193690071","5.006136595","9.1831221","-0.838650405","..",27.8753702315311
"3720","Russian Federation","RUS","2015",1.36348e+12,"0.502607961","-1.972719226","5.932858423","10.64209481","-0.974069595","..",27.941061370991
"3721","Russian Federation","RUS","2014",2.05924e+12,"1.06987641","0.736267222","9.087489465","13.2553613","-0.918883324","..",28.353358098619
"3722","Russian Federation","RUS","2013",2.29247e+12,"3.019402114","1.755422149","8.680482615","12.93349245","-1.020724416","..",28.4606509548409
"3723","Russian Federation","RUS","2012",2.20829e+12,"2.290798699","4.024086157","9.613076239","13.75467304","-1.051571608","..",28.4232395762987
"3724","Russian Federation","RUS","2011",2.04592e+12,"2.692361181","4.300029186","10.67789183","13.95420368","-1.074376822","..",28.3468686820093
"3725","Russian Federation","RUS","2010",1.52492e+12,"2.830828698","4.499999999","8.571286592","13.04834885","-1.099214792","..",28.0529630655955
"3726","Russian Federation","RUS","2009",1.22265e+12,"2.99212552","-7.799993913","9.192144682","12.95635241","-1.141306877","..",27.832041750155
"3727","Russian Federation","RUS","2008",1.66085e+12,"4.502694249","5.199969264","12.39541431","15.81806782","-1.125228643","..",28.1383506354378
"3728","Russian Federation","RUS","2007",1.2997e+12,"4.298955948","8.499977769","10.73262067","16.55131306","-1.017580867","..",27.893154584534
"3729","Russian Federation","RUS","2006",9.89932e+11,"3.797712094","8.200068255","12.44501327","16.56821576","-0.940847754","..",27.6209020908473
"3730","Russian Federation","RUS","2005",7.64016e+11,"2.029807038","6.399965448","13.68686372","16.62290968","-0.847120821","..",27.361854568302
"3731","Russian Federation","RUS","2004",5.91017e+11,"2.606185281","7.19994787","11.69576154","13.23402539","-0.825626493","..",27.1051106187442
"3732","Russian Federation","RUS","2003",4.30347e+11,"1.842378885","7.299952345","10.9344981","13.3140302","-0.783091724","..",26.7878576969475
"3733","Russian Federation","RUS","2002",3.4547e+11,"1.005535945","4.699991909","10.46236624","13.63496607","-0.95484823","..",26.568171645704
"3734","Russian Federation","RUS","2001",3.06602e+11,"0.928663004","5.100051226","10.30036244","15.7786996","..","..",26.4488163265201
"3735","Russian Federation","RUS","2000",2.5971e+11,"1.031161116","10.00006681","15.35599381","13.72553445","-0.943414032","..",26.2828314608422
"3736","Rwanda","RWA","2023",14331722700,"3.203846613","8.24990302","..","13.50806955","0.671653092","3.5",23.3857412878905
"3737","Rwanda","RWA","2022",13316161006,"2.291214887","8.161207209","..","13.6800512","0.561417639","3.5",23.3122442477546
"3738","Rwanda","RWA","2021",11078787095,"1.912629307","10.85843202","0","14.46370979","0.573008239","3.5",23.1282980443132
"3739","Rwanda","RWA","2020",10174386855,"1.49998347","-3.373687464","0","15.0744688","0.527836561","3.5",23.0431393065085
"3740","Rwanda","RWA","2019",10349300277,"2.542899792","9.447385186","0","14.60535731","0.521383941","3.5",23.0601847482854
"3741","Rwanda","RWA","2018",9637904519,"3.799501383","8.516467226","0","14.24971091","0.535689771","3.5",22.9889695483921
"3742","Rwanda","RWA","2017",9252833894,"2.961535826","3.918170936","0","13.45137139","0.60591954","3.5",22.9481957084689
"3743","Rwanda","RWA","2016",8695272061,"3.217234902","5.970745254","0","14.4161495","0.618635416","3.5",22.8860452736249
"3744","Rwanda","RWA","2015",8543760206,"1.89710171","8.856855597","0","13.29389488","0.59837383","3.5",22.8684670529932
"3745","Rwanda","RWA","2014",8238966120,"3.811123365","6.167166152","0","12.94762927","0.776426077","3.5",22.8321407021219
"3746","Rwanda","RWA","2013",7819964024,"2.989320576","4.71984857","0","..","0.624868751","3.5",22.7799457909815
"3747","Rwanda","RWA","2012",7654761045,"3.52219421","8.641508158","0","..","0.559880137","3.5",22.7585936500234
"3748","Rwanda","RWA","2011",6884913658,"1.62859756","7.958388698","0","..","0.362672299","3.5",22.6525984284529
"3749","Rwanda","RWA","2010",6124756654,"3.529814636","7.33465645","0","..","0.365169644","3.5",22.5356048626288
"3750","Rwanda","RWA","2009",5674476969,"2.091294064","6.248257506","0.002040636","..","0.108438961","3.5",22.4592442320136
"3751","Rwanda","RWA","2008",5179854065,"1.97476606","11.16124732","0","..","0.108792886","3.5",22.368042720041
"3752","Rwanda","RWA","2007",4070507895,"2.021447253","7.633298191","0","..","0.007067768","3.5",22.1270336185416
"3753","Rwanda","RWA","2006",3319784539,"0.92307105","9.227075768","0","..","-0.20552519","3",21.9231657198773
"3754","Rwanda","RWA","2005",2933819766,"0.271318644","9.377899167","0","..","-0.629166365","3",21.7995710853325
"3755","Rwanda","RWA","2004",2376496067,"0.324006427","7.44766737","0","..","-0.412591547","..",21.5888929990622
"3756","Rwanda","RWA","2003",2138237279,"0.219807224","2.202387511","0","..","-0.588587761","..",21.4832476251499
"3757","Rwanda","RWA","2002",1966003468,"0.076296915","13.19207363","0","..","-0.716065526","..",21.3992686226576
"3758","Rwanda","RWA","2001",1966600715,"0.940709512","8.484560342","0","..","..","..",21.3995723638819
"3759","Rwanda","RWA","2000",2068836754,"0.391524367","8.370895935","0","..","-0.73360455","..",21.4502523316787
"3760","Samoa","WSM","2023",938189443.8,"0.255376459","9.20864924","..","26.6813295","0.727086067","4",20.6594624522498
"3761","Samoa","WSM","2022",832945205.6,"0.57632308","-5.3062909","..","25.6499676","0.554122448","4",20.5404784183757
"3762","Samoa","WSM","2021",843923638.7,"1.060395069","-7.078830943","0","25.02896478","0.59250468","4",20.5535725729931
"3763","Samoa","WSM","2020",868898358.3,"0.509390077","-3.108444011","0","24.42261554","0.712402642","4",20.5827367124073
"3764","Samoa","WSM","2019",912950466.1,"-0.238656492","4.451858917","0","24.39474834","0.648498595","4",20.6321921830896
"3765","Samoa","WSM","2018",878448433.4,"1.902610356","-0.609647103","0","23.88151186","0.647117853","4",20.5936677654053
"3766","Samoa","WSM","2017",884844384.5,"1.041468076","1.4062824","0","23.48328391","0.659018934","4",20.600922350788
"3767","Samoa","WSM","2016",843924796.7,"0.298684613","7.983862878","0","22.97078599","0.30041337","4",20.5535739451543
"3768","Samoa","WSM","2015",824150498.7,"3.26002743","3.850361817","0","22.53865942","0.2985861","4",20.5298637152497
"3769","Samoa","WSM","2014",796683519.6,"2.868101541","0.659923769","0","23.68292242","0.358885229","4",20.4959680683076
"3770","Samoa","WSM","2013",797736334.3,"1.72885383","0.107293276","0","22.69418628","0.181165755","4",20.4972886926719
"3771","Samoa","WSM","2012",773141661.2,"2.699576387","-3.732130209","0","20.5386088","0.141266376","4",20.4659728513396
"3772","Samoa","WSM","2011",744097050.2,"2.041600295","3.849077947","0","..","0.12943545","4",20.4276820281075
"3773","Samoa","WSM","2010",680260907.2,"0.049456769","6.124719923","0","..","0.169478163","4",20.3379869696042
"3774","Samoa","WSM","2009",628006115.4,"1.57134083","-0.541677602","0","..","0.153789654","4",20.2580604622831
"3775","Samoa","WSM","2008",641346191.7,"7.15667987","3.556104674","0","..","0.259912491","4",20.2790799497491
"3776","Samoa","WSM","2007",573548459.8,"1.189389898","0.48598255","0","..","0.302983135","4",20.1673529893074
"3777","Samoa","WSM","2006",499923757.8,"4.386203205","2.132127147","0","..","0.304151416","4",20.0299661603595
"3778","Samoa","WSM","2005",476801793.2,"0.78935617","6.639203613","0","..","0.218686625","4",19.9826114346144
"3779","Samoa","WSM","2004",407747565.1,"0.608449074","3.087260238","0","..","-0.238485977","..",19.8261588278964
"3780","Samoa","WSM","2003",333426188.4,"0.817062395","5.212628926","0","..","-0.10321895","..",19.6249320746862
"3781","Samoa","WSM","2002",281790134.2,"0.567585521","5.651959199","0","..","-0.070856519","..",19.4566731468799
"3782","Samoa","WSM","2001",266299591.5,"0.531202467","7.390129062","0","..","..","..",19.4001325167988
"3783","Samoa","WSM","2000",258856139.8,"-0.46620876","5.093044692","0","..","-0.042195026","..",19.3717830205596
"3784","San Marino","SMR","2022",1831700577,"..","7.898441458","..","17.81140693","1.270272374","..",21.3285106493383
"3785","San Marino","SMR","2021",1855396000,"..","13.89778951","..","17.29597316","1.279687047","..",21.3413639873118
"3786","San Marino","SMR","2020",1544714493,"..","-6.647910818","..","16.13626113","1.265453935","..",21.1581049360448
"3787","San Marino","SMR","2019",1616232125,"..","2.065685147","..","16.91273433","1.176189423","..",21.2033634284378
"3788","San Marino","SMR","2018",1655353653,"..","1.493905318","..","17.95681677","1.178940058","..",21.2272805105608
"3789","San Marino","SMR","2017",1528620346,"..","0.258265466","..","16.468847","1.171781301","..",21.147631430903
"3790","San Marino","SMR","2016",1468343140,"..","2.344405861","..","16.68951936","1.15941143","..",21.1074004864183
"3791","San Marino","SMR","2015",1419401071,"..","2.291505561","..","17.89022288","1.151729107","..",21.073500838599
"3792","San Marino","SMR","2014",1673911426,"..","-0.7023705","..","18.34558313","..","..",21.2384288960248
"3793","San Marino","SMR","2013",1678741475,"..","-0.783972125","..","17.06623964","..","..",21.2413102276057
"3794","San Marino","SMR","2012",1604701299,"..","-7.044534413","..","18.01625741","..","..",21.1962034696664
"3795","San Marino","SMR","2011",1813717439,"..","-8.314773571","..","16.15303556","..","..",21.3186444096928
"3796","San Marino","SMR","2010",1881191925,"..","-5.473684211","..","15.59202295","..","..",21.3551714155531
"3797","San Marino","SMR","2009",2064277126,"..","-10.32095658","..","16.93910919","..","..",21.4480459420257
"3798","San Marino","SMR","2008",2403213305,"..","-0.500939261","..","17.67091532","..","..",21.6000725558869
"3799","San Marino","SMR","2007",2188654628,"..","7.109322602","..","17.63826308","..","..",21.5065528668857
"3800","San Marino","SMR","2006",1909765165,"..","3.830083565","..","17.22250106","..","..",21.3702461211842
"3801","San Marino","SMR","2005",1786514058,"..","2.42510699","..","16.93509389","..","..",21.3035321044144
"3802","San Marino","SMR","2004",1715340543,"..","4.548844146","..","15.92509838","..","..",21.2628774651994
"3803","San Marino","SMR","2003",1462590267,"..","3.872966692","..","16.90549549","..","..",21.1034748561913
"3804","San Marino","SMR","2002",1148872072,"..","0.310800311","..","18.0982586","..","..",20.8620464910592
"3805","San Marino","SMR","2001",1059529812,"..","5.578342904","..","..","..","..",20.7810910730776
"3806","San Marino","SMR","2000",1007661367,"..","2.179379715","..","..","..","..",20.7308980047168
"3807","Sao Tome and Principe","STP","2023",678976264.8,"2.716152383","0.372252775","..","..","0.360224694","3.5",20.3360967288001
"3808","Sao Tome and Principe","STP","2022",540809499.2,"23.43601511","0.168698492","..","..","0.305139542","3.5",20.1085776476275
"3809","Sao Tome and Principe","STP","2021",524402455.5,"11.2509261","1.899298913","0","..","0.23234804","3.5",20.0777699923371
"3810","Sao Tome and Principe","STP","2020",471229484.6,"9.997715829","2.624859495","0","..","0.119751044","3.5",19.9708557617736
"3811","Sao Tome and Principe","STP","2019",412976082.6,"5.857917814","2.014316721","0","..","0.133435577","3.5",19.8389002378682
"3812","Sao Tome and Principe","STP","2018",383717327.8,"6.175984186","4.378128083","0","..","0.152902648","3.5",19.7654167139577
"3813","Sao Tome and Principe","STP","2017",322002845.2,"10.62366049","4.112979663","0","..","0.152014688","3.5",19.5900709394945
"3814","Sao Tome and Principe","STP","2016",292267272.2,"7.982791554","5.176824687","0","..","-0.083519801","3.5",19.49317925734
"3815","Sao Tome and Principe","STP","2015",259999643,"10.74003749","1.539704283","0","..","-0.067590348","3.5",19.3761908159019
"3816","Sao Tome and Principe","STP","2014",293119143.2,"9.037274685","4.906210487","0","..","0.013135637","3.5",19.4960897164108
"3817","Sao Tome and Principe","STP","2013",267041747.6,"4.554473198","5.119677354","0","..","-0.171315938","3.5",19.4029155621943
"3818","Sao Tome and Principe","STP","2012",229371348.2,"9.797006995","2.942942774","0","..","-0.172321394","3.5",19.2508528559924
"3819","Sao Tome and Principe","STP","2011",226455001.2,"14.19811811","1.999432103","0","..","-0.182666853","3.5",19.2380568129512
"3820","Sao Tome and Principe","STP","2010",190021192.5,"26.62860881","1.448455229","0","..","-0.237911433","3.5",19.0626461633784
"3821","Sao Tome and Principe","STP","2009",200668065,"7.724198665","3.302399666","0","..","-0.184565529","3.5",19.1171626830192
"3822","Sao Tome and Principe","STP","2008",188021165,"42.09280841","6.22878507","0","..","-0.293066412","3.5",19.0520650942448
"3823","Sao Tome and Principe","STP","2007",149146918.9,"24.15640101","3.641471852","0","..","-0.288336992","3.5",18.8204424109845
"3824","Sao Tome and Principe","STP","2006",142775104.1,"26.62637839","8.866109359","0","..","-0.274057031","3.5",18.7767812516342
"3825","Sao Tome and Principe","STP","2005",136450662.4,"11.47960715","6.61462475","0","..","-0.541059792","3.5",18.7314736596323
"3826","Sao Tome and Principe","STP","2004",114582283.9,"3.055446165","3.537905944","0","..","-0.463267118","..",18.5568037595441
"3827","Sao Tome and Principe","STP","2003",102085769.1,"3.330532776","8.291519461","0","..","-0.109425098","..",18.4413238914419
"3828","Sao Tome and Principe","STP","2002",85171073.88,"4.226787143","3.360188168","0","..","0.237328082","..",18.2601724257028
"3829","Sao Tome and Principe","STP","2001",75951133.38,"3.94990814","3.064482958","0","..","..","..",18.145600709607
"3830","Sao Tome and Principe","STP","2000",76198394.82,"4.986981693","0.448368262","..","..","0.34606427","..",18.1488509550807
"3831","Saudi Arabia","SAU","2023",1.21858e+12,"1.871310322","0.542592439","..","7.804403937","0.536042988","..",27.8287073623497
"3832","Saudi Arabia","SAU","2022",1.23908e+12,"2.155644963","12.00058748","..","6.953445922","0.357307374","..",27.8453902846913
"3833","Saudi Arabia","SAU","2021",9.82661e+11,"2.885061217","6.519596983","23.68629406","8.605345834","0.282917559","..",27.6135300349495
"3834","Saudi Arabia","SAU","2020",7.67951e+11,"0.211115523","-3.80476473","15.97891078","7.876200646","0.241704509","..",27.3669917659753
"3835","Saudi Arabia","SAU","2019",8.8889e+11,"0.346411456","1.651563589","24.32957801","6.601591339","0.246933833","..",27.5132393302714
"3836","Saudi Arabia","SAU","2018",8.86565e+11,"1.369456833","3.22695089","28.08428116","7.918533798","0.330702603","..",27.5106202818258
"3837","Saudi Arabia","SAU","2017",7.41266e+11,"0.136801407","1.182079933","23.61707191","3.144284072","0.332312196","..",27.3316253721856
"3838","Saudi Arabia","SAU","2016",6.89279e+11,"3.185186119","1.704074658","20.00517714","3.171892013","0.198880643","..",27.2589119606841
"3839","Saudi Arabia","SAU","2015",6.93414e+11,"0.572622098","4.655123167","23.95679932","3.146170602","0.021385988","..",27.2648930603598
"3840","Saudi Arabia","SAU","2014",7.87153e+11,"0.191711517","4.024640706","40.32196899","2.662929768","0.08140374","..",27.3916884756175
"3841","Saudi Arabia","SAU","2013",7.69756e+11,"0.437984196","2.945699907","44.45649855","2.651854233","-0.027551834","..",27.3693394184592
"3842","Saudi Arabia","SAU","2012",7.51921e+11,"0.669626014","5.761507324","47.40938523","2.484586154","-0.045678299","..",27.3458971021863
"3843","Saudi Arabia","SAU","2011",6.80661e+11,"0.688133632","11.75885681","49.16121888","2.299686814","-0.312528074","..",27.2463302217969
"3844","Saudi Arabia","SAU","2010",5.28207e+11,"0.923670092","5.039515082","37.90113143","2.529612102","0.036955286","..",26.9927540892775
"3845","Saudi Arabia","SAU","2009",4.29098e+11,"0.101690387","-1.066717112","34.63154171","..","-0.020552717","..",26.7849511680148
"3846","Saudi Arabia","SAU","2008",5.19797e+11,"1.059256996","6.237987537","54.085801","..","-0.014675688","..",26.9767041876866
"3847","Saudi Arabia","SAU","2007",4.15965e+11,"1.484578845","2.213653964","47.43944297","..","-0.169473514","..",26.7538669590528
"3848","Saudi Arabia","SAU","2006",3.769e+11,"1.585536023","3.313484736","49.67009728","..","-0.195399955","..",26.6552457372195
"3849","Saudi Arabia","SAU","2005",3.2846e+11,"1.335158503","5.944896239","48.86063151","..","-0.103524342","..",26.5176809018558
"3850","Saudi Arabia","SAU","2004",2.58742e+11,"-0.129209725","8.631005459","42.64093011","..","-0.297835916","..",26.2790972631736
"3851","Saudi Arabia","SAU","2003",2.15808e+11,"-0.271772776","8.768733817","37.03452202","..","-0.167679191","..",26.0976549604457
"3852","Saudi Arabia","SAU","2002",1.89606e+11,"-0.323899964","-0.68839013","31.34244784","..","0.182221666","..",25.9682140718362
"3853","Saudi Arabia","SAU","2001",1.84138e+11,"0.010665937","0.344593196","33.35266274","..","..","..",25.9389513134459
"3854","Saudi Arabia","SAU","2000",1.89515e+11,"-0.992569099","4.718134221","41.66917084","..","-0.195145682","..",25.9677340140091
"3855","Senegal","SEN","2023",30696331296,"15.60446","4.257430833","..","19.537079","0.057832226","3.5",24.1474089826397
"3856","Senegal","SEN","2022",27783332223,"10.5411242","3.850431937","..","18.5924842","-0.013174304","3.5",24.0477021175111
"3857","Senegal","SEN","2021",27520784130,"9.404264051","6.5440011","0","17.55013297","0.042310625","3.5",24.0382073427016
"3858","Senegal","SEN","2020",24530513038,"7.523957081","1.342073773","0","17.4488279","-0.007295328","3.5",23.9231836097148
"3859","Senegal","SEN","2019",23403995992,"4.552476186","4.613628097","0","18.41928364","-0.003571971","3.5",23.8761726136196
"3860","Senegal","SEN","2018",23116701556,"3.66765809","6.209241034","0","16.37825247","-0.047376096","3.5",23.8638212043098
"3861","Senegal","SEN","2017",20996562944,"2.801853806","7.407486186","0","15.90645166","-0.114319831","3.5",23.7676245919412
"3862","Senegal","SEN","2016",19040312333,"2.481103207","6.356068572","0","16.37117645","-0.024278427","3.5",23.6698242702192
"3863","Senegal","SEN","2015",17774766696,"2.301949347","6.367043651","0","15.77433605","0.031306829","3.5",23.6010456871487
"3864","Senegal","SEN","2014",19797253440,"2.036131212","6.224074438","0","..","0.058449276","3.5",23.7088090498735
"3865","Senegal","SEN","2013",18918667725,"1.64581763","2.412385276","0","..","-0.189072818","3.5",23.6634149818646
"3866","Senegal","SEN","2012",17660870412,"1.563680196","4.002995551","0","..","-0.258422732","3.5",23.5946173181104
"3867","Senegal","SEN","2011",17814283639,"1.901069964","1.33409108","0","..","-0.503729224","3.5",23.6032664240815
"3868","Senegal","SEN","2010",16121315909,"1.687783367","3.390889253","0","..","-0.641386092","3",23.5034082027651
"3869","Senegal","SEN","2009",16145867495,"2.052995358","2.752104485","0","..","-0.490049094","3",23.504929971209
"3870","Senegal","SEN","2008",16853989628,"2.704047398","3.703169064","0","..","-0.500159681","3",23.5478532388935
"3871","Senegal","SEN","2007",13994218413,"2.511456675","2.827119201","0","..","-0.514299452","3",23.3619101107659
"3872","Senegal","SEN","2006",11697918243,"2.477708377","2.330770983","0","..","-0.37309429","3",23.1826767349703
"3873","Senegal","SEN","2005",11009033438,"1.525512948","4.310238526","0","..","-0.035375662","3",23.1219819943632
"3874","Senegal","SEN","2004",10076816667,"1.365346632","4.643293937","0","..","0.023222394","..",23.0335032428669
"3875","Senegal","SEN","2003",8768721563,"0.986458285","5.593950945","0","..","-0.141306818","..",22.8944568588162
"3876","Senegal","SEN","2002",7006402320,"1.180244408","0.068696575","0","..","0.247913659","..",22.6700901851372
"3877","Senegal","SEN","2001",6507824829,"0.692757273","4.310851466","0","..","..","..",22.596271109684
"3878","Senegal","SEN","2000",6013185004,"1.357744524","3.887210958","0.000962643","..","-0.094585538","..",22.517220395868
"3879","Serbia","SRB","2023",81342660752,"6.070052205","3.847471128","..","..","-0.447204262","..",25.1219364483731
"3880","Serbia","SRB","2022",66797564758,"6.904815809","2.630986444","..","23.89740663","-0.456542432","..",24.9249324611059
"3881","Serbia","SRB","2021",66159884073,"6.953120891","7.949056505","0.424420788","19.66099612","-0.459140092","..",24.9153401354384
"3882","Serbia","SRB","2020",55874017669,"6.23865408","-0.950023992","0.213906994","22.43023449","-0.451470822","..",24.7463653088576
"3883","Serbia","SRB","2019",53864693665,"7.924874271","4.750207939","0.426534458","23.0002958","-0.450225323","..",24.7097410661883
"3884","Serbia","SRB","2018",52787520249,"7.71374569","4.649350355","0.502181565","22.63845372","-0.396570772","..",24.689540640801
"3885","Serbia","SRB","2017",45972834714,"6.296361717","2.363393787","0.363808379","23.12895636","-0.435911","..",24.5513165092967
"3886","Serbia","SRB","2016",42225495910,"5.577707464","2.975197792","0.276626517","22.44446425","-0.383323163","..",24.4662900440355
"3887","Serbia","SRB","2015",41297410635,"5.673817558","1.295738512","0.402583557","21.46665374","-0.31857723","..",24.4440656384588
"3888","Serbia","SRB","2014",49114321280,"4.071193769","-1.804270248","0.863046421","21.05217409","-0.247404575","..",24.6174165049815
"3889","Serbia","SRB","2013",50455529604,"4.081410566","0.451578763","0.939643703","19.98740091","-0.327844173","..",24.6443581833691
"3890","Serbia","SRB","2012",45103269969,"2.827599321","-0.443956029","1.090690288","17.81456033","-0.357432961","..",24.5322205856826
"3891","Serbia","SRB","2011",51251098408,"9.620344097","0.054272479","0.890629908","18.3137738","-0.299286216","..",24.6600028870865
"3892","Serbia","SRB","2010",43536629233,"3.889254517","1.610972661","0.531586696","19.4313895","-0.31941554","..",24.4968684720481
"3893","Serbia","SRB","2009",46955984410,"6.238239378","-3.142610465","0.335048939","19.24089066","-0.317943394","..",24.5724764979497
"3894","Serbia","SRB","2008",54220641202,"7.480173771","5.160892773","0.512169486","20.35747308","-0.302461773","..",24.7163275068784
"3895","Serbia","SRB","2007",44888028946,"9.853835831","7.832071663","0.420166236","20.48727479","-0.341682166","..",24.5274369802443
"3896","Serbia","SRB","2006",33298057362,"..","3.900663855","0.511008374","..","-0.277591467","2.5",24.2287648947536
"3897","Serbia","SRB","2005",28334256181,"..","5.903497983","0.519958422","..","-0.406051368","3",24.0673373753323
"3898","Serbia","SRB","2004",26845632342,"..","6.686867713","0.383259939","..","-0.493293792","..",24.0133689758425
"3899","Serbia","SRB","2003",23593044418,"..","4.559689512","0.334564656","..","-0.494189292","..",23.8842177774863
"3900","Serbia","SRB","2002",17930583571,"..","6.541048197","0.386999681","..","-0.895784795","..",23.6097736712173
"3901","Serbia","SRB","2001",13599378662,"..","6.778519089","0.640648704","..","..","..",23.3332899420271
"3902","Serbia","SRB","2000",7326373882,"..","6.055092258","1.7969802","..","-1.15667069","..",22.7147465349448
"3903","Seychelles","SYC","2023",2187379755,"10.95860441","2.259253223","..","..","1.628847718","..",21.5059702055423
"3904","Seychelles","SYC","2022",2018346589,"9.40509377","12.71046889","..","..","1.69851017","..",21.4255444928918
"3905","Seychelles","SYC","2021",1487173795,"7.528088833","0.552281631","0","..","1.600459337","..",21.1201433738559
"3906","Seychelles","SYC","2020",1382551752,"5.790270152","-11.73986083","0","..","1.388897538","..",21.0471967242949
"3907","Seychelles","SYC","2019",1868690097,"13.7575702","5.514292074","0","..","1.17574966","..",21.3485035394724
"3908","Seychelles","SYC","2018",1784313927,"17.10306629","4.939472723","0","..","0.860159636","..",21.302299823673
"3909","Seychelles","SYC","2017",1675370641,"11.77716974","6.954162188","0","..","0.84922719","..",21.239300255954
"3910","Seychelles","SYC","2016",1568513348,"4.357421887","12.11752725","0","..","1.100882292","..",21.1733940956002
"3911","Seychelles","SYC","2015",1432403352,"7.392721962","8.914008875","0","..","1.141880393","..",21.0826195362143
"3912","Seychelles","SYC","2014",1387577870,"7.808963045","4.063691812","0","..","0.577862799","..",21.0508255245326
"3913","Seychelles","SYC","2013",1333160407,"4.29723725","1.253734962","0","..","0.600877047","..",21.0108182062371
"3914","Seychelles","SYC","2012",1089407839,"56.28826544","3.110678494","0","..","0.579943299","..",20.808900118592
"3915","Seychelles","SYC","2011",1058918707,"13.52706909","9.509783352","0","..","0.606024206","..",20.7805141366909
"3916","Seychelles","SYC","2010",981616542.3,"16.2787981","4.505132043","0","..","0.600197673","..",20.7047113036028
"3917","Seychelles","SYC","2009",850901620.4,"19.773339","-2.479375947","0","..","0.575691283","..",20.5618070751546
"3918","Seychelles","SYC","2008",979597394.3,"18.35707661","-2.725946262","0","22.08470166","0.562798917","..",20.7026522230755
"3919","Seychelles","SYC","2007",1077308814,"16.32991806","8.876066456","0","22.30720959","0.336277306","..",20.797731929396
"3920","Seychelles","SYC","2006",1081441283,"12.99707119","9.406128557","0","23.20791243","0.334428996","..",20.8015605096967
"3921","Seychelles","SYC","2005",977899381.8,"8.25542388","9.005761737","0","25.6585989","0.374254942","..",20.7009173411113
"3922","Seychelles","SYC","2004",893012218.2,"4.256924074","-2.850453977","0","..","0.549316823","..",20.610110820942
"3923","Seychelles","SYC","2003",750847230.1,"7.781282048","-5.887128488","0","..","0.791487634","..",20.4367127670646
"3924","Seychelles","SYC","2002",742134837.5,"6.429794918","1.212832903","0","..","0.694714844","..",20.4250415063204
"3925","Seychelles","SYC","2001",662064155.9,"9.778547279","-2.271162886","0","..","..","..",20.3108730214412
"3926","Seychelles","SYC","2000",654212394.3,"3.718516655","4.253198349","0","24.51278138","0.592290521","..",20.2989426186243
"3927","Sierra Leone","SLE","2023",6411787856,"3.758702025","5.710021898","..","..","-0.574557841","3",22.5814039856816
"3928","Sierra Leone","SLE","2022",7124465160,"2.035240495","5.313554614","..","..","-0.559889019","3",22.6868004950204
"3929","Sierra Leone","SLE","2021",7173379137,"2.983252326","5.896852705","0","..","-0.455585212","3",22.693642668821
"3930","Sierra Leone","SLE","2020",6693888876,"0.761888955","-1.253349032","0","..","-0.396055698","3",22.62446083906
"3931","Sierra Leone","SLE","2019",6526183564,"1.866055302","5.502709374","0","..","-0.470781624","3",22.5990881628249
"3932","Sierra Leone","SLE","2018",6390514689,"2.905028802","2.893856412","0","..","-0.511718929","3",22.5780806481016
"3933","Sierra Leone","SLE","2017",5749846528,"7.195402496","3.207860877","0","..","-0.590301275","3",22.4724390006169
"3934","Sierra Leone","SLE","2016",6084297211,"2.276636644","6.437436528","0","..","-0.841478765","3",22.5289770613995
"3935","Sierra Leone","SLE","2015",6788352975,"3.718660924","-4.363332621","0","..","-0.820486605","3",22.6384741828191
"3936","Sierra Leone","SLE","2014",7686138791,"4.880078785","-7.815015125","0","..","-0.948586166","3",22.7626843865633
"3937","Sierra Leone","SLE","2013",7502762863,"5.726751438","14.66332381","0","..","-0.912265718","3",22.7385371713861
"3938","Sierra Leone","SLE","2012",6141666509,"11.76305167","10.57833166","0","..","-0.957400441","3",22.5383619606821
"3939","Sierra Leone","SLE","2011",4861632885,"19.55058751","8.100655187","0","..","-0.860041797","3",22.3046402029965
"3940","Sierra Leone","SLE","2010",4262805967,"5.592659183","6.355665958","0","..","-0.780791581","3",22.1731934580943
"3941","Sierra Leone","SLE","2009",3953403098,"2.793294784","1.53080324","0","..","-0.942291141","3",22.0978425887411
"3942","Sierra Leone","SLE","2008",4157895298,"1.276969819","3.686059699","0","..","-0.978874683","2.5",22.148274845209
"3943","Sierra Leone","SLE","2007",3632957611,"2.627891144","3.749758048","0","..","-0.919340312","2.5",22.0133129223497
"3944","Sierra Leone","SLE","2006",3263697467,"1.803756154","4.2831105","0","..","-1.026145697","2.5",21.9061265819461
"3945","Sierra Leone","SLE","2005",2545275313,"3.564709456","4.353499894","0","..","-1.085491657","2.5",21.6575046590942
"3946","Sierra Leone","SLE","2004",2237350687,"2.733291412","6.478845949","0","..","-0.881412625","..",21.5285582738196
"3947","Sierra Leone","SLE","2003",2142618046,"0.402080515","9.483631431","0","..","-0.892783046","..",21.4852943042346
"3948","Sierra Leone","SLE","2002",1933863911,"0.53847685","26.52413503","0","..","-0.789458632","..",21.3827858649039
"3949","Sierra Leone","SLE","2001",1681473894,"0.58494765","-6.345455604","0","..","..","..",21.2429365636003
"3950","Sierra Leone","SLE","2000",635866403.8,"6.133493496","6.652729835","0","..","-0.736801982","..",20.2704990423211
"3951","Singapore","SGP","2023",5.0544e+11,"26.21410357","1.821406941","..","13.89487356","2.040184021","..",26.9486951740002
"3952","Singapore","SGP","2022",5.09018e+11,"29.41423786","4.108000219","..","11.78394911","2.09469986","..",26.9557492163294
"3953","Singapore","SGP","2021",4.36591e+11,"33.30458087","9.756804463","0","12.74012115","2.139510632","..",26.8022626670156
"3954","Singapore","SGP","2020",3.49166e+11,"22.84108284","-3.814708855","0","12.74330479","2.118231773","..",26.5788132907649
"3955","Singapore","SGP","2019",3.76162e+11,"28.33155043","1.308041182","0","13.17736117","2.120042801","..",26.6532857386105
"3956","Singapore","SGP","2018",3.77124e+11,"22.11837726","3.451975966","0","13.0051769","2.134731293","..",26.6558398827814
"3957","Singapore","SGP","2017",3.43673e+11,"29.67061262","4.476899158","0","13.97314352","2.088784933","..",26.5629564608354
"3958","Singapore","SGP","2016",3.19646e+11,"20.37662876","3.747578488","0.028930239","13.28399811","2.042241573","..",26.490479970394
"3959","Singapore","SGP","2015",3.07999e+11,"22.65418269","2.976799316","0.03400842","13.13977453","2.051130772","..",26.4533623731615
"3960","Singapore","SGP","2014",3.14864e+11,"21.81848808","3.935540277","0.104388993","13.55655713","2.06742692","..",26.4754066365111
"3961","Singapore","SGP","2013",3.07576e+11,"20.93448104","4.817630991","0.119121894","13.27125008","2.070466757","..",26.4519880481269
"3962","Singapore","SGP","2012",2.95093e+11,"18.74352442","4.435497594","0.142898804","13.58066874","2.115708113","..",26.4105563978413
"3963","Singapore","SGP","2011",2.79356e+11,"17.59603141","6.214934169","0.153787333","13.10572195","2.102997065","..",26.355752791053
"3964","Singapore","SGP","2010",2.39808e+11,"23.06947168","14.51974971","0.038058945","12.78582397","2.171362877","..",26.2031044401176
"3965","Singapore","SGP","2009",1.9415e+11,"12.07109441","0.127953383","0.00620811","12.95492653","2.206720352","..",25.9918968931241
"3966","Singapore","SGP","2008",1.93617e+11,"7.023286082","1.863483455","0.024765843","13.75439145","2.231617928","..",25.9891478178512
"3967","Singapore","SGP","2007",1.80942e+11,"26.16198888","9.021519513","0.006460015","12.8204282","2.231212378","..",25.9214423748708
"3968","Singapore","SGP","2006",1.48627e+11,"26.3271523","9.006766079","0.00333183","11.83102218","2.174917221","..",25.7247056485531
"3969","Singapore","SGP","2005",1.27808e+11,"15.11335885","7.366322393","0.000219095","11.5770274","2.156098127","..",25.5737949747398
"3970","Singapore","SGP","2004",1.15034e+11,"21.20272375","9.939982684","0","11.60451158","2.301145792","..",25.4684935737871
"3971","Singapore","SGP","2003",97646401096,"17.46241537","4.548255426","0","12.44607416","2.169167757","..",25.3046186384542
"3972","Singapore","SGP","2002",92538372870,"6.653665882","3.923360767","0","12.68873934","2.262733698","..",25.2508892372795
"3973","Singapore","SGP","2001",89793790670,"18.93986069","-1.070862751","0","14.58551915","..","..",25.22078166365
"3974","Singapore","SGP","2000",96076539926,"16.14889045","9.038316326","0","14.85578908","2.139873028","..",25.2884110016425
"3975","Sint Maarten (Dutch part)","SXM","2023",1627776949,"2.780922683","3.8","..","..","..","..",21.2104810859264
"3976","Sint Maarten (Dutch part)","SXM","2022",1537088715,"1.111283845","9.800001111","..","..","..","..",21.1531560194208
"3977","Sint Maarten (Dutch part)","SXM","2021",1353071061,"1.981796845","4.577596779","..","..","..","..",21.0256427058202
"3978","Sint Maarten (Dutch part)","SXM","2020",1236428101,"1.792862847","-13.31678872","..","..","..","..",20.9354924960455
"3979","Sint Maarten (Dutch part)","SXM","2019",1407880447,"5.246776334","10.96500094","..","..","..","..",21.0653511812761
"3980","Sint Maarten (Dutch part)","SXM","2018",1259200447,"-3.805199052","-6.856982992","..","..","..","..",20.9537427906146
"3981","Sint Maarten (Dutch part)","SXM","2017",1353212123,"4.747836349","-7.535213999","..","..","..","..",21.0257469535951
"3982","Sint Maarten (Dutch part)","SXM","2016",1427017207,"2.911883082","0.967758363","..","..","..","..",21.0788522335324
"3983","Sint Maarten (Dutch part)","SXM","2015",1417888715,"1.95861279","0.10581315","..","..","..","..",21.0724347817227
"3984","Sint Maarten (Dutch part)","SXM","2014",1361811508,"3.503384787","1.580382215","..","..","..","..",21.0320816415576
"3985","Sint Maarten (Dutch part)","SXM","2013",1022905028,"4.629710541","1.306731035","..","..","..","..",20.7459124828517
"3986","Sint Maarten (Dutch part)","SXM","2012",985865921.8,"1.370204567","1.390544568","..","..","..","..",20.7090309213733
"3987","Sint Maarten (Dutch part)","SXM","2011",936089385.5,"-5.179040344","4.600003414","..","..","..","..",20.6572215272113
"3988","Sint Maarten (Dutch part)","SXM","2010",892290502.8,"..","3.199992692","..","..","..","..",20.6093023133082
"3989","Sint Maarten (Dutch part)","SXM","2009",854972067,"..","..","..","..","..","..",20.5665793561919
"3990","Slovak Republic","SVK","2023",1.33897e+11,"-0.244772213","2.168149116","..","..","0.292565286","..",25.6203366846129
"3991","Slovak Republic","SVK","2022",1.15884e+11,"4.165436078","0.437359509","..","19.44704567","0.213295862","..",25.4758555277192
"3992","Slovak Republic","SVK","2021",1.20561e+11,"2.255849336","5.699592633","0.001763488","18.96744394","0.210813537","..",25.5154216858553
"3993","Slovak Republic","SVK","2020",1.07733e+11,"-1.059756667","-2.585512417","0.000491875","18.46447556","0.415226489","..",25.402921780861
"3994","Slovak Republic","SVK","2019",1.05843e+11,"2.153945486","2.2758991","0.001566943","18.76044211","0.187729359","..",25.3852227010226
"3995","Slovak Republic","SVK","2018",1.06612e+11,"2.112695316","4.062119819","0.001983634","18.46432442","0.230296522","..",25.3924619126991
"3996","Slovak Republic","SVK","2017",95978130735,"4.399864246","2.874733275","0.001511931","18.50239117","0.097416274","..",25.287386197619
"3997","Slovak Republic","SVK","2016",90347173229,"5.277707007","1.947818415","0.001429329","18.01278076","0.15208143","..",25.2269255665998
"3998","Slovak Republic","SVK","2015",89178548717,"1.704871225","5.176879097","0.002396109","18.05151735","0.109913036","..",25.2139063623757
"3999","Slovak Republic","SVK","2014",1.01713e+11,"-0.356803047","2.707951514","0.004911772","17.38846665","0.121957377","..",25.3454209587737
"4000","Slovak Republic","SVK","2013",99134277850,"1.012668786","0.703323545","0.00600611","16.6592069","0.048900682","..",25.3197411099994
"4001","Slovak Republic","SVK","2012",94724394278,"1.87551069","1.569171047","0.007712684","15.4996174","0.069280498","..",25.2742373992991
"4002","Slovak Republic","SVK","2011",99705104723,"5.447657476","2.562424732","0.007928261","16.00429812","0.229635805","..",25.325482713436
"4003","Slovak Republic","SVK","2010",91112160801,"2.322228934","6.790581591","0.004613862","15.01192506","0.248165295","..",25.2353571207887
"4004","Slovak Republic","SVK","2009",89342984698,"1.702521412","-5.50533791","0.004586736","15.53309359","0.265569657","..",25.2157485606177
"4005","Slovak Republic","SVK","2008",1.0083e+11,"4.602686328","5.363377212","0.008982077","16.4539382","0.312199146","..",25.3367017673515
"4006","Slovak Republic","SVK","2007",86587749518,"5.841743723","10.81862951","0.008230146","16.74430405","0.296645999","..",25.1844241819771
"4007","Slovak Republic","SVK","2006",70751813443,"8.058361262","8.925687048","0.011556767","16.8045341","0.375256956","..",24.9824440048445
"4008","Slovak Republic","SVK","2005",62547753148,"6.272820579","6.484932223","0.012397711","18.08224164","0.451420695","..",24.8591961523189
"4009","Slovak Republic","SVK","2004",57215475076,"7.102097429","5.38949857","0.011504385","17.35996443","0.337021232","..",24.7700902420286
"4010","Slovak Republic","SVK","2003",46616149117,"2.07910893","4.856698516","0.011492874","17.79827235","0.280685246","..",24.5652128656194
"4011","Slovak Republic","SVK","2002",35243658399,"11.95232746","4.417253483","0.013885027","17.14454143","-0.05063393","..",24.2855514464456
"4012","Slovak Republic","SVK","2001",30726659551,"4.987799112","2.925160772","0.01580032","17.30468577","..","..",24.1483965039911
"4013","Slovak Republic","SVK","2000",29215726005,"7.472411043","0.789224478","0.024159705","18.51876651","0.223054469","..",24.0979729630633
"4014","Slovenia","SVN","2023",69148468417,"2.093516423","2.112590985","..","20.34648304","0.776647091","..",24.9595217461062
"4015","Slovenia","SVN","2022",59927702746,"3.638372278","2.699238745","..","21.0207425","0.767268538","..",24.8164047183941
"4016","Slovenia","SVN","2021",61529280461,"3.606815713","8.389651582","2.90014634526052E-05","21.61276072","0.692999661","..",24.8427790035137
"4017","Slovenia","SVN","2020",53384760135,"0.948340848","-4.085000949","1.39101147863392E-05","20.48855061","0.777402997","..",24.7007911514505
"4018","Slovenia","SVN","2019",53909922736,"3.990986121","3.505253324","6.44611831761803E-05","21.69926174","0.888419628","..",24.7105803932055
"4019","Slovenia","SVN","2018",53689067640,"2.8648991","4.379083473","0.000282755","22.03308292","0.835979223","..",24.7064752356127
"4020","Slovenia","SVN","2017",48153200135,"2.484214136","5.174402156","8.56129547999711E-05","21.90545992","0.776858032","..",24.5976534347681
"4021","Slovenia","SVN","2016",44290685824,"3.265413953","3.034414867","..","22.16347849","0.784757495","..",24.5140402396115
"4022","Slovenia","SVN","2015",42709468275,"4.050968483","2.393306213","..","22.12242197","0.737131715","..",24.4776864720618
"4023","Slovenia","SVN","2014",49514466380,"2.058753104","2.762833276","..","22.03401927","0.721584439","..",24.6255307139253
"4024","Slovenia","SVN","2013",47867056859,"0.217315882","-0.823776418","..","21.89588951","0.72219789","..",24.5916933565096
"4025","Slovenia","SVN","2012",46167053954,"0.072644639","-2.91553782","..","21.7020526","0.832158983","..",24.5555322627658
"4026","Slovenia","SVN","2011",51199194599,"1.710859603","0.655438128","..","21.69547004","0.941719472","..",24.6589896383799
"4027","Slovenia","SVN","2010",47793117241,"0.667761282","1.112137193","..","22.01801581","0.91739136","..",24.5901474753021
"4028","Slovenia","SVN","2009",49975540955,"-0.694282375","-7.59058614","..","21.52527457","1.051517963","..",24.6347995417865
"4029","Slovenia","SVN","2008",55509332322,"1.946955128","3.372238661","..","22.31805667","0.939397454","..",24.7398169935091
"4030","Slovenia","SVN","2007",47880266543,"3.935872769","7.139231291","..","23.09114982","1.009995461","..",24.5919692845171
"4031","Slovenia","SVN","2006",39260368837,"1.762646588","5.9087813","4.43761975018317E-05","23.46902836","1.026472807","..",24.3934814204781
"4032","Slovenia","SVN","2005",35947936824,"2.700572232","3.854127711","4.19073137576575E-05","23.668804","0.902103662","..",24.3053375293136
"4033","Slovenia","SVN","2004",34156553313,"2.234124717","4.546022144","4.17014661148403E-05","23.23088379","1.015795946","..",24.2542203024448
"4034","Slovenia","SVN","2003",29360575032,"1.824214953","3.195031172","3.58600452949128E-05","23.27357624","0.898586512","..",24.1029186260595
"4035","Slovenia","SVN","2002",23214593516,"7.968263578","3.282583714","4.39489545980475E-05","23.05353112","0.773913145","..",23.8680469487238
"4036","Slovenia","SVN","2001",20668868707,"2.424902916","2.828684794","5.32255557663364E-05","22.37007132","..","..",23.751894477986
"4037","Slovenia","SVN","2000",20159190702,"0.673638153","3.497919421","7.48466914379018E-05","22.39305421","0.827235401","..",23.7269261355938
"4038","Solomon Islands","SLB","2023",1660896531,"4.750171656","2.656361867","..","..","-0.134710744","3",21.2306233724404
"4039","Solomon Islands","SLB","2022",1566360686,"2.599582143","2.402481436","..","20.6697405","-0.184632152","3",21.1720207311109
"4040","Solomon Islands","SLB","2021",1522794913,"1.83340987","2.564349754","0","21.44865775","-0.164154112","3",21.1438132419102
"4041","Solomon Islands","SLB","2020",1536145814,"0.584582978","-3.381147541","0","21.05153287","0.068296649","3",21.1525423981558
"4042","Solomon Islands","SLB","2019",1619155017,"2.024950815","1.748566555","0","22.23214599","-0.050612472","3",21.2051702556686
"4043","Solomon Islands","SLB","2018",1615478393,"1.54706752","2.745995423","0","25.52760652","-0.034902889","3",21.2028969683328
"4044","Solomon Islands","SLB","2017",1469789119,"2.917695816","3.075348034","0","24.76506783","0.092627935","3",21.1083847709836
"4045","Solomon Islands","SLB","2016",1379490304,"2.707059459","5.554731534","0","23.84309269","-0.356087327","3",21.0449799229633
"4046","Solomon Islands","SLB","2015",1307909888,"2.463681089","1.676146156","0","25.73914196","-0.345234454","3",20.9916961946418
"4047","Solomon Islands","SLB","2014",1335571421,"1.574010169","1.189217471","0","25.59567494","-0.266010553","3",21.0126250679312
"4048","Solomon Islands","SLB","2013",1285911586,"4.155367442","5.237740178","0","26.60625702","-0.399928987","3",20.974733709232
"4049","Solomon Islands","SLB","2012",1185215418,"2.014950103","2.466001387","0","26.17666721","-0.357465267","3",20.893190382354
"4050","Solomon Islands","SLB","2011",1063895361,"11.28426694","7.429949617","0","25.15859663","-0.346251637","3",20.7852028781049
"4051","Solomon Islands","SLB","2010",898133684.9,"18.47396452","9.708388169","0","..","-0.339228064","3",20.6158294847856
"4052","Solomon Islands","SLB","2009",805557562.6,"6.03099252","2.864267902","0","..","-0.281599671","3",20.5070452199771
"4053","Solomon Islands","SLB","2008",776337691.8,"9.683554744","6.225969544","0","..","-0.354255259","3",20.4700981533339
"4054","Solomon Islands","SLB","2007",695295347.6,"12.36647222","3.639672429","0","..","-0.374890536","3",20.3598472738344
"4055","Solomon Islands","SLB","2006",617258154.3,"7.178122193","4.138280318","0","..","-0.202771097","3",20.2407978967949
"4056","Solomon Islands","SLB","2005",552864570.2,"0.099147129","7.357841934","0","..","0.087780945","3",20.1306236293128
"4057","Solomon Islands","SLB","2004",468005318.6,"-0.642141205","7.683299966","0","..","-0.065690726","..",19.9639902183473
"4058","Solomon Islands","SLB","2003",417668983.4,"-0.241665463","6.523466851","0","..","0.214311689","..",19.8501997710244
"4059","Solomon Islands","SLB","2002",346406738.9,"0.042089466","-2.799982885","0","..","0.182450026","..",19.6631241885626
"4060","Solomon Islands","SLB","2001",409508553,"-2.104271826","-7.9566061","0","..","..","..",19.8304683474862
"4061","Solomon Islands","SLB","2000",419842674.2,"0.477405089","-14.27699959","0","..","0.17756246","..",19.855390613829
"4062","Somalia","SOM","2023",10968517090,"6.167652331","4.216384326","..","7.58438627787191E-05","-1.732833624","1.5",23.118294923427
"4063","Somalia","SOM","2022",10202767270,"6.233602935","2.727114296","..","..","-1.792611241","1.5",23.0459248214216
"4064","Somalia","SOM","2021",9483997390,"6.336990356","3.458227929","0","..","-1.795541406","1.5",22.9728717299492
"4065","Somalia","SOM","2020",8628393720,"6.188869184","-2.752481039","0","6.27918000416869E-05","-1.689130902","2",22.8783241972555
"4066","Somalia","SOM","2019",8655023960,"5.164630417","2.824313365","0","7.98633188414416E-05","-1.724367976","2",22.8814057939128
"4067","Somalia","SOM","2018",7873440830,"5.18197836","2.054315073","0","9.50733180230917E-05","-1.785826087","..",22.7867610122143
"4068","Somalia","SOM","2017",7621501710,"4.841565534","14.7357956","0","8.09584224732721E-05","-1.742241144","1.5",22.7542392620314
"4069","Somalia","SOM","2016",6613743070,"4.989610218","7.0348726","0","..","-1.690790653","..",22.612415604365
"4070","Somalia","SOM","2015",6152149100,"4.925108203","10.46218812","0","..","-1.641670704","..",22.5400673048769
"4071","Somalia","SOM","2014",5728399720,"4.556246295","8.978005906","0","..","-1.66348052","..",22.4687020476896
"4072","Somalia","SOM","2013",5062881600,"5.095912178","10.95929862","0","..","-1.58360374","..",22.3452016443161
"4073","Somalia","SOM","2012",4364670160,"2.459063253","6.694351926","..","..","-1.596589088","..",22.1968084586635
"4074","Somalia","SOM","2011",2906000097,"3.509979236","6.694351926","..","..","-1.715412021","..",21.7900434354737
"4075","Somalia","SOM","2010",2687807004,"4.166965851","6.694351926","..","..","-1.726097345","..",21.7119914579225
"4076","Somalia","SOM","2009",2948594552,"3.662761973","6.694351926","..","..","-1.701694131","..",21.8045944707218
"4077","Somalia","SOM","2008",5913620293,"1.471180016","6.694351926","..","..","-1.848734379","..",22.5005240515471
"4078","Somalia","SOM","2007",5430713729,"2.596343815","6.694351926","..","..","-1.739551187","..",22.4153364040593
"4079","Somalia","SOM","2006",5026743282,"1.909785215","6.486370733","..","..","-1.72492063","..",22.3380381525191
"4080","Somalia","SOM","2005",4683246454,"0.512465023","7.110314311","..","..","-1.683112144","..",22.2672573931387
"4081","Somalia","SOM","2004",3859592813,"-0.124106356","7.110314311","..","..","-1.80303514","..",22.0738275259987
"4082","Somalia","SOM","2003",2836724352,"-0.029964138","7.630267293","..","..","-1.465910077","..",21.765915826262
"4083","Somalia","SOM","2002",2192684135,"0.006384869","7.630267293","..","..","-1.032930613","..",21.5083922627206
"4084","Somalia","SOM","2001",2252847465,"0.001775531","7.110314311","..","..","..","..",21.535460793042
"4085","Somalia","SOM","2000",3412797450,"0.007911398","7.110314311","..","..","-1.231535554","..",21.950798158494
"4086","South Africa","ZAF","2023",3.80699e+11,"0.90421279","0.698485194","..","..","-0.284670442","..",26.6652748735912
"4087","South Africa","ZAF","2022",4.0692e+11,"2.270468575","1.91147996","..","26.00545978","-0.330094606","..",26.731882442872
"4088","South Africa","ZAF","2021",4.20887e+11,"9.660265336","4.955032594","0.395954207","25.89462733","-0.034169111","..",26.7656302260497
"4089","South Africa","ZAF","2020",3.37975e+11,"0.933073684","-6.168917715","0.213036197","23.26494404","-0.059475705","..",26.5462377651969
"4090","South Africa","ZAF","2019",3.8933e+11,"1.314077523","0.259935577","0.372819688","24.86734533","-0.031280991","..",26.687693149986
"4091","South Africa","ZAF","2018",4.05261e+11,"1.374291172","1.556783847","0.407106591","24.89489407","-0.136797428","..",26.7277971409322
"4092","South Africa","ZAF","2017",3.81449e+11,"0.539673957","1.157946952","0.291332796","24.76928729","-0.127773166","..",26.6672429959036
"4093","South Africa","ZAF","2016",3.23586e+11,"0.684612553","0.664552308","0.182131538","24.82835599","0.017026288","..",26.5027307579069
"4094","South Africa","ZAF","2015",3.4671e+11,"0.438735792","1.321862237","0.194337595","25.0486927","-0.070839748","..",26.5717545326019
"4095","South Africa","ZAF","2014",3.81199e+11,"1.519327438","1.413826452","0.6928568","24.43193422","-0.125287011","..",26.6665873854282
"4096","South Africa","ZAF","2013",4.00886e+11,"2.053580952","2.485468008","0.949068015","23.83139136","-0.138074696","..",26.7169429345583
"4097","South Africa","ZAF","2012",4.34401e+11,"1.064922495","2.396232385","0.980058053","23.34576599","-0.184170604","..",26.7972339075893
"4098","South Africa","ZAF","2011",4.58199e+11,"0.903381424","3.168556279","0.964145884","22.87467001","-0.004233705","..",26.8505694245103
"4099","South Africa","ZAF","2010",4.17364e+11,"0.884904612","3.039732881","0.707879978","22.52060388","0.065393098","..",26.7572245796668
"4100","South Africa","ZAF","2009",3.29754e+11,"2.312174703","-1.538089135","0.593295689","21.8948743","0.125426695","..",26.5216127588721
"4101","South Africa","ZAF","2008",3.16131e+11,"3.126866143","3.191043886","1.379268777","24.32280987","0.153828725","..",26.4794225215904
"4102","South Africa","ZAF","2007",3.33077e+11,"1.977557722","5.360474054","0.95369684","24.80723728","0.197672486","..",26.5316395314283
"4103","South Africa","ZAF","2006",3.03859e+11,"0.205125539","5.603806459","0.921713555","24.37808538","0.378271431","..",26.4398296149673
"4104","South Africa","ZAF","2005",2.88867e+11,"2.257818745","5.277051973","0.868907024","22.97211118","0.483857185","..",26.3892322115184
"4105","South Africa","ZAF","2004",2.55807e+11,"0.274199791","4.554559907","0.667895475","21.69859607","0.397753119","..",26.2676890908457
"4106","South Africa","ZAF","2003",1.97019e+11,"0.397492744","2.949075468","0.536032181","20.49276709","0.275540829","..",26.0065660077342
"4107","South Africa","ZAF","2002",1.29088e+11,"1.146357269","3.700374404","0.832634912","20.82489277","0.332901508","..",25.5837601792782
"4108","South Africa","ZAF","2001",1.3543e+11,"5.368345298","2.7","0.745230225","21.70059143","..","..",25.6317207386137
"4109","South Africa","ZAF","2000",1.51753e+11,"0.638427514","4.200000001","0.875739339","20.97606325","0.550269723","..",25.7455200360481
"4110","South Sudan","SSD","2015",11997800760,"0.001250229","-10.79336463","10.39137292","..","-1.724335551","1.5",23.2079891999384
"4111","South Sudan","SSD","2014",13962212847,"0.007418779","3.373648477","26.36043968","..","-1.607845902","2",23.3596204351141
"4112","South Sudan","SSD","2013",18426469017,"-4.303591748","13.12973114","13.30839563","..","-1.400569439","2",23.6370540013958
"4113","South Sudan","SSD","2012",11931472169,"1.349372464","-46.08212237","3.55150591","..","-1.295819283","2",23.2024454660298
"4114","South Sudan","SSD","2011",14907308933,"..","-4.640316736","50.38201405","..","-1.092395306","..",23.4251174620422
"4115","South Sudan","SSD","2010",14602072411,"..","5.493416395","43.70929351","..","-0.819455504","..",23.4044293015462
"4116","South Sudan","SSD","2009",12231264525,"..","5.04164188","35.18865704","..","..","..",23.2272611766399
"4117","South Sudan","SSD","2008",14586253383,"..","..","58.27766014","..","..","..",23.4033453730153
"4118","Spain","ESP","2023",1.62009e+12,"2.65127535","2.675663463","..","14.9927519","0.629368722","..",28.1135028191852
"4119","Spain","ESP","2022",1.4465e+12,"4.527406753","6.1793122","..","15.49617837","0.685416162","..",28.0001679613626
"4120","Spain","ESP","2021",1.46124e+12,"4.422729025","6.683144205","0.000151494","14.87752879","0.715437472","..",28.0103065062533
"4121","Spain","ESP","2020",1.28978e+12,"2.921659808","-10.94007064","0.000295735","13.44625554","0.711801946","..",27.8854927771224
"4122","Spain","ESP","2019",1.4035e+12,"2.16052375","1.961178508","0.000744001","13.65802299","0.666394532","..",27.9699902327483
"4123","Spain","ESP","2018",1.43164e+12,"4.467485098","2.395411245","0.001764912","14.12549617","0.612778783","..",27.9898417562135
"4124","Spain","ESP","2017",1.32175e+12,"2.540392123","2.896042079","0.001639894","13.6257034","0.510279894","..",27.909977732062
"4125","Spain","ESP","2016",1.24302e+12,"3.617224797","2.915155986","0.001329273","13.68383933","0.569826066","..",27.8485650184323
"4126","Spain","ESP","2015",1.20616e+12,"1.971316928","4.060866725","0.002930776","14.0820817","0.63098675","..",27.8184628754171
"4127","Spain","ESP","2014",1.38024e+12,"2.3164223","1.520485936","0.007908635","14.04823528","0.689240038","..",27.95327851302
"4128","Spain","ESP","2013",1.36219e+12,"3.460855906","-1.427322248","0.010347316","13.54465257","0.926990271","..",27.9401148146608
"4129","Spain","ESP","2012",1.33099e+12,"1.566383198","-2.865113686","0.004426606","11.70629481","1.170406342","..",27.9169441421653
"4130","Spain","ESP","2011",1.48757e+12,"1.803750862","-0.639920637","0.002881799","11.82569314","1.163212419","..",28.0281650320825
"4131","Spain","ESP","2010",1.42799e+12,"2.5636989","0.094122312","0.002217631","12.35525394","1.160037041","..",27.9872889770203
"4132","Spain","ESP","2009",1.49659e+12,"0.638105873","-3.768133069","0.001659511","10.18928415","1.054948092","..",28.0342103027582
"4133","Spain","ESP","2008",1.63612e+12,"4.528325308","0.767165748","0.003374471","12.77318524","1.178771973","..",28.1233487010524
"4134","Spain","ESP","2007",1.47675e+12,"4.620270116","3.533500132","0.002846645","16.39473579","1.079032421","..",28.0208648431338
"4135","Spain","ESP","2006",1.26185e+12,"2.609496217","4.043435156","0.002915491","15.84276639","1.177665472","..",27.8636000140292
"4136","Spain","ESP","2005",1.15467e+12,"2.33900873","3.551225585","0.003274466","15.45788161","1.327615857","..",27.7748357047925
"4137","Spain","ESP","2004",1.06983e+12,"2.361889948","3.11453148","0.003665445","14.63597265","1.337189078","..",27.6985208732752
"4138","Spain","ESP","2003",9.07963e+11,"3.386140001","2.939289595","0.004011789","..","1.348911166","..",27.5344694658188
"4139","Spain","ESP","2002",7.08938e+11,"5.551923573","2.755456116","0.004425614","..","1.316825151","..",27.2870339125462
"4140","Spain","ESP","2001",6.27799e+11,"4.604886535","3.919088808","0.006134823","..","..","..",27.165485888489
"4141","Spain","ESP","2000",5.98103e+11,"6.773040935","5.200641256","0.00483506","..","1.328282833","..",27.117028816868
"4142","Sri Lanka","LKA","2023",83716142582,"0.850285475","-2.32984819","..","9.921890932","-0.383976996","3",25.1506976582358
"4143","Sri Lanka","LKA","2022",74143020263,"1.192493222","-7.349193013","..","7.277231585","-0.383232534","3",25.0292617711336
"4144","Sri Lanka","LKA","2021",88556698938,"0.668825709","4.207476495","0","7.369928225","-0.356694371","..",25.2069088497876
"4145","Sri Lanka","LKA","2020",84335574582,"0.514700553","-4.624515037","0","7.775292518","-0.330326974","..",25.1580696127238
"4146","Sri Lanka","LKA","2019",88998706297,"0.835367459","-0.220483887","0","10.90395133","-0.303988814","3",25.2118876705841
"4147","Sri Lanka","LKA","2018",94450015983,"1.708886963","2.310084255","0","11.15376065","-0.352846652","..",25.2713366001157
"4148","Sri Lanka","LKA","2017",94369350286,"1.454628053","6.460681271","0","11.60868274","-0.489904672","..",25.2704821782044
"4149","Sri Lanka","LKA","2016",88000211172,"1.019371845","5.05362489","0","11.42348977","-0.3362104","..",25.2006050511036
"4150","Sri Lanka","LKA","2015",85090301052,"0.798746315","4.205955477","0","11.72026486","-0.376923084","3",25.1669788948437
"4151","Sri Lanka","LKA","2014",82528535714,"1.082812112","6.377978893","0","9.747859823","-0.345357031","3",25.1364099579242
"4152","Sri Lanka","LKA","2013",77000578167,"1.211096514","4.051746329","0","10.12125705","-0.220972463","3",25.0670787674342
"4153","Sri Lanka","LKA","2012",70447216891,"1.335917347","8.63218138","0","10.11103071","-0.241880506","3",24.9781295697698
"4154","Sri Lanka","LKA","2011",67753284044,"1.41088364","8.669483012","0","10.84760491","-0.399362594","3",24.9391387685056
"4155","Sri Lanka","LKA","2010",58636161082,"0.814444519","8.01596737","0","10.93186869","-0.41968292","3",24.7946174265223
"4156","Sri Lanka","LKA","2009",42066224093,"0.960390453","3.538912053","0","12.80032048","-0.396393329","3",24.4625109775615
"4157","Sri Lanka","LKA","2008",40713826215,"1.847529623","5.950088145","0","13.27733443","-0.21860835","3",24.4298335821487
"4158","Sri Lanka","LKA","2007",32350238760,"1.863973878","6.796826119","0","14.22160859","-0.146113589","3",24.1998872383916
"4159","Sri Lanka","LKA","2006",28279802406,"1.69626362","7.668291901","0","14.57725918","-0.194801018","3.5",24.0654136908924
"4160","Sri Lanka","LKA","2005",24405791045,"1.116128543","6.241748044","0","13.73252902","-0.33986178","3.5",23.9180862789952
"4161","Sri Lanka","LKA","2004",20662525941,"1.126677351","5.445061279","0","13.46596896","-0.167387903","..",23.7515875555556
"4162","Sri Lanka","LKA","2003",18881765437,"1.211327409","5.940269078","0","12.71067585","-0.27202031","..",23.6614625016078
"4163","Sri Lanka","LKA","2002",16536535647,"1.188277909","3.964675685","0","14.02036178","-0.216593146","..",23.5288380515806
"4164","Sri Lanka","LKA","2001",15749753805,"1.090747209","-1.545408134","0","14.62550039","..","..",23.4800905706673
"4165","Sri Lanka","LKA","2000",16330814180,"1.05898829","6.000033158","0","14.50276551","-0.199228778","..",23.5163196006161
"4166","St. Kitts and Nevis","KNA","2023",1056751852,"2.92460408","4.328557716","..","..","0.413433611","..",20.7784657499528
"4167","St. Kitts and Nevis","KNA","2022",980188888.9,"5.401710139","10.34240405","..","..","0.389969081","..",20.7032558548317
"4168","St. Kitts and Nevis","KNA","2021",858622222.2,"2.235126818","0.367606879","0","..","0.40632996","..",20.5708395953206
"4169","St. Kitts and Nevis","KNA","2020",883922222.2,"0.321150763","-15.30188917","0","15.04238265","0.340769291","..",20.5998796327945
"4170","St. Kitts and Nevis","KNA","2019",1107855556,"5.637849232","2.938246581","0","..","0.346149027","..",20.8256920521524
"4171","St. Kitts and Nevis","KNA","2018",1076548148,"3.7203879","2.003525498","0","..","0.411499292","..",20.7970256001967
"4172","St. Kitts and Nevis","KNA","2017",1056977778,"4.543720531","0.220941147","0","17.41267906","0.461347401","..",20.7786795199617
"4173","St. Kitts and Nevis","KNA","2016",1006818519,"12.05929801","3.932703193","0","18.35411141","0.458995938","..",20.7300612149776
"4174","St. Kitts and Nevis","KNA","2015",957222222.2,"13.40092215","0.694135528","0","19.63513252","0.448299348","..",20.6795461295669
"4175","St. Kitts and Nevis","KNA","2014",952111111.1,"16.45381429","7.576966023","0","18.47317851","0.048896857","..",20.6741922992855
"4176","St. Kitts and Nevis","KNA","2013",874548148.1,"16.48705487","5.727280872","0","17.8401562","1.253580928","..",20.5892179087689
"4177","St. Kitts and Nevis","KNA","2012",824585185.2,"13.79383437","-0.737636737","0","17.92183548","1.260530829","..",20.5303910120315
"4178","St. Kitts and Nevis","KNA","2011",836092592.6,"10.58626432","1.616607304","0","18.07517171","1.272298098","..",20.5442499216145
"4179","St. Kitts and Nevis","KNA","2010",778718518.5,"15.79691936","-0.054194207","0","16.31176643","1.301772714","..",20.4731602015666
"4180","St. Kitts and Nevis","KNA","2009",774274074.1,"17.26378078","-3.404740154","0","18.86893894","1.317764997","..",20.4674364697795
"4181","St. Kitts and Nevis","KNA","2008",777692592.6,"19.25707268","11.31703583","0","20.03660336","1.27677536","..",20.4718418788673
"4182","St. Kitts and Nevis","KNA","2007",689285185.2,"18.2275139","0.600602327","0","21.63213001","1.146967053","..",20.3511656550963
"4183","St. Kitts and Nevis","KNA","2006",644414814.8,"15.59846299","3.1503812","0","20.85004224","1.11961627","..",20.2838531990711
"4184","St. Kitts and Nevis","KNA","2005",547203703.7,"9.901851055","9.732820703","0","20.66181333","1.180838346","..",20.1203316927073
"4185","St. Kitts and Nevis","KNA","2004",506900000,"9.074556597","3.996346661","0","21.25475841","0.195867643","..",20.0438243034426
"4186","St. Kitts and Nevis","KNA","2003",469869869.9,"16.07062379","-3.93339486","0","21.50396882","..","..",19.9679663417789
"4187","St. Kitts and Nevis","KNA","2002",481077373.7,"15.74145366","1.367715073","0","21.02503834","..","..",19.9915386752166
"4188","St. Kitts and Nevis","KNA","2001",458643829,"18.21895211","5.25344983","0","15.73033708","..","..",19.9437844951254
"4189","St. Kitts and Nevis","KNA","2000",421695769.8,"20.43451794","10.04280842","0","16.52834435","..","..",19.8597946873646
"4190","St. Lucia","LCA","2023",2430166667,"5.077788431","2.209882765","..","..","0.544128418","4.5",21.6112256791897
"4191","St. Lucia","LCA","2022",2342714815,"2.532643072","20.38844318","..","..","0.579390466","4.5",21.5745762711808
"4192","St. Lucia","LCA","2021",1867185185,"4.856660987","11.59878358","0","..","0.557626605","4.5",21.3476978851249
"4193","St. Lucia","LCA","2020",1499274074,"6.612232315","-24.36147321","0","..","0.540252924","4.5",21.128246877246
"4194","St. Lucia","LCA","2019",2095344444,"3.603703342","-0.700322396","0","..","0.557323992","4.5",21.4629837892168
"4195","St. Lucia","LCA","2018",2060955556,"2.208791001","2.886779022","0","..","0.560321748","4.5",21.446435574333
"4196","St. Lucia","LCA","2017",1998503704,"4.5004396","3.379826173","0","18.22511657","0.583985746","4.5",21.415664589504
"4197","St. Lucia","LCA","2016",1868544444,"8.649142174","3.427872145","0","19.14482852","0.641073227","4.5",21.3484255925315
"4198","St. Lucia","LCA","2015",1807640741,"8.422037227","0.101917836","0","18.71479707","0.618412554","4.5",21.3152883739728
"4199","St. Lucia","LCA","2014",1749185185,"3.845178698","1.328090221","0","18.11432667","0.489098608","4.5",21.2824159078811
"4200","St. Lucia","LCA","2013",1660392593,"7.565987744","-1.818776037","0","18.16283791","1.079824448","4.5",21.2303199131599
"4201","St. Lucia","LCA","2012",1598207407,"7.380925589","-0.108756148","0","17.15438827","1.051899076","4.5",21.1921484674828
"4202","St. Lucia","LCA","2011",1568370370,"6.195333484","4.326942805","0","18.0488001","1.295473337","4.5",21.1733029363397
"4203","St. Lucia","LCA","2010",1482385185,"11.75301702","0.330018546","0","18.21437083","1.286739707","4.5",21.1169182389567
"4204","St. Lucia","LCA","2009",1401507889,"9.630930508","-2.828899548","0","19.13386957","1.330940008","4.5",21.0608145575222
"4205","St. Lucia","LCA","2008",1437731111,"13.60638642","4.94932194","0","18.68490273","1.307724476","4.5",21.0863320905828
"4206","St. Lucia","LCA","2007",1336088815,"15.19342009","1.691618574","0","18.26911895","1.172405481","4.5",21.0130123881447
"4207","St. Lucia","LCA","2006",1268319185,"22.77951896","6.195257291","0","17.63268523","1.154476166","4.5",20.9609583844706
"4208","St. Lucia","LCA","2005",1135555556,"10.1698607","-0.410304726","0","17.63953053","1.223055243","4.5",20.8503878447771
"4209","St. Lucia","LCA","2004",1066666667,"11.39572773","7.26740887","0","17.21206531","0.276366174","..",20.7878043583965
"4210","St. Lucia","LCA","2003",987407407.4,"16.59343207","4.264611487","0","16.16695424","..","..",20.7105932856851
"4211","St. Lucia","LCA","2002",9e+08,"11.10102347","0.416450493","0","16.66444444","..","..",20.6179053212886
"4212","St. Lucia","LCA","2001",892592592.6,"11.74354926","-3.408063962","0","16.48985075","..","..",20.609640811447
"4213","St. Lucia","LCA","2000",932592592.6,"10.30323791","0.048748554","0","17.05133145","..","..",20.6534789995662
"4214","St. Martin (French part)","MAF","2021",649206156.2,"..","4.899999671","..","..","..","..",20.2912608763077
"4215","St. Martin (French part)","MAF","2019",652205849.4,"..","6.500003637","..","..","..","..",20.2958707900005
"4216","St. Martin (French part)","MAF","2014",772921756.3,"..","..","..","..","..","..",20.4656883806006
"4217","St. Martin (French part)","MAF","2011",775875857.9,"..","..","..","..","..","..",20.4695030884168
"4218","St. Vincent and the Grenadines","VCT","2023",1072237037,"6.902165877","5.326364721","..","..","0.737308145","4",20.7930129917568
"4219","St. Vincent and the Grenadines","VCT","2022",989188888.9,"6.595147165","3.110833003","..","..","0.756547928","4",20.7123958611384
"4220","St. Vincent and the Grenadines","VCT","2021",888677777.8,"18.89159938","2.093401245","0","..","0.774506927","4",20.6052452731074
"4221","St. Vincent and the Grenadines","VCT","2020",864566666.7,"7.546471878","-4.268924344","0","..","0.798051178","4",20.5777389760195
"4222","St. Vincent and the Grenadines","VCT","2019",910481481.5,"7.560656389","0.668428481","0","..","0.760956824","4",20.6294841181003
"4223","St. Vincent and the Grenadines","VCT","2018",884329629.6,"4.524123833","3.175611442","0","..","0.743811011","4",20.6003404352608
"4224","St. Vincent and the Grenadines","VCT","2017",844040740.7,"19.59539707","1.448830634","0","23.79953574","0.706236422","4",20.5537113223668
"4225","St. Vincent and the Grenadines","VCT","2016",814303703.7,"8.660745122","4.145931682","0","24.35209359","0.674563527","4",20.5178439547507
"4226","St. Vincent and the Grenadines","VCT","2015",786555555.6,"15.74958146","2.783161194","0","22.65950935","0.656781733","4",20.4831739144587
"4227","St. Vincent and the Grenadines","VCT","2014",770900000,"16.13992448","1.250254369","0","22.49991592","0.691183269","4",20.4630692214295
"4228","St. Vincent and the Grenadines","VCT","2013",764781259.3,"20.07768348","2.462484172","0","20.3705811","0.955689847","4",20.4551004153479
"4229","St. Vincent and the Grenadines","VCT","2012",730032592.6,"18.19864733","1.169112184","0","21.84468593","0.969306469","4",20.4085997385073
"4230","St. Vincent and the Grenadines","VCT","2011",713796370.4,"11.85760763","-0.606276651","0","21.38479337","1.085522532","4",20.3861082841097
"4231","St. Vincent and the Grenadines","VCT","2010",720447888.9,"13.30890287","-4.470467935","0","21.66726593","1.06810534","4",20.395383644487
"4232","St. Vincent and the Grenadines","VCT","2009",714300259.3,"15.30142731","-1.378193606","0","22.43107907","1.136204004","4",20.3868139631379
"4233","St. Vincent and the Grenadines","VCT","2008",732663259.3,"21.4509744","0.404640809","0","22.64470818","1.127540827","4",20.412196753612
"4234","St. Vincent and the Grenadines","VCT","2007",713596666.7,"11.78158958","3.322968598","0","20.89507643","0.988939226","4",20.3858284681149
"4235","St. Vincent and the Grenadines","VCT","2006",643501148.1,"18.64368074","6.996926268","0","20.81832856","0.959533632","4",20.282434369148
"4236","St. Vincent and the Grenadines","VCT","2005",579948925.9,"6.881741694","2.488557339","0","19.72446999","1.084856987","4",20.1784505988342
"4237","St. Vincent and the Grenadines","VCT","2004",549900185.2,"15.12011035","4.114698804","0","19.59298337","0.276366174","..",20.1252473382665
"4238","St. Vincent and the Grenadines","VCT","2003",509090888.9,"6.851251157","6.691336654","0","19.82706428","..","..",20.0481371222284
"4239","St. Vincent and the Grenadines","VCT","2002",487763851.9,"5.387893447","5.342127074","0","20.71661271","..","..",20.0053419366542
"4240","St. Vincent and the Grenadines","VCT","2001",462072333.3,"3.86141465","1.74823102","0","19.36284948","..","..",19.9512320023753
"4241","St. Vincent and the Grenadines","VCT","2000",427946037,"12.69139004","1.639031904","0","19.69909152","..","..",19.8745076638214
"4242","Sudan","SDN","2023",39898289821,"..","-29.43327183","..","..","-1.502067089","1.5",24.4095992982946
"4243","Sudan","SDN","2022",51666875363,"1.110004216","-0.957816591","..","..","-1.413728714","1.5",24.6680827044733
"4244","Sudan","SDN","2021",34229513775,"1.527540298","-1.868520483","3.302268457","..","-1.275893569","1.5",24.2563540847426
"4245","Sudan","SDN","2020",27034593750,"2.65193447","-3.629800824","1.875119024","..","-1.418994069","1.5",24.0203831328504
"4246","Sudan","SDN","2019",32338079165,"2.552269688","-2.178251045","2.999367032","..","-1.404175878","1.5",24.1995112943098
"4247","Sudan","SDN","2018",32333780383,"3.512695239","-2.68093055","3.364678798","..","-1.457363605","1.5",24.1993783529645
"4248","Sudan","SDN","2017",41283617976,"2.580438764","0.709256285","0.823819483","..","-1.559720278","1.5",24.4437315990466
"4249","Sudan","SDN","2016",42630376000,"2.495327593","3.467642184","0.586718856","7.390270262","-1.56117487","1.5",24.4758328877644
"4250","Sudan","SDN","2015",51726758677,"3.341352614","1.910176891","0.798069584","8.194438005","-1.500196934","1.5",24.669241060522
"4251","Sudan","SDN","2014",49516748618,"2.52698516","4.661379542","2.657045667","7.982317862","-1.462855101","1.5",24.6255768052108
"4252","Sudan","SDN","2013",43024018082,"3.923120745","1.955144633","4.599584966","7.684016394","-1.489166617","1.5",24.4850243567499
"4253","Sudan","SDN","2012",37632919967,"6.142124347","-17.0046884","3.695379319","6.894406995","-1.503376722","1.5",24.3511450353258
"4254","Sudan","SDN","2011",55018567211,"3.15234853","-3.213532093","15.10049839","3.856210161","-1.204625487","1.5",24.7309365508642
"4255","Sudan","SDN","2010",58962978034,"3.500045395","3.858241952","11.49312571","5.862474675","-1.196660757","1.5",24.8001755929481
"4256","Sudan","SDN","2009",51621044077,"3.344175682","-2.767704366","9.596759436","6.469484382","-1.150308371","1.5",24.6671952572431
"4257","Sudan","SDN","2008",64833083257,"2.549809808","3.846744731","17.88527459","..","-1.427513838","2",24.8950818541109
"4258","Sudan","SDN","2007",59440139775,"2.530915715","5.735274237","13.61349368","..","-1.329811096","2",24.8082355888841
"4259","Sudan","SDN","2006",45263831634,"4.06910716","6.531411747","12.50047161","..","-1.191282749","2",24.535774131854
"4260","Sudan","SDN","2005",35182711988,"4.438799367","5.643515513","12.45994262","..","-1.387641191","2",24.2838206621988
"4261","Sudan","SDN","2004",26646007251,"5.67090591","5.140888518","10.11949802","..","-1.246902585","..",24.0059051546078
"4262","Sudan","SDN","2003",21355298460,"6.317823198","6.288808161","6.97515874","..","-1.170058131","..",23.7845657172602
"4263","Sudan","SDN","2002",18137128388,"3.932154996","6.006471536","7.147725748","..","-1.035822868","..",23.6212269663459
"4264","Sudan","SDN","2001",15716361792,"3.65224476","6.500360534","6.84045042","..","..","..",23.4779681589936
"4265","Sudan","SDN","2000",12257299147,"3.1997261","6.34586744","10.68698594","..","-1.018884778","..",23.2293874452245
"4266","Suriname","SUR","2023",3455146281,"-1.536730891","2.539566754","..","..","-0.404351592","..",21.9631306321989
"4267","Suriname","SUR","2022",3791603200,"-0.245419019","2.406222356","..","..","-0.404953331","..",22.0560547745137
"4268","Suriname","SUR","2021",3107923198,"-4.269913027","-2.435385836","7.932526142","..","-0.41855827","..",21.8572205580783
"4269","Suriname","SUR","2020",2911807496,"0.035713202","-15.97519171","2.994173645","..","-0.46073404","..",21.7920398579528
"4270","Suriname","SUR","2019",4016040575,"2.095605417","1.167589772","4.645724302","..","-0.41992861","..",22.1135623226215
"4271","Suriname","SUR","2018",3996198867,"3.277133363","4.948271085","5.797457933","..","-0.240344256","..",22.1086094630109
"4272","Suriname","SUR","2017",3591679431,"2.674947934","1.566037825","4.012629335","..","-0.205202311","..",22.0018857381365
"4273","Suriname","SUR","2016",3317421648,"6.983340384","-4.911660509","2.938111677","..","-0.335388899","..",21.9224537061073
"4274","Suriname","SUR","2015",5126237646,"3.582858724","-3.413042681","2.536748567","..","-0.271172434","..",22.3576378247188
"4275","Suriname","SUR","2014",5240606061,"-1.138668646","0.255503032","6.488852777","..","-0.449729502","..",22.3797029890874
"4276","Suriname","SUR","2013",5145757576,"3.629495323","2.933441652","7.07724159","..","-0.282394767","..",22.3614384404853
"4277","Suriname","SUR","2012",4.98e+09,"3.402453516","2.690349747","7.994716708","..","-0.340788126","..",22.328695727983
"4278","Suriname","SUR","2011",4422276622,"3.285383833","5.849367672","9.418016789","..","-0.284884512","..",22.2099204732822
"4279","Suriname","SUR","2010",4368370998,"-5.853440564","5.168825152","5.826835376","..","-0.3327021","..",22.1976560072218
"4280","Suriname","SUR","2009",3875409836,"-2.410067682","3.013698983","4.700709694","..","-0.260273784","..",22.0779172582881
"4281","Suriname","SUR","2008",3532969035,"-6.549731903","4.143406812","10.44294521","..","-0.027266076","..",21.9854044407789
"4282","Suriname","SUR","2007",2936612022,"-8.400837365","5.111487778","8.364314355","..","-0.012143857","..",21.8005223803348
"4283","Suriname","SUR","2006",2626380435,"-6.221490147","5.793543585","7.848801161","..","-0.103575468","..",21.6888724747636
"4284","Suriname","SUR","2005",1793410397,"1.561271198","4.500000211","8.636084571","..","0.216340378","..",21.3073848938335
"4285","Suriname","SUR","2004",1484092538,"-2.513320365","8.500000185","6.455222469","..","0.262759477","..",21.1180693368903
"4286","Suriname","SUR","2003",1274190311,"-5.972420236","6.299999433","5.97914212","..","0.306020856","..",20.9655767636309
"4287","Suriname","SUR","2002",1093574468,"-6.730222966","2.800000689","6.671365166","..","0.261614025","..",20.8127174963568
"4288","Suriname","SUR","2001",834279357.8,"-3.212353242","4.200000421","8.577013082","..","..","..",20.5420788656269
"4289","Suriname","SUR","2000",947671969.7,"-10.25671362","2.099998868","9.657038691","..","0.454761356","..",20.6695189768161
"4290","Sweden","SWE","2023",5.8549e+11,"3.07714915","-0.114161935","..","..","2.028246164","..",27.095714940419
"4291","Sweden","SWE","2022",5.79896e+11,"9.303924919","1.4592885","..","27.60475284","2.061525345","..",27.086114614064
"4292","Sweden","SWE","2021",6.37187e+11,"9.099546659","5.937508589","0.027239181","27.39864546","2.098498106","..",27.1803290130165
"4293","Sweden","SWE","2020",5.45148e+11,"3.396834569","-2.005337522","0.013203961","26.82224459","2.094510555","..",27.024323154377
"4294","Sweden","SWE","2019",5.32169e+11,"2.984475169","2.549647872","0.025371271","27.50079816","2.091949463","..",27.0002269450148
"4295","Sweden","SWE","2018",5.51312e+11,"-0.129536947","1.902964573","0.026172718","28.11887167","2.109636784","..",27.0355667290383
"4296","Sweden","SWE","2017",5.36084e+11,"4.533844068","1.825156018","0.009977792","28.3863059","2.099963188","..",27.0075567021564
"4297","Sweden","SWE","2016",5.14218e+11,"3.008539081","2.349740807","0.007693405","28.19905913","2.105776548","..",26.9659131369998
"4298","Sweden","SWE","2015",5.01698e+11,"1.948894425","4.410140687","0.009604969","27.32104605","2.145463467","..",26.9412641819826
"4299","Sweden","SWE","2014",5.7773e+11,"-1.04543478","2.295763792","0.017402591","26.7091995","2.11085391","..",27.0823724684528
"4300","Sweden","SWE","2013",5.84128e+11,"0.254696305","1.137716508","0.020164251","26.59050185","2.239426613","..",27.0933859738408
"4301","Sweden","SWE","2012",5.49742e+11,"0.777370132","-0.414465737","0.026228031","26.43508733","2.27712059","..",27.0327149142063
"4302","Sweden","SWE","2011",5.70541e+11,"1.223286221","3.163910497","0.029594245","26.79857538","2.168036461","..",27.0698508704498
"4303","Sweden","SWE","2010",4.92753e+11,"0.126859059","5.750735839","0.020367115","27.56963124","2.219725847","..",26.9232738712408
"4304","Sweden","SWE","2009",4.34314e+11,"2.063225143","-4.255573745","0.016768649","27.37294425","2.24269557","..",26.7970336117493
"4305","Sweden","SWE","2008",5.14617e+11,"8.051928322","-0.923123086","0.018206287","27.63687137","2.211410761","..",26.9666887716157
"4306","Sweden","SWE","2007",4.9005e+11,"9.416078516","3.224911324","0.010650078","28.57698819","2.233975649","..",26.9177732636616
"4307","Sweden","SWE","2006",4.2253e+11,"5.219187766","4.675998703","0.006952689","28.59836395","2.186323404","..",26.76952628714
"4308","Sweden","SWE","2005",3.9169e+11,"5.305897302","2.79317686","0.004518456","28.59534269","2.012797594","..",26.6937365475502
"4309","Sweden","SWE","2004",3.84547e+11,"4.382985861","4.179530408","0.002720353","27.2939587","2.132647514","..",26.6753318550928
"4310","Sweden","SWE","2003",3.34074e+11,"1.798308906","1.880944118","0.001789968","26.9156663","2.147883654","..",26.5346283622692
"4311","Sweden","SWE","2002",2.67373e+11,"6.874898241","2.277671131","0.001870994","26.71068789","2.200397491","..",26.3119105241901
"4312","Sweden","SWE","2001",2.42499e+11,"7.512522249","1.360766925","0.000855179","27.88091979","..","..",26.2142634236041
"4313","Sweden","SWE","2000",2.62905e+11,"8.679112107","4.631116004","0","29.85100403","2.225827932","..",26.2950585871397
"4314","Switzerland","CHE","2023",8.94425e+11,"-9.939294951","0.683328174","..","9.003557818","2.021999121","..",27.5194468906561
"4315","Switzerland","CHE","2022",8.28509e+11,"-1.938091211","3.04406103","..","8.989933324","2.009361982","..",27.4428935367595
"4316","Switzerland","CHE","2021",8.15309e+11,"-15.12144278","5.559620206","0.00051229","10.07014819","1.958838105","..",27.4268330194357
"4317","Switzerland","CHE","2020",7.41999e+11,"-32.54736113","-2.14173712","0.000231252","9.34487115","2.045429468","..",27.332613732404
"4318","Switzerland","CHE","2019",7.21369e+11,"2.823485357","1.14198219","0.000444795","9.907169187","1.94492662","..",27.3044166324936
"4319","Switzerland","CHE","2018",7.25569e+11,"-22.10511983","2.860445794","0.000217357","9.691023945","1.96969378","..",27.3102220115712
"4320","Switzerland","CHE","2017",6.95201e+11,"20.60353779","1.362799655","0.000178578","10.06163528","1.945187926","..",27.2674668493315
"4321","Switzerland","CHE","2016",6.87895e+11,"24.2480735","2.06868969","0.00011666","9.404603141","1.942986488","..",27.2569020469536
"4322","Switzerland","CHE","2015",6.94118e+11,"17.10838333","1.644627508","0.000125064","9.556179017","2.094741821","..",27.2659078118184
"4323","Switzerland","CHE","2014",7.26538e+11,"2.890846319","2.349881415","0.000243487","9.087339518","2.147577286","..",27.3115566241635
"4324","Switzerland","CHE","2013",7.06235e+11,"-3.52948637","1.792144007","0.000268215","9.256214099","2.124894381","..",27.2832138802435
"4325","Switzerland","CHE","2012",6.8642e+11,"5.819102216","1.179253853","0.000416319","9.169074742","2.13839817","..",27.2547555222248
"4326","Switzerland","CHE","2011",7.15888e+11,"2.900520774","1.813108305","0.000356658","9.321952188","2.029069901","..",27.2967895670904
"4327","Switzerland","CHE","2010",5.98851e+11,"2.950773194","3.243397157","0.000301351","9.364008054","2.064142466","..",27.1182786562058
"4328","Switzerland","CHE","2009",5.54213e+11,"8.599325092","-2.297374526","0.000203203","9.348527987","2.060199976","..",27.0408149263358
"4329","Switzerland","CHE","2008",5.67268e+11,"0.527253064","2.807983592","0.000960014","9.587141895","2.108572006","..",27.0640976921435
"4330","Switzerland","CHE","2007",4.90741e+11,"9.921389238","3.916375772","0.000749164","9.06562377","2.140349388","..",26.9191823306582
"4331","Switzerland","CHE","2006",4.41635e+11,"12.17313231","4.073628418","0.000637119","9.194038065","2.083408356","..",26.813749586015
"4332","Switzerland","CHE","2005",4.18285e+11,"0.637104289","2.749699106","0.000317766","9.126160728","2.010125875","..",26.7594288553206
"4333","Switzerland","CHE","2004",4.03913e+11,"1.758372736","2.701709129","0.000185269","9.020393897","1.985262632","..",26.7244653451825
"4334","Switzerland","CHE","2003",3.62075e+11,"5.446675187","-0.032398426","0","8.977577186","2.012480974","..",26.6151172096333
"4335","Switzerland","CHE","2002",3.09301e+11,"2.669903848","-0.073217257","0","8.955704272","2.059014559","..",26.4575807497392
"4336","Switzerland","CHE","2001",2.86583e+11,"3.407398223","1.575661987","0","8.97063263","..","..",26.3812940344612
"4337","Switzerland","CHE","2000",2.79216e+11,"8.266316029","3.958719908","0","10.03234542","2.048353672","..",26.3552515127829
"4338","Syrian Arab Republic","SYR","2023",19993439950,"..","-1.207264203","..","..","-1.75022471","..",23.7186700541958
"4339","Syrian Arab Republic","SYR","2022",23622827080,"..","0.732781302","..","..","-1.776185155","..",23.8854793306465
"4340","Syrian Arab Republic","SYR","2021",14353205678,"..","1.854215901","..","..","-1.798743725","..",23.3872391463988
"4341","Syrian Arab Republic","SYR","2020",12047752036,"..","-0.697154504","4.015044907","..","-1.735396385","..",23.2121439264508
"4342","Syrian Arab Republic","SYR","2019",22583045060,"..","1.220705221","2.465155457","..","-1.707912922","..",23.8404652430858
"4343","Syrian Arab Republic","SYR","2018",21497782868,"..","1.393176078","1.87604739","..","-1.64825058","..",23.7912156443439
"4344","Syrian Arab Republic","SYR","2017",16369843352,"..","-0.723281777","1.885714532","..","-1.583551884","..",23.5187066590717
"4345","Syrian Arab Republic","SYR","2016",12597854877,"..","-6.405590739","1.849504452","..","-1.59303391","..",23.2567923885529
"4346","Syrian Arab Republic","SYR","2015",16466863117,"..","-4.179791613","1.971698082","..","-1.568970442","..",23.5246159025832
"4347","Syrian Arab Republic","SYR","2014",21502061466,"..","-10.31033991","3.758497646","..","-1.560515285","..",23.7914146496232
"4348","Syrian Arab Republic","SYR","2013",21361254635,"..","-26.30008766","8.173480658","..","-1.265769243","..",23.7848445869071
"4349","Syrian Arab Republic","SYR","2012",43190318033,"..","-26.33901708","13.59727669","..","-1.219366789","..",24.4888821874714
"4350","Syrian Arab Republic","SYR","2011",67539428159,"1.190656572","2.850002844","18.87080073","..","-1.100737929","..",24.9359773851668
"4351","Syrian Arab Republic","SYR","2010",61390830875,"2.393186153","5.191905841","3.831256504","..","-1.102486491","..",24.8405263266646
"4352","Syrian Arab Republic","SYR","2009",54111735629,"4.748597031","5.912042793","2.961667785","..","-1.05090487","..",24.7143169240245
"4353","Syrian Arab Republic","SYR","2008",52557913569,"2.788587459","4.476672736","5.196521829","..","-1.070749879","..",24.6851815141591
"4354","Syrian Arab Republic","SYR","2007",40465318382,"3.069193978","5.674591777","4.590931613","..","-1.009927511","..",24.4237111079467
"4355","Syrian Arab Republic","SYR","2006",33751788856,"1.952489105","5.046195556","5.163696084","..","-0.94982779","..",24.2422992560011
"4356","Syrian Arab Republic","SYR","2005",28858965517,"1.732563836","6.215077835","5.290823417","..","-0.852751672","..",24.0856865447779
"4357","Syrian Arab Republic","SYR","2004",25086950495,"1.096187438","6.902959435","4.576415574","..","-0.829437733","..",23.9456136472914
"4358","Syrian Arab Republic","SYR","2003",21828144686,"0.732998623","7.204435053","5.530441827","..","-0.801886261","..",23.8064660147073
"4359","Syrian Arab Republic","SYR","2002",20669357462,"0.556379172","3.954831927","5.184595305","..","-0.399796873","..",23.7519181246223
"4360","Syrian Arab Republic","SYR","2001",20237024725,"0.543558164","1.047287102","4.922614041","..","..","..",23.7307796708072
"4361","Syrian Arab Republic","SYR","2000",18937052543,"1.425776263","0.675642589","6.139669726","..","-1.00953269","..",23.6643862918444
"4362","Tajikistan","TJK","2023",12244169293,"1.148136989","8.299999217","..","10.75215606","-1.378733397","2.5",23.2283156845429
"4363","Tajikistan","TJK","2022",10713525200,"1.624322875","8.000000338","..","10.34427934","-1.434276462","2",23.0947728175748
"4364","Tajikistan","TJK","2021",8937805347,"0.940255222","9.39999955","0.287161793","10.34598055","-1.354334593","2",22.9135559090822
"4365","Tajikistan","TJK","2020",8133963551,"1.309752523","4.400001116","0.1237612","..","-1.345226526","2",22.8193141633543
"4366","Tajikistan","TJK","2019",8300813599,"2.563721353","7.400000163","0.198471762","..","-1.345649838","2",22.8396193709208
"4367","Tajikistan","TJK","2018",7764999999,"2.844330101","7.59999889","0.205073118","..","-1.428637147","2",22.7728922934183
"4368","Tajikistan","TJK","2017",7536402853,"2.465726479","7.100000419","0.108282689","..","-1.346372128","2.5",22.7430108299308
"4369","Tajikistan","TJK","2016",6992416097,"3.455404596","6.9","0.059126808","..","-1.163033485","2.5",22.6680919839695
"4370","Tajikistan","TJK","2015",8271431485,"5.488920761","6.019303318","0.024252987","..","-1.148191094","2.5",22.8360734247152
"4371","Tajikistan","TJK","2014",9112605459,"3.583978385","6.70000069","0.065685418","..","-1.13246429","2.5",22.9329245072183
"4372","Tajikistan","TJK","2013",8448411318,"3.351407967","7.399999747","0.075186897","..","-1.287621021","2.5",22.8572442509353
"4373","Tajikistan","TJK","2012",7633036903,"3.166974994","7.499999463","0.087185441","..","-1.280341625","2.5",22.7557516244163
"4374","Tajikistan","TJK","2011",6522756255,"2.236534132","7.4000006","0.070334387","..","-1.231771708","2.5",22.5985628620532
"4375","Tajikistan","TJK","2010",5642221099,"1.664959036","6.499999086","0.050074164","..","-1.297203541","2",22.4535436368123
"4376","Tajikistan","TJK","2009",4979472364,"2.993500899","3.900001148","0.049879788","..","-1.221769214","2",22.3285897713658
"4377","Tajikistan","TJK","2008",5161299725,"9.428135662","7.899998272","0.095839463","..","-1.186930537","2",22.3644542694122
"4378","Tajikistan","TJK","2007",3719524541,"9.677779943","7.800000119","0.106966594","..","-1.040969253","2",22.0368616855037
"4379","Tajikistan","TJK","2006",2830213849,"11.9647284","7.000003211","0.134455289","..","-1.042832255","2",21.7636181107643
"4380","Tajikistan","TJK","2005",2312352021,"2.356012385","6.699998517","0.134517641","..","-1.176047444","2",21.5615310343844
"4381","Tajikistan","TJK","2004",2076176869,"13.10221224","10.29999894","0.092231556","9.821023787","-1.319209814","..",21.4537939956345
"4382","Tajikistan","TJK","2003",1555318261,"2.034933993","10.99999908","0.127382356","9.702188432","-1.147746086","..",21.164946031089
"4383","Tajikistan","TJK","2002",1221106220,"2.953584168","10.80000376","0.127446536","..","-1.174971223","..",20.9230230225582
"4384","Tajikistan","TJK","2001",1080772551,"0.878575237","9.580836178","0.159928729","8.201926827","..","..",20.8009419473596
"4385","Tajikistan","TJK","2000",860541842.3,"2.735869291","8.324324495","0.30549913","7.703083898","-1.265867949","..",20.5730727980002
"4386","Tanzania","TZA","2023",79062403837,"2.057911761","5.069523532","..","11.49148902","-0.319897324","3",25.0935032995766
"4387","Tanzania","TZA","2022",75769974505,"1.897288707","4.566005764","..","11.79268079","-0.35488227","3",25.0509679364108
"4388","Tanzania","TZA","2021",70655628148,"1.684943479","4.321384295","0","10.85579964","-0.394610137","3",24.9810836052961
"4389","Tanzania","TZA","2020",66068737786,"1.428459652","1.991964606","0","11.62676885","-0.405753613","3",24.9139615186132
"4390","Tanzania","TZA","2019",61026731926,"1.99459354","5.8","0","11.01911748","-0.420570701","3",24.8345778334208
"4391","Tanzania","TZA","2018",57003712892,"1.704409795","5.468081815","0","11.69508306","-0.475951612","2.5",24.7663822411157
"4392","Tanzania","TZA","2017",53274884533,"1.760116438","6.762277168","0","11.83671902","-0.486995429","3",24.6987308475519
"4393","Tanzania","TZA","2016",49774409374,"1.73591211","6.867116196","0","11.39033994","-0.531419516","3",24.6307668209096
"4394","Tanzania","TZA","2015",47413919817,"3.176334928","6.160628774","0","10.49249549","-0.709870934","3",24.582181689561
"4395","Tanzania","TZA","2014",49986726461,"2.832928189","6.732461868","0","11.36379689","-0.761549294","3",24.635023336351
"4396","Tanzania","TZA","2013",45648857242,"4.572428393","6.781585601","0","10.72192345","-0.781170845","3",24.5442444106401
"4397","Tanzania","TZA","2012",39650394363,"4.538784964","4.50015356","0","10.43300402","-0.764619529","3",24.4033667310812
"4398","Tanzania","TZA","2011",34657140096,"3.547208497","7.672155435","0","9.793982","-0.60335964","3",24.2687696047308
"4399","Tanzania","TZA","2010",32012892919,"5.663967966","6.336523427","0","9.912261582","-0.542279363","2.5",24.189404562321
"4400","Tanzania","TZA","2009",29400573554,"3.240174884","5.269105249","0.000397969","11.53417446","-0.447849065","3",24.1042800197402
"4401","Tanzania","TZA","2008",27947821398,"4.949437669","5.686416859","0","..","-0.416348159","3",24.0536050871052
"4402","Tanzania","TZA","2007",21860434823,"2.660110888","6.768535203","0","..","-0.335751265","3.5",23.8079442107596
"4403","Tanzania","TZA","2006",18619859795,"2.164565125","6.532221388","0","..","-0.228577167","3.5",23.6474945789603
"4404","Tanzania","TZA","2005",18395383647,"5.085626968","7.47631926","0","..","-0.607605696","3.5",23.6353655813335
"4405","Tanzania","TZA","2004",16673062473,"2.654218738","7.503814659","0","..","-0.56556958","..",23.5370602284739
"4406","Tanzania","TZA","2003",15211487709,"2.093163435","6.672789831","0","..","-0.734542429","..",23.445316749677
"4407","Tanzania","TZA","2002",14129651896,"2.799553286","7.093194984","0","..","-0.840931594","..",23.371541397529
"4408","Tanzania","TZA","2001",13563990022,"4.049474753","6.070808287","0","..","..","..",23.3306843255858
"4409","Tanzania","TZA","2000",13371767082,"3.46551698","4.520784636","0","..","-0.810984015","..",23.3164113870157
"4410","Thailand","THA","2023",5.15906e+11,"1.26302895","2.017750953","..","15.42307384","-0.489050776","..",26.9691904152903
"4411","Thailand","THA","2022",4.95645e+11,"2.391798418","2.580378747","..","15.1390496","-0.452444345","..",26.9291257816109
"4412","Thailand","THA","2021",5.06195e+11,"3.040252821","1.552166084","0.481657875","15.06325717","-0.478870928","..",26.9501878074899
"4413","Thailand","THA","2020",5.00462e+11,"-0.857989527","-6.050038469","0.17393082","15.19315216","-0.483811766","..",26.9387975087434
"4414","Thailand","THA","2019",5.43977e+11,"1.017348776","2.114557796","0.459890941","15.39794822","-0.471995354","..",27.0221728034968
"4415","Thailand","THA","2018",5.06754e+11,"2.712798351","4.222870287","0.680804724","15.69815813","-0.458226591","..",26.9512915156859
"4416","Thailand","THA","2017",4.56357e+11,"1.815502601","4.177681032","0.527823222","15.51872716","-0.446126044","..",26.8465412348954
"4417","Thailand","THA","2016",4.13366e+11,"0.843364341","3.435157717","0.429121666","16.10003515","-0.451746017","..",26.7475992360126
"4418","Thailand","THA","2015",4.01296e+11,"2.22468549","3.134047249","0.533712422","16.85085155","-0.555973411","..",26.7179651465643
"4419","Thailand","THA","2014",4.07339e+11,"1.22145318","0.984468864","1.256455324","16.49878428","-0.480822623","..",26.7329115995334
"4420","Thailand","THA","2013",4.20334e+11,"3.791264509","2.687495563","1.434169715","17.73605447","-0.372668326","..",26.7643154702848
"4421","Thailand","THA","2012",3.97558e+11,"3.244564443","7.242796202","1.640990466","15.44093567","-0.397404075","..",26.7086066723464
"4422","Thailand","THA","2011",3.70819e+11,"0.667087645","0.840132083","1.772510794","16.36183479","-0.353244036","..",26.6389799098863
"4423","Thailand","THA","2010",3.41105e+11,"4.323209282","7.513390533","1.333780837","14.93264755","-0.360339463","..",26.5554561847215
"4424","Thailand","THA","2009",2.81711e+11,"2.275902241","-0.690618232","1.007356198","14.19423084","-0.332013279","..",26.3641475596997
"4425","Thailand","THA","2008",2.91383e+11,"2.938249054","1.725698849","1.907917867","15.3848864","-0.440627247","..",26.3979043899529
"4426","Thailand","THA","2007",2.62943e+11,"3.283569394","5.435151691","1.366611032","15.14315656","-0.400172323","..",26.2952031155968
"4427","Thailand","THA","2006",2.21758e+11,"4.021256707","4.967810892","1.53654839","15.63699271","-0.413430303","..",26.1248525341483
"4428","Thailand","THA","2005",1.89318e+11,"4.339587081","4.187638429","1.359075071","16.06186027","-0.206432834","..",25.9666939778044
"4429","Thailand","THA","2004",1.72896e+11,"3.389474953","6.289342143","0.818270913","14.85333091","-0.24613224","..",25.8759560946081
"4430","Thailand","THA","2003",1.52281e+11,"3.435939848","7.189243303","0.655539544","14.4815688","-0.196023554","..",25.7489933352897
"4431","Thailand","THA","2002",1.34301e+11,"2.488153019","6.149036052","0.52634221","13.47031276","-0.338848352","..",25.6233493864643
"4432","Thailand","THA","2001",1.20296e+11,"4.212235095","3.44424901","0.524207578","13.07021832","..","..",25.5132212091664
"4433","Thailand","THA","2000",1.26392e+11,"2.663128687","4.455247043","0.68731315","12.9767329","-0.230174467","..",25.562654025517
"4434","Timor-Leste","TLS","2023",2079916909,"3.051041432","-18.12479096","..","..","-0.226704165","3",21.4555937822656
"4435","Timor-Leste","TLS","2022",3208593982,"-8.423192179","-20.54158475","..","21.64317779","-0.265468001","3",21.8890986662951
"4436","Timor-Leste","TLS","2021",3624889673,"-10.11212577","5.315538537","5.297155209","15.08809851","-0.071802154","3",22.0110896897554
"4437","Timor-Leste","TLS","2020",2162619241,"-30.25955395","31.96191857","2.791714789","12.64271148","-0.339262903","3",21.494585935597
"4438","Timor-Leste","TLS","2019",2032550389,"-7.794473544","23.41201358","12.59721773","22.81339089","-0.400363654","3",21.4325571907148
"4439","Timor-Leste","TLS","2018",1555988614,"3.080078101","0.000114755","14.49481806","25.25021922","-0.505600214","2.5",21.1653769451951
"4440","Timor-Leste","TLS","2017",1584878400,"0.423750962","-3.182415225","13.21901144","20.22852259","-0.565559626","2.5",21.1837735220897
"4441","Timor-Leste","TLS","2016",1640464600,"0.333972461","3.009930626","12.55198497","15.08794971","-0.537739694","2.5",21.2182453313456
"4442","Timor-Leste","TLS","2015",1590282400,"2.703639303","2.480040402","24.28952421","36.16611465","-0.546580613","2.5",21.1871774474706
"4443","Timor-Leste","TLS","2014",1447535200,"2.342291332","4.472498466","..","62.79066644","-0.529589474","2.5",21.093128084905
"4444","Timor-Leste","TLS","2013",1395727400,"4.002006812","3.104366832","..","93.8650341","-0.693969369","2.5",21.0566815500122
"4445","Timor-Leste","TLS","2012",1160555000,"3.47958036","4.860621868","..","147.6401955","-0.743892968","2.5",20.8721641759207
"4446","Timor-Leste","TLS","2011",1042534600,"4.705663346","5.958539712","..","135.4844505","-0.824016511","2.5",20.7649207005349
"4447","Timor-Leste","TLS","2010",881909300,"3.439447432","9.331511766","..","110.172588","-0.754676282","3",20.5975997742161
"4448","Timor-Leste","TLS","2009",726937800,"6.596816215","10.14695442","..","..","-0.803566515","3",20.4043514747537
"4449","Timor-Leste","TLS","2008",648523600,"6.121283906","11.39480483","..","..","-0.650319099","3",20.2902089527317
"4450","Timor-Leste","TLS","2007",542795400,"1.601904085","10.26538845","..","..","-0.648965776","3",20.1122430113128
"4451","Timor-Leste","TLS","2006",453792400,"1.868273788","-4.116092689","..","..","-0.598673344","3",19.9331503827039
"4452","Timor-Leste","TLS","2005",462268000,"0.196422854","2.984579638","..","..","-0.569692433","..",19.9516553674409
"4453","Timor-Leste","TLS","2004",440772000,"..","0.400003981","..","..","-0.335041285","..",19.9040382929143
"4454","Timor-Leste","TLS","2003",490439100,"0.921419194","-2.182264132","0","..","-0.249594808","..",20.0108116702399
"4455","Timor-Leste","TLS","2002",469455500,"..","-6.703651824","..","..","-0.222040236","..",19.9670840704379
"4456","Timor-Leste","TLS","2001",477443500,"..","16.35138092","..","..","..","..",19.9839563862768
"4457","Timor-Leste","TLS","2000",366924300,"..","58.07809593","..","..","..","..",19.7206661177129
"4458","Togo","TGO","2023",9171261838,"0.366258761","6.407922156","..","14.7594069","-0.619174957","3",22.9393407187644
"4459","Togo","TGO","2022",8169476149,"-2.121319738","5.759542515","..","14.18756208","-0.637628198","3",22.8236706249132
"4460","Togo","TGO","2021",8342243646,"-1.632912029","5.990876104","0","14.20244964","-0.690799415","3",22.8445980394392
"4461","Togo","TGO","2020",7400284168,"-0.800061439","1.992155019","0","12.86660525","-0.730152428","3",22.7247842375003
"4462","Togo","TGO","2019",6992700101,"4.943691878","4.922925917","0","13.58354422","-0.746111989","3",22.6681325991486
"4463","Togo","TGO","2018",7029300383,"-2.574548034","4.79506027","0","12.85943483","-0.749250174","3",22.67335301904
"4464","Togo","TGO","2017",6387422518,"1.386454384","4.008133262","0","13.0586635","-0.735369742","3",22.5775966621483
"4465","Togo","TGO","2016",6071170959,"-0.762757826","4.214895609","0","13.86737441","-0.708207965","2.5",22.5268173326389
"4466","Togo","TGO","2015",5755461035,"4.480267261","5.468031293","0","13.76871095","-0.754961371","2.5",22.4734149862504
"4467","Togo","TGO","2014",6393318262,"0.844949995","5.633240218","0","13.16639275","-0.90018332","2.5",22.5785192603794
"4468","Togo","TGO","2013",6021732977,"3.048943712","5.824265832","0","12.1000696","-1.034981489","2.5",22.5186409247741
"4469","Togo","TGO","2012",5413544658,"2.244584154","6.302695421","0","11.36165572","-1.007718325","2.5",22.4121699200578
"4470","Togo","TGO","2011",5422442166,"13.43879485","5.823252237","0","11.40523223","-1.026531458","2.5",22.4138121350483
"4471","Togo","TGO","2010",4746389532,"2.634931267","5.854352694","0","10.50778741","-0.967423081","2.5",22.2806500674453
"4472","Togo","TGO","2009",4721890900,"0.980634604","5.453823993","0","10.31621212","-1.032309651","2",22.2754751707261
"4473","Togo","TGO","2008",4578849658,"1.111466324","4.035645276","0","10.34190563","-0.975757539","2",22.2447136371494
"4474","Togo","TGO","2007",3759964943,"1.659770864","-1.175120392","0","10.88351843","-0.997273386","2",22.0476754706345
"4475","Togo","TGO","2006",3320907722,"2.752161444","2.650132099","0","9.832824826","-1.0496068","2",21.923503992746
"4476","Togo","TGO","2005",3221910408,"2.979710359","-4.666299384","0","9.118923256","-0.87377125","2",21.8932403149831
"4477","Togo","TGO","2004",3191561509,"2.50559739","-0.978665333","0","9.309128805","-0.943994403","..",21.8837761352304
"4478","Togo","TGO","2003",2987984051,"1.531922915","6.720171423","0","..","-0.902238727","..",21.8178647665187
"4479","Togo","TGO","2002",2410199032,"2.398403891","3.826622577","0","..","-0.758069575","..",21.6029751669311
"4480","Togo","TGO","2001",2093498674,"3.468722086","0.823438752","0","..","..","..",21.4621025100342
"4481","Togo","TGO","2000",2106848752,"2.50698257","-0.78347961","0","..","-0.751898825","..",21.4684591856134
"4482","Tonga","TON","2023",508735107,"0.968320226","2.084155836","..","23.76696583","-0.308315754","3.5",20.0474380205825
"4483","Tonga","TON","2022",518180029.4,"0.56188039","-2.309864445","..","21.91086174","-0.420545071","3.5",20.0658332869475
"4484","Tonga","TON","2021",518228028.7,"0.049879118","0.362604273","0","20.73816186","-0.429132015","3.5",20.0659259132054
"4485","Tonga","TON","2020",496856303.9,"0.769728568","1.783395899","0","20.78624428","-0.34388265","3.5",20.0238114152939
"4486","Tonga","TON","2019",494197854,"-1.236018484","-0.208433391","0","21.64631396","-0.330168128","3.5",20.0184465091378
"4487","Tonga","TON","2018",489714529.8,"4.739661065","0.687546507","0","21.90960628","-0.071241498","3.5",20.0093331870512
"4488","Tonga","TON","2017",459976847.1,"-3.407083324","3.202319762","0","20.81517971","-0.178877786","3.5",19.9466867137894
"4489","Tonga","TON","2016",420828254.5,"3.950577206","6.598698794","0","20.25651882","-0.452807009","3.5",19.857735361858
"4490","Tonga","TON","2015",437525538.9,"3.373477515","1.113744024","0","18.67925694","-0.460293978","3.5",19.8966456366868
"4491","Tonga","TON","2014",440997734.9,"3.002611224","1.990537699","0","17.10459388","-0.273151159","3.5",19.9045502971167
"4492","Tonga","TON","2013",451788498.3,"1.387709805","0.39392253","0","16.93247394","-0.258447707","3.5",19.9287247041708
"4493","Tonga","TON","2012",471122971.3,"-0.178618753","0.919761025","0","..","-0.298795193","3.5",19.9706297034664
"4494","Tonga","TON","2011",414143828.5,"1.845144472","6.703697462","0","..","-0.320604384","3.5",19.8417238832918
"4495","Tonga","TON","2010",366887375,"1.27041875","0.824396914","0","..","-0.303076357","3.5",19.7205654788125
"4496","Tonga","TON","2009",312415028.4,"0.079063573","-5.129178192","0","..","-0.676430941","3.5",19.5598430810467
"4497","Tonga","TON","2008",344438844.3,"6.247192411","4.862841324","0","..","-0.679467142","3.5",19.6574271124853
"4498","Tonga","TON","2007",298519623.3,"5.890355551","-2.464307791","0","..","-1.055481791","2.5",19.5143462283347
"4499","Tonga","TON","2006",292232703.3,"3.759835516","-2.165663427","0","..","-1.377633214","2",19.4930609719628
"4500","Tonga","TON","2005",261823805.4,"2.293714096","-0.657650703","0","..","-1.35349369","2",19.3831823370236
"4501","Tonga","TON","2004",230678011.4,"2.398869318","-1.967947403","0","..","0.089219317","..",19.2565334060744
"4502","Tonga","TON","2003",202246591.2,"0.090124303","0.051805445","0","..","..","..",19.1249982593727
"4503","Tonga","TON","2002",182764280.8,"2.567285018","4.429223599","0","..","..","..",19.0237077974535
"4504","Tonga","TON","2001",181117230.4,"4.212001245","1.492481255","0","..","..","..",19.0146550613427
"4505","Tonga","TON","2000",204848487.8,"4.49717745","3.75409745","0","..","..","..",19.1377811799431
"4506","Trinidad and Tobago","TTO","2023",25489373405,"-6.102442247","1.427113398","..","..","-0.374148548","..",23.9615274730394
"4507","Trinidad and Tobago","TTO","2022",28510328245,"-3.204107938","1.08222234","..","..","-0.379440844","..",24.0735322531334
"4508","Trinidad and Tobago","TTO","2021",24177305760,"-3.866360494","-0.911992867","2.710541742","..","-0.299813926","..",23.9086802516073
"4509","Trinidad and Tobago","TTO","2020",20991339707,"5.030499065","-8.90279446","1.429246047","..","-0.160061643","..",23.7673757947069
"4510","Trinidad and Tobago","TTO","2019",23588037787,"0.779940947","0.471813384","2.774581227","16.67849596","-0.256703824","..",23.884005547042
"4511","Trinidad and Tobago","TTO","2018",23888910152,"-2.931007303","-0.985525083","3.660556391","19.87296586","-0.37965554","..",23.8966801778212
"4512","Trinidad and Tobago","TTO","2017",23847765529,"-1.974535422","-4.818588907","2.683551737","18.39023967","-0.393758774","..",23.8949563613802
"4513","Trinidad and Tobago","TTO","2016",23624333664,"-0.099889304","-7.403453266","1.825569574","21.39690324","-0.303713292","..",23.88554310523
"4514","Trinidad and Tobago","TTO","2015",26841143095,"0.658801096","-0.564816953","2.245470827","24.71003353","-0.365587831","..",24.0132017373755
"4515","Trinidad and Tobago","TTO","2014",29474180442,"2.244043755","3.695365151","5.580542695","25.03223582","-0.464948714","..",24.1067804777924
"4516","Trinidad and Tobago","TTO","2013",28560536917,"-3.956389297","3.344606475","6.44936933","24.26108732","-0.253159583","..",24.0752917738559
"4517","Trinidad and Tobago","TTO","2012",27147349937,"-7.014856528","6.710083663","7.635292403","24.96117334","-0.182379499","..",24.0245452703487
"4518","Trinidad and Tobago","TTO","2011",25433007437,"0.161394418","-0.294354409","9.46888642","25.6437422","-0.13505049","..",23.9593136727383
"4519","Trinidad and Tobago","TTO","2010",22157920592,"2.479474541","3.32322471","7.319660849","26.24401846","-0.208101377","..",23.8214608583215
"4520","Trinidad and Tobago","TTO","2009",19172165226,"3.698591117","-4.391729247","6.488713436","26.82740606","-0.05406221","..",23.6767253362955
"4521","Trinidad and Tobago","TTO","2008",27871587350,"10.04894327","3.391737078","9.422077145","29.48840531","-0.078856148","..",24.0508736323261
"4522","Trinidad and Tobago","TTO","2007",21641620050,"3.835202716","4.754209701","9.255924279","25.99529034","-0.04883967","..",23.7978841518009
"4523","Trinidad and Tobago","TTO","2006",18369361094,"4.805284166","13.20805861","12.24732463","30.25758765","-0.125168324","..",23.6339499557101
"4524","Trinidad and Tobago","TTO","2005",15982389018,"5.879596592","6.20893788","11.80421992","26.3787008","0.01965333","..",23.4947532666111
"4525","Trinidad and Tobago","TTO","2004",13280291990,"7.515648005","7.950051511","8.455638624","22.02505646","-0.018941578","..",23.3095469679518
"4526","Trinidad and Tobago","TTO","2003",11305459802,"7.149642864","14.44098954","7.974689586","21.30154983","0.06059717","..",23.1485516142951
"4527","Trinidad and Tobago","TTO","2002",9008298229,"11.18746265","7.936709687","8.997880597","20.45549831","0.03129793","..",22.9214120149227
"4528","Trinidad and Tobago","TTO","2001",8824849191,"9.460785408","4.168523982","6.848120516","22.12128594","..","..",22.9008373507812
"4529","Trinidad and Tobago","TTO","2000",8154342116,"8.332984149","6.901359591","10.71438166","..","0.345016211","..",22.8218163972943
"4530","Tunisia","TUN","2023",48196281784,"1.50858928","0.039156567","..","..","-0.341899782","..",24.5985477136166
"4531","Tunisia","TUN","2022",44948769171,"1.430991667","2.673318218","..","..","-0.299796939","..",24.5287892153089
"4532","Tunisia","TUN","2021",47073234359,"1.162893014","4.736320748","1.548962101","..","-0.26232934","..",24.574970403808
"4533","Tunisia","TUN","2020",42491780918,"1.466343049","-9.011934124","0.916677527","..","-0.115354247","..",24.4725765040098
"4534","Tunisia","TUN","2019",41905642419,"1.9448765","1.587846655","1.661411812","..","-0.139625028","..",24.4586863187461
"4535","Tunisia","TUN","2018",42686504460,"2.32248035","2.624930109","1.990215489","..","-0.114437342","..",24.4771486524242
"4536","Tunisia","TUN","2017",42163530591,"1.923312568","2.23783868","1.48811485","..","-0.159596652","..",24.4648214803441
"4537","Tunisia","TUN","2016",44360072680,"1.403445586","1.117425949","1.266744869","..","-0.163240567","..",24.5156056378402
"4538","Tunisia","TUN","2015",45779494042,"2.119992606","0.967703108","1.625962997","..","-0.077178285","..",24.5471020994657
"4539","Tunisia","TUN","2014",50271812921,"2.038427469","3.090328031","3.355078247","..","-0.019062787","..",24.6407103776768
"4540","Tunisia","TUN","2013",48685446414,"2.174412807","2.429930964","4.284210781","..","-0.041582875","..",24.6086459807713
"4541","Tunisia","TUN","2012",47311401813,"3.28518934","4.216677115","5.065946828","20.11548772","-0.033657957","..",24.5800171565246
"4542","Tunisia","TUN","2011",48123325825,"0.899077535","-2.046633895","5.013449641","20.17485594","-0.022444921","..",24.5970328408973
"4543","Tunisia","TUN","2010",46206091938,"2.888142318","2.971132751","4.127118274","19.19975083","-0.118834764","..",24.5563774864712
"4544","Tunisia","TUN","2009",43455740497,"3.50988118","3.043450124","3.448327852","20.04816181","-0.07915701","..",24.4950087972383
"4545","Tunisia","TUN","2008",44859439902,"5.797386196","4.237781475","5.935148436","20.49980823","-0.165581718","..",24.5267998804946
"4546","Tunisia","TUN","2007",38915353867,"3.893951599","6.709520975","5.51629478","19.06787394","-0.109465234","..",24.384654710648
"4547","Tunisia","TUN","2006",34376664601,"9.424733697","5.244099832","4.107757572","18.51071549","-0.012532148","..",24.2606438165171
"4548","Tunisia","TUN","2005",32272186695,"2.208449195","3.486545543","3.792492236","18.87750472","-0.078068301","..",24.1974716031874
"4549","Tunisia","TUN","2004",31183885241,"1.898889497","6.235790722","2.608690668","18.67219383","0.067843512","..",24.1631672996446
"4550","Tunisia","TUN","2003",27453902261,"1.965046476","4.702399533","2.1172573","18.74526478","0.123504691","..",24.035774153669
"4551","Tunisia","TUN","2002",23141616605,"3.415072206","1.322557148","2.362697508","19.54062466","0.283649951","..",23.8648984181991
"4552","Tunisia","TUN","2001",22065832449,"2.046216975","3.796271662","2.341622323","19.59749767","..","..",23.8172962060807
"4553","Tunisia","TUN","2000",21473528161,"3.496027471","4.709972914","3.229283531","19.29236853","-0.394928753","..",23.7900867651455
"4554","Turkiye","TUR","2023",1.11825e+12,"0.953004409","5.111168185","..","18.53540687","-0.50248909","..",27.7427860792594
"4555","Turkiye","TUR","2022",9.07118e+11,"1.519536973","5.533427875","..","16.09207149","-0.46810627","..",27.5335383778276
"4556","Turkiye","TUR","2021",8.19865e+11,"1.545863836","11.43939569","0.137970824","17.86363737","-0.408259898","..",27.4324055295047
"4557","Turkiye","TUR","2020",7.20338e+11,"1.044231303","1.85987304","0.061240095","17.66372303","-0.361754","..",27.3029863832464
"4558","Turkiye","TUR","2019",7.61006e+11,"1.249267555","0.818514527","0.102518298","16.52438584","-0.325921059","..",27.3579070791397
"4559","Turkiye","TUR","2018",7.78972e+11,"1.59826005","3.013170393","0.108111879","17.27007462","-0.351303011","..",27.3812409386538
"4560","Turkiye","TUR","2017",8.58988e+11,"1.302694983","7.501997489","0.053757324","17.71815774","-0.20880504","..",27.4790207891008
"4561","Turkiye","TUR","2016",8.69683e+11,"1.590809741","3.323084208","0.034923762","18.26558723","-0.199177414","..",27.4913946143809
"4562","Turkiye","TUR","2015",8.64314e+11,"2.228704409","6.084486904","0.0446861","18.18078068","-0.16154924","..",27.4852019656532
"4563","Turkiye","TUR","2014",9.38935e+11,"1.420439706","4.939715161","0.09449845","17.94581705","-0.13432841","..",27.5680120911815
"4564","Turkiye","TUR","2013",9.57799e+11,"1.416058933","8.485816997","0.097421884","18.3638081","0.091507562","..",27.5879037807951
"4565","Turkiye","TUR","2012",8.80556e+11,"1.560832223","4.788492711","0.111617757","18.10718164","0.161344782","..",27.5038193630874
"4566","Turkiye","TUR","2011",8.38785e+11,"1.929218383","11.20011058","0.123984127","18.57091787","0.038242523","..",27.4552202531247
"4567","Turkiye","TUR","2010",7.76967e+11,"1.171091807","8.427104323","0.085534449","18.85902049","0.025415225","..",27.3786637153697
"4568","Turkiye","TUR","2009",6.49289e+11,"1.32221487","-4.823153953","0.086457877","18.07393495","0.087655708","..",27.1991437549959
"4569","Turkiye","TUR","2008",7.70449e+11,"2.576549074","0.815024573","0.12200059","17.50228731","0.11532557","..",27.3702392987307
"4570","Turkiye","TUR","2007",6.81321e+11,"3.235919042","5.043507932","0.086911573","..","0.112518623","..",27.2472993976768
"4571","Turkiye","TUR","2006",5.57076e+11,"3.623382498","6.947988086","0.097675686","..","0.026674604","..",27.0459675128083
"4572","Turkiye","TUR","2005",5.06315e+11,"1.98117883","8.992304936","0.098246345","..","-0.035272829","..",26.9504248421869
"4573","Turkiye","TUR","2004",4.08865e+11,"0.681153209","9.795936389","0.080880457","..","-0.191904396","..",26.7366508651534
"4574","Turkiye","TUR","2003",3.14596e+11,"0.541012065","5.763206067","0.080783589","..","-0.209118396","..",26.4745551129316
"4575","Turkiye","TUR","2002",2.40249e+11,"0.450365944","6.447722047","0.092405867","..","-0.570128739","..",26.2049417224572
"4576","Turkiye","TUR","2001",2.01753e+11,"1.661436481","-5.750006555","0.109672292","..","..","..",26.0303100138744
"4577","Turkiye","TUR","2000",2.74295e+11,"0.358009205","6.933239705","0.119531436","..","-0.258079946","..",26.3374700065066
"4578","Turkmenistan","TKM","2023",60628857143,"2.273359824","6.300157585","..","..","-1.423624277","..",24.8280368071575
"4579","Turkmenistan","TKM","2022",5.8972e+10,"1.58726126","6.199999936","..","..","-1.437132478","..",24.800328591934
"4580","Turkmenistan","TKM","2021",50007428571,"2.574286915","6.200000017","..","..","-1.439609766","..",24.6354374027589
"4581","Turkmenistan","TKM","2020",4.5818e+10,"3.134667161","5.900000049","..","..","-1.434578419","..",24.5479428639576
"4582","Turkmenistan","TKM","2019",45232857143,"4.097977106","6.300000042","5.846226886","..","-1.394042015","..",24.5350895876429
"4583","Turkmenistan","TKM","2018",40765428571,"3.941183121","6.199999941","8.538824901","..","-1.382822275","..",24.4311002202159
"4584","Turkmenistan","TKM","2017",37926285714,"5.499995849","6.500000047","5.571171527","..","-1.369123578","..",24.3589102630961
"4585","Turkmenistan","TKM","2016",36169428571,"6.201812107","6.199999966","3.655335127","..","-1.395843148","..",24.3114800843615
"4586","Turkmenistan","TKM","2015",35799714286,"8.499978452","6.49999991","4.899631926","..","-1.225913763","..",24.3012057494832
"4587","Turkmenistan","TKM","2014",43524210526,"8.800001088","10.29999997","8.829928862","..","-1.177458405","..",24.4965831840329
"4588","Turkmenistan","TKM","2013",39197543860,"7.300000021","10.2000001","11.11336997","..","-1.285681129","..",24.3918799251472
"4589","Turkmenistan","TKM","2012",35164210526,"8.900000009","11.09999996","12.13495696","..","-1.314689875","..",24.2832946558927
"4590","Turkmenistan","TKM","2011",29233333333,"11.60000114","14.69999993","14.06340511","..","-1.445981383","..",24.098575447645
"4591","Turkmenistan","TKM","2010",22583157895,"16.08411019","9.199999988","10.17280234","..","-1.435776353","..",23.8404702395209
"4592","Turkmenistan","TKM","2009",20214385965,"22.52356321","6.100000115","10.27364997","..","-1.432222605","..",23.7296603643614
"4593","Turkmenistan","TKM","2008",19271523179,"6.626357388","14.7","22.09120399","..","-1.398331523","..",23.681894360307
"4594","Turkmenistan","TKM","2007",12664165103,"6.75922963","11.05929947","20.07844333","..","-1.405738115","..",23.2620421966322
"4595","Turkmenistan","TKM","2006",10276674365,"7.112223021","10.97330833","19.47625243","..","-1.399203897","..",23.0531425392841
"4596","Turkmenistan","TKM","2005",8103901996,"5.160477017","13.03403487","24.9081038","..","-1.347762346","..",22.8156115105324
"4597","Turkmenistan","TKM","2004",6838351088,"5.172299512","5.000407438","20.50724589","..","-1.270520687","..",22.6458124705132
"4598","Turkmenistan","TKM","2003",5977440583,"3.780882417","3.26882856","17.81170651","..","-1.015131831","..",22.5112583171386
"4599","Turkmenistan","TKM","2002",4462029109,"6.185526658","0.257179925","18.11726512","..","-1.05427289","..",22.2188694566916
"4600","Turkmenistan","TKM","2001",3534772732,"4.809361531","4.343845714","20.35664897","..","..","..",21.985914843422
"4601","Turkmenistan","TKM","2000",2904663311,"4.509989144","5.469064133","30.53515219","..","-1.077137589","..",21.7895833207055
"4602","Turks and Caicos Islands","TCA","2023",1638653000,"1.99307419","13.73114811","..","..","..","..",21.2171403998334
"4603","Turks and Caicos Islands","TCA","2022",1434119000,"2.440522718","14.08712342","..","..","..","..",21.0838165603391
"4604","Turks and Caicos Islands","TCA","2021",1236459000,"2.320358378","29.62937817","0","..","..","..",20.9355174862684
"4605","Turks and Caicos Islands","TCA","2020",918387000,"3.312208252","-33.81709734","0","..","..","..",20.6381294283771
"4606","Turks and Caicos Islands","TCA","2019",1371838000,"1.96536836","4.981705494","0","..","..","..",21.0394172834769
"4607","Turks and Caicos Islands","TCA","2018",1314329000,"3.2128181","91.13703887","0","..","..","..",20.9965921061864
"4608","Turks and Caicos Islands","TCA","2017",1022365000,"2.158524597","-2.490222604","0","..","..","..",20.7453844078247
"4609","Turks and Caicos Islands","TCA","2016",1032452000,"1.606854362","7.251186276","0","..","..","..",20.7552023926147
"4610","Turks and Caicos Islands","TCA","2015",942070000,"-7.418557007","11.31482939","0","..","..","..",20.6635901397586
"4611","Turks and Caicos Islands","TCA","2014",841700000,"-8.261019366","8.711295808","0","..","..","..",20.5509342141818
"4612","Turks and Caicos Islands","TCA","2013",754238000,"..","1.070880496","0","..","..","..",20.4412185260327
"4613","Turks and Caicos Islands","TCA","2012",727161000,"..","-2.666555621","0","..","..","..",20.4046584690263
"4614","Turks and Caicos Islands","TCA","2011",728790000,"..","4.62049893","0","..","..","..",20.4068961826304
"4615","Turks and Caicos Islands","TCA","2010",686788000,"..","0.984924854","0","..","..","..",20.3475362144995
"4616","Turks and Caicos Islands","TCA","2009",703176000,"..","-19.55024676","0","..","..","..",20.37111777406
"4617","Turks and Caicos Islands","TCA","2008",862684000,"..","8.271893125","0","..","..","..",20.5755590174508
"4618","Turks and Caicos Islands","TCA","2007",773490000,"..","..","0","..","..","..",20.4664232996456
"4619","Turks and Caicos Islands","TCA","2006",721891500,"..","..","0","..","..","..",20.3973854085561
"4620","Turks and Caicos Islands","TCA","2005",578645800,"..","..","0","..","..","..",20.1762011039585
"4621","Turks and Caicos Islands","TCA","2004",485598800,"..","..","0","..","..","..",20.0008933265368
"4622","Turks and Caicos Islands","TCA","2003",409753600,"..","..","0","..","..","..",19.8310665613946
"4623","Turks and Caicos Islands","TCA","2002",366707900,"..","..","0","..","..","..",19.7200761763055
"4624","Turks and Caicos Islands","TCA","2001",358744800,"..","..","0","..","..","..",19.6981218301595
"4625","Tuvalu","TUV","2023",62280311.59,"0.267002518","3.852809195","..","..","0.646379948","4",17.9471559079683
"4626","Tuvalu","TUV","2022",59065982.09,"0.337639353","0.677309361","..","..","0.652524471","4",17.8941657175016
"4627","Tuvalu","TUV","2021",60196405.71,"0.33129885","1.804135911","..","..","0.661643803","4",17.9131232026826
"4628","Tuvalu","TUV","2020",51746594.31,"0.193249433","-4.274932069","..","..","0.484494269","3.5",17.7618691775094
"4629","Tuvalu","TUV","2019",54123198.57,"0.55218466","13.82209844","..","..","0.38763237","3.5",17.8067734609617
"4630","Tuvalu","TUV","2018",48015259.88,"0.622427122","1.387283842","..","..","0.051431186","3.5",17.6870294325148
"4631","Tuvalu","TUV","2017",45276595.35,"0.662593991","2.448392857","..","..","0.068848796","3.5",17.6283007979986
"4632","Tuvalu","TUV","2016",41629064.22,"0.720650357","5.660377358","..","..","0.055500541","3.5",17.5443091404174
"4633","Tuvalu","TUV","2015",36811936.08,"0.814953061","10.41666667","..","..","0.006501475","3.5",17.4213327005491
"4634","Tuvalu","TUV","2014",38760982.65,"0.773974186","0","..","..","0.028467461","3.5",17.4729246968327
"4635","Tuvalu","TUV","2013",38615890.63,"0.872697728","4.347826087","..","..","-0.3930659","3",17.4691744240728
"4636","Tuvalu","TUV","2012",39345579.47,"3.367703687","-2.127659574","..","..","-0.345227033","3",17.4878941877624
"4637","Tuvalu","TUV","2011",39196957.49,"-0.303818658","6.818181818","..","..","-0.266759753","..",17.4841096866975
"4638","Tuvalu","TUV","2010",32105408.48,"1.417934098","-2.222222222","..","..","-0.259419352","..",17.2845350623812
"4639","Tuvalu","TUV","2009",28076983.97,"6.236690786","-6.25","..","..","-0.219170406","..",17.1504607228774
"4640","Tuvalu","TUV","2008",31874434.86,"5.295152569","6.666666667","..","..","-0.217524931","..",17.2773148314033
"4641","Tuvalu","TUV","2007",28450168.69,"-0.038853726","7.142857143","..","..","-0.24031949","..",17.1636646478688
"4642","Tuvalu","TUV","2006",24096875.46,"-0.043917114","2.43902439","..","..","-0.104157448","..",16.9975927410931
"4643","Tuvalu","TUV","2005",22909979.82,"-0.049835027","-4.651162791","..","..","-0.12089359","..",16.9470831735912
"4644","Tuvalu","TUV","2004",22798274.98,"-0.051305788","-2.272727273","..","..","0.791444957","..",16.9421954322905
"4645","Tuvalu","TUV","2003",19456338.03,"-0.056399994","-4.347826087","..","..","..","..",16.7836834376719
"4646","Tuvalu","TUV","2002",16842672.6,"-0.058064532","9.523809524","..","..","..","..",16.6394262596493
"4647","Tuvalu","TUV","2001",13964732.33,"-0.066666649","0","..","..","..","..",16.452045589974
"4648","Tuvalu","TUV","2000",15073975.53,"..","-0.970489206","..","..","..","..",16.5284803400593
"4649","Uganda","UGA","2023",48768955859,"6.133368958","5.336972955","..","12.96836848","-1.042574763","2.5",24.6103597969456
"4650","Uganda","UGA","2022",45565333216,"6.480716351","4.588021922","..","12.54990427","-1.061196923","2.5",24.5424130278492
"4651","Uganda","UGA","2021",40529788744,"4.06673721","3.536580341","0","12.45886668","-1.028543591","2.5",24.4253030652365
"4652","Uganda","UGA","2020",37600368240,"3.168798753","2.951306422","0","11.39116331","-1.06589222","2.5",24.3502796809113
"4653","Uganda","UGA","2019",35353061008,"3.685678023","6.438745033","0","12.23637947","-1.174473524","2.5",24.288650816997
"4654","Uganda","UGA","2018",32927025620,"3.205128106","6.303923783","0","11.68286865","-1.051229477","2.5",24.2175596049309
"4655","Uganda","UGA","2017",30744473841,"2.61088918","3.131405517","0","11.60472367","-1.069442272","2",24.1489761025609
"4656","Uganda","UGA","2016",29203988696,"2.142530489","4.781000293","0","11.11956297","-1.086735964","2",24.0975711360699
"4657","Uganda","UGA","2015",32387183730,"2.277605075","5.18785986","0","10.80177081","-1.0814116","2",24.2010286175998
"4658","Uganda","UGA","2014",32612397257,"3.24589613","5.106307325","0","..","-1.097787857","2",24.2079583369865
"4659","Uganda","UGA","2013",28915786517,"3.790317097","3.586905826","0","..","-1.056307316","2",24.0876535291896
"4660","Uganda","UGA","2012",27305915911,"4.414385849","3.837455606","0","..","-1.001575112","2",24.0303692156979
"4661","Uganda","UGA","2011",27871725241,"3.208606034","9.391655493","0","..","-0.936401606","2.5",24.0508785796819
"4662","Uganda","UGA","2010",26673441431,"2.039004711","5.637611637","0","..","-0.923493564","2.5",24.0069342043485
"4663","Uganda","UGA","2009",25127805567,"3.349161551","6.801517349","0","..","-0.909787476","2.5",23.9472408614499
"4664","Uganda","UGA","2008",14440404132,"5.047371902","8.708751902","0","..","-0.840163767","3",23.3932959570001
"4665","Uganda","UGA","2007",11902564495,"6.65659725","8.412425966","0","..","-0.825754583","3",23.2000197176278
"4666","Uganda","UGA","2006",9977647683,"6.45705802","10.78474439","0","..","-0.787619293","3",23.0236131963812
"4667","Uganda","UGA","2005",9239221763,"4.110826111","6.332565116","0","..","-0.833648562","3",22.9467234942693
"4668","Uganda","UGA","2004",7939487548,"3.720850723","6.807233344","0","..","-0.811878681","..",22.7951145695685
"4669","Uganda","UGA","2003",6606884275,"3.060331999","6.473258672","0","..","-0.948509097","..",22.6113780143269
"4670","Uganda","UGA","2002",6178563591,"2.988527292","8.732685764","0","..","-1.025739431","..",22.5443516527595
"4671","Uganda","UGA","2001",5840503869,"2.593888371","5.183661125","0","..","..","..",22.4880829090031
"4672","Uganda","UGA","2000",6193246837,"2.59476175","3.141907338","0","..","-1.028190494","..",22.5467253155277
"4673","Ukraine","UKR","2023",1.81222e+11,"2.522879211","5.534733547","..","17.45906169","-0.686146319","..",25.9229886359889
"4674","Ukraine","UKR","2022",1.6199e+11,"0.136428578","-28.75858422","..","16.69150738","-0.634004474","..",25.8108004418785
"4675","Ukraine","UKR","2021",1.99766e+11,"3.981661339","3.445620659","0.279676988","19.08232277","-0.787211776","..",26.0204125185101
"4676","Ukraine","UKR","2020",1.56618e+11,"0.194103193","-3.75281794","0.191284197","19.1514003","-0.832628608","..",25.7770755564265
"4677","Ukraine","UKR","2019",1.53883e+11,"3.766496761","3.199503864","0.363416965","19.1961401","-0.800639629","..",25.7594584103514
"4678","Ukraine","UKR","2018",1.30891e+11,"3.800869918","3.48836234","0.484549678","20.14255251","-0.921338856","..",25.5976307527239
"4679","Ukraine","UKR","2017",1.12091e+11,"3.283061306","2.359972281","0.34858254","20.0523677","-0.832255304","..",25.4425768783421
"4680","Ukraine","UKR","2016",93355869404,"4.421789467","2.440981945","0.200405629","19.63011981","-0.867796838","..",25.2596845802013
"4681","Ukraine","UKR","2015",91030967789,"-0.217508398","-9.772987213","0.298048598","20.45136542","-1.039613128","..",25.2344655909461
"4682","Ukraine","UKR","2014",1.33504e+11,"0.634438528","-10.07889498","0.537401817","17.29434784","-1.024744391","..",25.6173972768847
"4683","Ukraine","UKR","2013",1.90499e+11,"2.366943901","0.045439094","0.429728229","16.89868434","-1.176667333","..",25.9729127821556
"4684","Ukraine","UKR","2012",1.82592e+11,"4.477201094","0.152314967","0.512858517","17.63331542","-1.117539167","..",25.9305199925374
"4685","Ukraine","UKR","2011",1.69334e+11,"4.256089748","5.44528081","0.60456434","17.84004927","-1.086713314","..",25.8551389328569
"4686","Ukraine","UKR","2010",1.41209e+11,"4.568400183","4.092004367","0.466160188","14.99750577","-1.031962514","..",25.6735068993511
"4687","Ukraine","UKR","2009",1.21552e+11,"3.923418767","-15.13646791","0.534186377","15.78923638","-1.071736813","..",25.5236079917073
"4688","Ukraine","UKR","2008",1.8811e+11,"5.688149369","2.243491596","0.68474001","17.09171786","-0.862514138","..",25.9602927350513
"4689","Ukraine","UKR","2007",1.48734e+11,"6.85318051","8.215844452","0.626895265","15.81795379","-0.820174932","..",25.7254253125616
"4690","Ukraine","UKR","2006",1.11885e+11,"5.008725386","7.571420763","0.765715565","17.09216344","-0.772781849","..",25.4407373950216
"4691","Ukraine","UKR","2005",89238865119,"8.749550983","3.071230392","0.781757652","16.52877057","-0.740642905","..",25.2145824892515
"4692","Ukraine","UKR","2004",67220154164,"2.551318159","11.79535253","0.669711109","12.81409146","-0.979341567","..",24.9312389526653
"4693","Ukraine","UKR","2003",52010355753,"2.737916285","9.516609864","0.596245151","13.16162595","-0.966655314","..",24.6747086847964
"4694","Ukraine","UKR","2002",43956163612,"1.576570708","5.339647207","0.557285488","12.63279714","-1.091393948","..",24.5064586927009
"4695","Ukraine","UKR","2001",39309580983,"2.014775991","8.800000004","0.595777693","11.66241269","..","..",24.3947341170255
"4696","Ukraine","UKR","2000",32375083935,"1.837833073","5.9","0.991786006","13.61538199","-1.110609293","..",24.2006549495496
"4697","United Arab Emirates","ARE","2023",5.1413e+11,"5.968823873","3.618706531","..","0.626855999","1.073663831","..",26.9657419887111
"4698","United Arab Emirates","ARE","2022",5.02732e+11,"4.522601094","7.509697035","..","0.578507737","1.155614495","..",26.9433230618752
"4699","United Arab Emirates","ARE","2021",4.15179e+11,"4.977884314","4.354755297","15.67309453","0.535243669","1.150394559","..",26.7519755894843
"4700","United Arab Emirates","ARE","2020",3.49473e+11,"5.689844173","-4.957052433","10.4940977","0.682088274","1.083613992","..",26.5796921424172
"4701","United Arab Emirates","ARE","2019",4.1799e+11,"4.276339601","1.108348135","15.68159155","0.972238389","1.072382092","..",26.75872334574
"4702","United Arab Emirates","ARE","2018",4.27049e+11,"2.43186976","1.313913882","17.0989945","0.058638863","1.117051482","..",26.7801645976896
"4703","United Arab Emirates","ARE","2017",3.90517e+11,"2.651415482","0.735068714","13.49857317","0.065621398","1.095753789","..",26.6907373392094
"4704","United Arab Emirates","ARE","2016",3.69255e+11,"2.601119691","5.56149076","11.08075636","0.04205645","1.131677032","..",26.6347532992276
"4705","United Arab Emirates","ARE","2015",3.70275e+11,"2.309335225","6.786772877","13.10253444","0.055841069","1.03457427","..",26.6375118097594
"4706","United Arab Emirates","ARE","2014",4.14105e+11,"2.673603848","4.165691841","22.9458647","0.346301233","1.198809981","..",26.7493854018032
"4707","United Arab Emirates","ARE","2013",4.00219e+11,"2.439895658","5.055559658","26.24806405","0.361091645","1.273542762","..",26.715277734231
"4708","United Arab Emirates","ARE","2012",3.8461e+11,"2.487363363","1.824480785","27.06485203","0.354309303","1.155736208","..",26.6754956708031
"4709","United Arab Emirates","ARE","2011",3.60833e+11,"1.982108342","6.216121817","28.5990789","0.312357811","1.070487618","..",26.611681084367
"4710","United Arab Emirates","ARE","2010",3.00189e+11,"2.930409874","1.602850047","22.67973787","..","0.890833914","..",26.4276781132359
"4711","United Arab Emirates","ARE","2009",2.53547e+11,"0.447367366","-5.242921904","18.41826324","..","0.906304717","..",26.2588150471316
"4712","United Arab Emirates","ARE","2008",3.15475e+11,"1.604874607","3.191836273","26.67204274","..","1.071450472","..",26.4773452764854
"4713","United Arab Emirates","ARE","2007",2.57916e+11,"5.500439717","3.184390173","23.71834557","..","1.00609827","..",26.2758997874596
"4714","United Arab Emirates","ARE","2006",2.22117e+11,"5.765437532","9.837319769","25.88202722","..","0.885872543","..",26.1264701070157
"4715","United Arab Emirates","ARE","2005",1.80617e+11,"6.034816041","4.855141196","23.94173699","..","0.990808547","..",25.9196446041748
"4716","United Arab Emirates","ARE","2004",1.47824e+11,"6.767152113","9.566436638","20.91820685","..","1.039477348","..",25.7192882138748
"4717","United Arab Emirates","ARE","2003",1.24346e+11,"3.422662711","8.800540814","17.80570101","..","0.826036751","..",25.5463338394086
"4718","United Arab Emirates","ARE","2002",1.09816e+11,"0.086781366","2.433456811","14.64532406","..","1.111619234","..",25.4220720748958
"4719","United Arab Emirates","ARE","2001",1.03312e+11,"1.14589217","1.399085037","15.806239","..","..","..",25.3610193728305
"4720","United Arab Emirates","ARE","2000",1.04337e+11,"-0.485281533","10.85270422","20.84405615","..","0.103345223","..",25.3708918819709
"4721","United Kingdom","GBR","2023",3.36986e+12,"0.409209761","0.397082346","..","27.40797843","1.480913877","..",28.8458923164032
"4722","United Kingdom","GBR","2022",3.11404e+12,"1.441788923","4.839085179","..","27.17314723","1.620121479","..",28.766942034473
"4723","United Kingdom","GBR","2021",3.14332e+12,"0.160847823","8.575950874","0.416142083","26.4149383","1.640584111","..",28.7763006821153
"4724","United Kingdom","GBR","2020",2.69678e+12,"5.82864206","-10.29691886","0.240228125","24.78542762","1.660201192","..",28.6230795846418
"4725","United Kingdom","GBR","2019",2.85141e+12,"0.694070008","1.62447518","0.457125859","25.11127296","1.748667479","..",28.6788347247093
"4726","United Kingdom","GBR","2018",2.87134e+12,"-0.872604334","1.40519026","0.495559268","25.54671645","1.806870818","..",28.6857999356914
"4727","United Kingdom","GBR","2017",2.68015e+12,"4.677309144","2.656504876","0.306336105","25.5968599","1.814270496","..",28.6168938790343
"4728","United Kingdom","GBR","2016",2.68911e+12,"12.07885281","1.921710099","0.20568357","25.45503842","1.850517273","..",28.6202313997791
"4729","United Kingdom","GBR","2015",2.92791e+12,"1.548321685","2.222888423","0.24024646","25.06664663","1.831268311","..",28.7053099738503
"4730","United Kingdom","GBR","2014",3.06471e+12,"1.921567748","3.194637319","0.450978748","24.88051097","1.746339202","..",28.7509740642008
"4731","United Kingdom","GBR","2013",2.78485e+12,"1.95605174","1.799921497","0.535996112","25.13634238","1.718897581","..",28.6552151278932
"4732","United Kingdom","GBR","2012",2.70709e+12,"1.726975994","1.508998347","0.656341548","25.10306556","1.665460467","..",28.6268953731451
"4733","United Kingdom","GBR","2011",2.66381e+12,"1.014039752","1.138362398","0.821604376","25.83493224","1.614863515","..",28.6107785447419
"4734","United Kingdom","GBR","2010",2.48548e+12,"2.68497359","2.233315088","0.639286356","25.27339789","1.605673909","..",28.5414869157781
"4735","United Kingdom","GBR","2009",2.41284e+12,"0.602903981","-4.620553708","0.617381639","24.17274771","1.623889804","..",28.511825592872
"4736","United Kingdom","GBR","2008",2.92941e+12,"8.652048202","-0.248797261","0.996222101","26.45808233","1.668904305","..",28.7058221534931
"4737","United Kingdom","GBR","2007",3.09051e+12,"6.779300045","2.624879953","0.681853368","25.99471591","1.732870221","..",28.7593572417629
"4738","United Kingdom","GBR","2006",2.70844e+12,"7.518583129","2.380694035","0.70817176","25.77039451","1.782940269","..",28.6273939393161
"4739","United Kingdom","GBR","2005",2.54318e+12,"9.9345464","2.732660767","0.72022558","25.48813261","1.89147985","..",28.5644363824039
"4740","United Kingdom","GBR","2004",2.42153e+12,"3.595239298","2.457904438","0.575171957","25.15232827","1.910911679","..",28.515420687728
"4741","United Kingdom","GBR","2003",2.05442e+12,"1.752864088","3.152346519","0.559752287","24.55540421","1.982953906","..",28.3510146855972
"4742","United Kingdom","GBR","2002",1.78573e+12,"5.026548637","1.795660741","0.597074819","24.96158007","2.002636671","..",28.2108484111428
"4743","United Kingdom","GBR","2001",1.64983e+12,"3.39980591","2.57278044","0.623069756","25.74225549","..","..",28.13169336823
"4744","United Kingdom","GBR","2000",1.66553e+12,"9.854512069","4.341634193","0.899607458","26.0891645","2.072457314","..",28.1411645070267
"4745","United States","USA","2023",2.77207e+13,"1.258207357","2.887556009","..","10.64591277","1.123432636","..",30.9532005424567
"4746","United States","USA","2022",2.60069e+13,"1.572590774","2.51237532","..","12.59890368","1.104144692","..",30.8893830033571
"4747","United States","USA","2021",2.36812e+13,"2.009212298","6.055052933","0.611482656","11.3946785","1.019277573","..",30.7957026003361
"4748","United States","USA","2020",2.13541e+13,"0.641871902","-2.163029139","0.187625106","10.15342202","1.037831903","..",30.6922648746371
"4749","United States","USA","2019",2.154e+13,"1.466965014","2.58382533","0.36854456","9.884789597","1.180357099","..",30.7009327876568
"4750","United States","USA","2018",2.06565e+13,"1.039454088","2.966505069","0.319247607","9.929538941","1.292747378","..",30.6590511557817
"4751","United States","USA","2017",1.96121e+13,"1.941775542","2.457622302","0.162525851","11.50388673","1.340532541","..",30.6071678386236
"4752","United States","USA","2016",1.88049e+13,"2.522681174","1.819451476","0.0922955","10.85451499","1.330895662","..",30.5651385901021
"4753","United States","USA","2015",1.8295e+13,"2.795482202","2.945550456","0.007525181","11.18282796","1.35772121","..",30.5376489143997
"4754","United States","USA","2014",1.76081e+13,"1.430338631","2.523819814","0.292226566","10.89974817","1.371378064","..",30.4993801393733
"4755","United States","USA","2013",1.68807e+13,"1.70686814","2.117830098","0.30565008","10.46022545","1.305924892","..",30.4571920734308
"4756","United States","USA","2012",1.6254e+13,"1.540208331","2.289113386","0.205925846","9.763917369","1.402794003","..",30.4193601482596
"4757","United States","USA","2011",1.55997e+13,"1.689112351","1.564406855","0.370845235","9.538928617","1.262119055","..",30.3782727992299
"4758","United States","USA","2010",1.5049e+13,"1.754531921","2.695192582","0.2937627","8.56322203","1.265258074","..",30.3423326597331
"4759","United States","USA","2009",1.44781e+13,"1.112600183","-2.576500232","0.259640404","7.903517092","1.286476374","..",30.303658278807
"4760","United States","USA","2008",1.47699e+13,"2.309378381","0.113587248","0.521498896","10.27618809","1.437633395","..",30.3236124419682
"4761","United States","USA","2007",1.44742e+13,"2.394690757","2.003858299","0.356897499","11.28991266","1.377069235","..",30.3033888701574
"4762","United States","USA","2006",1.38156e+13,"2.160335905","2.784539638","0.349464273","11.3104789","1.344892621","..",30.256819504414
"4763","United States","USA","2005",1.30392e+13,"1.091662316","3.483549935","0.350823193","10.68173293","1.536726952","..",30.1989813208518
"4764","United States","USA","2004",1.22172e+13,"1.748690943","3.847771694","0.283170635","9.537470791","1.810701966","..",30.1338659108476
"4765","United States","USA","2003",1.14565e+13,"1.02218401","2.795605965","0.211788526","9.390692579","1.704490542","..",30.0695783704458
"4766","United States","USA","2002",1.09291e+13,"1.016139652","1.700447328","0.172817089","9.868016676","1.873596668","..",30.0224500725492
"4767","United States","USA","2001",1.05819e+13,"1.630099767","0.955538342","0.169432958","11.85770477","..","..",29.9901661103564
"4768","United States","USA","2000",1.0251e+13,"3.405781239","4.07758576","0.307551277","12.9707953","1.603597403","..",29.9583963777298
"4769","Uruguay","URY","2023",77991666838,"-6.887905156","0.742128785","..","18.65799916","1.57394731","..",25.0798678225184
"4770","Uruguay","URY","2022",70594110920,"12.48040634","4.486227031","..","18.59747533","1.610502005","..",24.9802125632355
"4771","Uruguay","URY","2021",60739084241,"8.504041793","5.844273126","0.009715915","17.81741311","1.585964561","..",24.8298532197464
"4772","Uruguay","URY","2020",53559359262,"1.817507448","-7.357327065","0.003964209","18.5526477","1.3646667","..",24.7040563947031
"4773","Uruguay","URY","2019",62222313619,"2.357033412","0.928351141","0.007349923","17.86509441","1.195396781","..",24.8539795122151
"4774","Uruguay","URY","2018",65344577416,"2.642223893","0.164777609","0.008714751","18.32470418","1.207652926","..",24.9029402960069
"4775","Uruguay","URY","2017",65005997963,"4.132709962","1.740376434","0.005516611","18.07747602","1.253417969","..",24.8977453789387
"4776","Uruguay","URY","2016",57480787465,"-0.897082488","1.68979823","0.009740744","21.73224822","1.247056723","..",24.774716597872
"4777","Uruguay","URY","2015",57680327999,"4.634233944","0.370741258","0.012999134","17.09561586","1.300400257","..",24.7781820164361
"4778","Uruguay","URY","2014",61496186974,"6.64305842","3.23879123","0.041830484","17.27528938","1.388093233","..",24.842241009414
"4779","Uruguay","URY","2013",61337621934,"1.609012576","4.637538629","0.035658804","17.85973973","1.397225738","..",24.8396592262798
"4780","Uruguay","URY","2012",54232266359,"11.79015787","3.538178721","0.032861165","17.79187445","1.378116846","..",24.7165418885359
"4781","Uruguay","URY","2011",50342406067,"5.343594808","5.162133025","0.033377552","18.19877349","1.289977908","..",24.6421136218364
"4782","Uruguay","URY","2010",41950361212,"5.223001431","7.803409651","0.017333796","18.13641902","1.297701478","..",24.4597528803589
"4783","Uruguay","URY","2009",32708319078,"4.899645894","4.243494195","0.005013149","18.12269905","1.250004292","..",24.2108952885489
"4784","Uruguay","URY","2008",31119602539,"6.88302281","7.176144665","0.003757591","17.80020132","1.345951676","..",24.161103764292
"4785","Uruguay","URY","2007",23797773024,"5.709511157","6.541510845","0.004221229","18.11094259","1.280935764","..",23.8928578428257
"4786","Uruguay","URY","2006",19741420740,"7.640535544","4.098577354","0.003203507","18.83230642","1.130043507","..",23.7059848410062
"4787","Uruguay","URY","2005",17362857684,"4.760890859","7.46013213","0.002229468","17.89692197","1.081768513","..",23.577599145765
"4788","Uruguay","URY","2004",13686329890,"2.577117366","5.004160356","0","17.84620462","0.894058406","..",23.3396633533803
"4789","Uruguay","URY","2003",12045638352,"3.343262993","0.805283916","0","17.2060059","1.101403475","..",23.2119684688692
"4790","Uruguay","URY","2002",13606515723,"1.321809282","-7.732007215","0","15.77767622","0.945743263","..",23.3338146122374
"4791","Uruguay","URY","2001",20898761742,"1.485269472","-3.844129959","0","15.30598158","..","..",23.7629557473678
"4792","Uruguay","URY","2000",22823270892,"1.151565879","-1.929930635","0","14.69913704","0.957407117","..",23.8510465055524
"4793","Uzbekistan","UZB","2023",1.02642e+11,"2.100849024","6.291416351","..","11.5296953","-0.80752933","3",25.3545130426446
"4794","Uzbekistan","UZB","2022",90095926567,"2.949474484","6.001342322","..","11.98874028","-0.75777024","3",25.2241407904055
"4795","Uzbekistan","UZB","2021",77340060003,"2.94839501","8.034683126","0.867176371","13.36290256","-0.829755306","3",25.0714778989592
"4796","Uzbekistan","UZB","2020",66443265418,"2.601088036","1.563342773","0.395640311","13.40202762","-1.073404193","2.5",24.9196142688582
"4797","Uzbekistan","UZB","2019",67293639798,"3.442350524","6.779923997","0.819211931","11.30196511","-1.047051072","2.5",24.9323315639009
"4798","Uzbekistan","UZB","2018",58695899092,"1.064276287","5.559195729","1.120734262","12.69529008","-1.082640886","2.5",24.7956356991935
"4799","Uzbekistan","UZB","2017",69703222283,"2.579937363","4.395274633","0.661950142","10.36874701","-1.187155008","2",24.9675123843903
"4800","Uzbekistan","UZB","2016",86138288644,"1.930484664","5.9321508","0.356801761","13.43296306","-1.200567603","2",25.1792198492285
"4801","Uzbekistan","UZB","2015",86196264755,"1.207940152","7.218773508","0.526675675","13.55775403","-1.285851717","2",25.1798926813686
"4802","Uzbekistan","UZB","2014",80845385809,"1.00027477","6.873838441","1.408018983","13.47039298","-1.194759607","2",25.1158043503329
"4803","Uzbekistan","UZB","2013",73180037915,"0.945033982","7.29655037","1.810989845","13.80047989","-1.273433328","2",25.0161885146434
"4804","Uzbekistan","UZB","2012",67517349212,"1.102301202","7.102444887","2.001600119","13.17440777","-1.310680032","2",24.9356504271625
"4805","Uzbekistan","UZB","2011",60178909297,"2.683751116","7.525139894","2.070233794","12.36625676","-1.387564898","2",24.8205877839728
"4806","Uzbekistan","UZB","2010",49765676402,"3.34115466","7.597167961","1.365568524","..","-1.307985425","1.5",24.6305913544741
"4807","Uzbekistan","UZB","2009",33689223673,"1.819851739","8.050933327","1.450835694","..","-1.276073456","1.5",24.2404438508521
"4808","Uzbekistan","UZB","2008",29549438884,"1.854387891","9.029161018","4.399318303","..","-1.06285727","1.5",24.1093305919211
"4809","Uzbekistan","UZB","2007",22311393928,"2.991762073","9.473005305","4.115713142","..","-1.033785582","1.5",23.8283633234032
"4810","Uzbekistan","UZB","2006",17330833853,"1.195305576","7.451418476","4.342146179","..","-1.016335964","1.5",23.5757530556733
"4811","Uzbekistan","UZB","2005",14307509839,"1.492160565","6.950007196","5.371602924","..","-1.229637623","1.5",23.3840503999286
"4812","Uzbekistan","UZB","2004",12030023548,"1.467993801","7.449000606","5.075407958","..","-1.068812013","..",23.2106713243708
"4813","Uzbekistan","UZB","2003",10134453435,"0.815041487","4.232627382","5.074369405","..","-0.914871931","..",23.0392066869305
"4814","Uzbekistan","UZB","2002",9687788513,"0.674044442","3.973488192","4.393041415","..","-0.964738905","..",22.9941320131695
"4815","Uzbekistan","UZB","2001",11401421329,"0.726225245","4.16383825","4.190191879","..","..","..",23.1570038625577
"4816","Uzbekistan","UZB","2000",13760513969,"0.54285763","3.835","5.400469803","..","-1.080414772","..",23.3450690211523
"4817","Vanuatu","VUT","2023",1126313359,"0.82291042","-0.964792282","..","17.40822577","-0.014865154","3.5",20.8422156219083
"4818","Vanuatu","VUT","2022",1030654208,"1.037688793","5.186228624","..","16.09626138","-0.028579803","3.5",20.7534595909615
"4819","Vanuatu","VUT","2021",982362211.9,"4.382855817","-1.552294891","0","15.36048429","-0.039679464","3.5",20.7054706495318
"4820","Vanuatu","VUT","2020",909421043.5,"4.525841593","-4.992491429","0","14.04025579","-0.16922608","3",20.6283187390699
"4821","Vanuatu","VUT","2019",936526267.6,"5.643187386","3.241187655","0","17.59466055","-0.284038395","3",20.657688128147
"4822","Vanuatu","VUT","2018",914727908.1,"4.108704685","2.900230273","0","17.8374475","-0.18431738","3",20.6341372108204
"4823","Vanuatu","VUT","2017",880043284.4,"4.343273887","4.412665986","0","17.12953302","0.002816792","3",20.5954816510451
"4824","Vanuatu","VUT","2016",804323576.9,"5.49263638","3.471544715","0","16.31071187","-0.087285124","3",20.5055122050093
"4825","Vanuatu","VUT","2015",759690181,"4.083407493","3.965919464","0","16.26534095","-0.122023106","3",20.4484212515512
"4826","Vanuatu","VUT","2014",773717010.5,"1.714601506","2.575040316","0","18.3043649","0.477773845","3",20.4667167451898
"4827","Vanuatu","VUT","2013",758304466.2,"7.830523945","0.463390415","0","18.22981783","0.292182297","3.5",20.4465955334072
"4828","Vanuatu","VUT","2012",747839697.7,"8.075064802","1.010047687","0","17.3819159","0.344245106","3.5",20.4326992050838
"4829","Vanuatu","VUT","2011",770153588.2,"7.935784736","3.1398029","0","16.44234816","0.308373779","3",20.4621005181163
"4830","Vanuatu","VUT","2010",670712979.7,"9.409300362","1.258867203","0","16.19453505","0.300518751","3",20.3238518533503
"4831","Vanuatu","VUT","2009",592622319.1,"5.423495773","3.037303541","0","16.49619805","0.338911116","3",20.200067855405
"4832","Vanuatu","VUT","2008",590748429.4,"6.380803675","5.600991821","0","..","0.35745886","3",20.1969008153735
"4833","Vanuatu","VUT","2007",516392922.5,"6.614194964","2.875892288","0","..","0.273236156","3",20.062378511382
"4834","Vanuatu","VUT","2006",439358586.5,"9.888736208","8.460697472","0","..","0.192250758","3",19.9008264633592
"4835","Vanuatu","VUT","2005",394962433,"3.355165277","5.305326473","0","..","0.29455924","3",19.7943012120134
"4836","Vanuatu","VUT","2004",364996869.1,"5.435894163","3.987392802","0","..","-0.138781786","..",19.7153993337018
"4837","Vanuatu","VUT","2003",314471413,"5.727303548","4.288335117","0","..","0.262945443","..",19.5664037333121
"4838","Vanuatu","VUT","2002",262596535.5,"5.393271765","-5.198318759","0","..","0.230140477","..",19.3861293266766
"4839","Vanuatu","VUT","2001",257926881.7,"6.980397684","-3.397582489","0","..","..","..",19.3681866984557
"4840","Vanuatu","VUT","2000",272014627.8,"7.446691306","5.924809057","0","..","0.227800235","..",19.4213664014907
"4841","Venezuela, RB","VEN","2014",4.82359e+11,"0.235301767","-3.894386475","11.30215117","..","-1.39491117","..",26.9019544870393
"4842","Venezuela, RB","VEN","2013",3.71005e+11,"0.578158732","1.343094036","16.77713883","..","-1.307032943","..",26.639481376552
"4843","Venezuela, RB","VEN","2012",3.81286e+11,"1.307678984","5.625956975","17.93878237","..","-1.258297563","..",26.6668155866397
"4844","Venezuela, RB","VEN","2011",3.16482e+11,"1.85002511","4.176425359","23.14501953","..","-1.155070424","..",26.4805322048755
"4845","Venezuela, RB","VEN","2010",3.93192e+11,"0.402601928","-1.488791251","11.69289755","..","-1.208009005","..",26.6975638791325
"4846","Venezuela, RB","VEN","2009",3.29788e+11,"-0.344767329","-3.202302657","9.958476544","..","-1.171696544","..",26.5217158607216
"4847","Venezuela, RB","VEN","2008",3.15953e+11,"0.659274461","5.277854124","22.67378478","..","-1.144423723","..",26.4788593052941
"4848","Venezuela, RB","VEN","2007",2.30364e+11,"1.891788544","8.753578808","21.6186473","..","-1.08307755","..",26.1629265035598
"4849","Venezuela, RB","VEN","2006",1.83478e+11,"0.107915126","9.872149109","26.81865676","..","-1.049627066","..",25.9353606062454
"4850","Venezuela, RB","VEN","2005",1.45513e+11,"1.683692698","10.3179138","28.05387459","..","-1.030746222","..",25.7035312666458
"4851","Venezuela, RB","VEN","2004",1.12451e+11,"1.324127574","18.28660669","23.08903959","..","-0.97820282","..",25.4457834081535
"4852","Venezuela, RB","VEN","2003",83620628582,"1.881114776","-7.75530005","21.17795812","..","-1.067478895","..",25.1495560799717
"4853","Venezuela, RB","VEN","2002",92893587734,"0.819216933","-8.855647353","18.74804897","..","-1.061424494","..",25.2547204570686
"4854","Venezuela, RB","VEN","2001",1.22911e+11,"3.013561758","3.394236108","14.80978128","..","..","..",25.5347263531747
"4855","Venezuela, RB","VEN","2000",1.17146e+11,"4.014632417","3.686944167","20.00115697","..","-0.642675042","..",25.4866868570578
"4856","Viet Nam","VNM","2023",4.33858e+11,"4.264071098","5.065023915","..","..","-0.415814281","..",26.7959831285687
"4857","Viet Nam","VNM","2022",4.13445e+11,"4.329473089","8.537500468","..","..","-0.287254333","..",26.7477903316807
"4858","Viet Nam","VNM","2021",3.66475e+11,"4.273145662","2.553728526","0.669314215","..","-0.308163285","..",26.6271961431225
"4859","Viet Nam","VNM","2020",3.46616e+11,"4.558361968","2.865413209","0.242642398","..","-0.374517351","..",26.5714833758861
"4860","Viet Nam","VNM","2019",3.34365e+11,"4.821074861","7.359262701","0.724494953","..","-0.546221077","..",26.5354990476074
"4861","Viet Nam","VNM","2018",3.10106e+11,"4.998283196","7.465006856","1.120462071","..","-0.511843026","..",26.4601800114629
"4862","Viet Nam","VNM","2017",2.81354e+11,"5.011487217","6.940190374","1.000990643","..","-0.62858814","..",26.3628794998919
"4863","Viet Nam","VNM","2016",2.57096e+11,"4.900893029","6.690008927","0.828042589","..","-0.490106016","..",26.2727153929486
"4864","Viet Nam","VNM","2015",2.39258e+11,"4.931907733","6.987154306","1.21986218","..","-0.457950294","3",26.200808304547
"4865","Viet Nam","VNM","2014",2.33451e+11,"3.940861891","6.422243121","2.851179675","..","-0.438487649","3",26.1762380419267
"4866","Viet Nam","VNM","2013",2.13709e+11,"4.164545173","5.55351081","3.170475171","..","-0.482918799","3",26.0878811134993
"4867","Viet Nam","VNM","2012",1.95591e+11,"4.278322877","5.504544704","4.109883922","..","-0.532105982","3",25.9992915812186
"4868","Viet Nam","VNM","2011",1.72595e+11,"4.304874349","6.413168897","4.582444336","..","-0.614729941","3",25.8742136464623
"4869","Viet Nam","VNM","2010",1.47201e+11,"5.434739293","6.423244822","3.393302694","..","-0.622543275","3",25.7150648366964
"4870","Viet Nam","VNM","2009",1.06015e+11,"7.168819889","5.39789754","3.462402479","..","-0.545064032","3",25.3868464304809
"4871","Viet Nam","VNM","2008",99130304099,"9.663039055","5.661771209","7.243409075","..","-0.711532891","3",25.3197010246653
"4872","Viet Nam","VNM","2007",77414425532,"8.654717714","7.129504486","6.638276114","..","-0.630165637","3",25.0724389765586
"4873","Viet Nam","VNM","2006",66371664817,"3.616000904","6.977954811","8.777568082","..","-0.747617364","3",24.9185360676679
"4874","Viet Nam","VNM","2005",57633255738,"3.390403639","7.547247729","9.044735573","..","-0.72958231","3",24.7773655946046
"4875","Viet Nam","VNM","2004",45427854693,"3.544081073","7.536410609","8.123210407","..","-0.756660283","..",24.5393912933487
"4876","Viet Nam","VNM","2003",39552513232,"3.6660123","6.899063491","5.585378737","..","-0.490872562","..",24.4008950748301
"4877","Viet Nam","VNM","2002",35064105501,"3.992687051","6.320820992","5.287274473","..","-0.56099081","..",24.2804438088708
"4878","Viet Nam","VNM","2001",32685198809,"3.977335453","6.192893312","5.805489","..","..","..",24.2101881765687
"4879","Viet Nam","VNM","2000",31172518403,"4.16392408","6.787316405","7.679870819","..","-0.584863126","..",24.1628027231949
"4880","Virgin Islands (U.S.)","VIR","2022",4.672e+09,"..","-1.311232063","..","..","-0.005883058","..",22.2648530824723
"4881","Virgin Islands (U.S.)","VIR","2021",4.507e+09,"..","3.667607079","..","..","-0.003898137","..",22.2288975806549
"4882","Virgin Islands (U.S.)","VIR","2020",4.229e+09,"..","-1.614938178","0","..","-0.001319034","..",22.1652313954368
"4883","Virgin Islands (U.S.)","VIR","2019",4.121e+09,"..","2.908335497","0","..","0.572149575","..",22.1393616893031
"4884","Virgin Islands (U.S.)","VIR","2018",3.923e+09,"..","1.878306878","0","..","0.577230215","..",22.0901225041738
"4885","Virgin Islands (U.S.)","VIR","2017",3.794e+09,"..","-0.735294118","0","..","0.581275344","..",22.0566867084592
"4886","Virgin Islands (U.S.)","VIR","2016",3.798e+09,"..","1.600853789","0","..","0.578694463","..",22.0577404493365
"4887","Virgin Islands (U.S.)","VIR","2015",3.663e+09,"..","-0.425079702","0","..","0.571842968","..",22.0215483207431
"4888","Virgin Islands (U.S.)","VIR","2014",3.565e+09,"..","-1.774530271","0","..","0.634795427","..",21.9944298908127
"4889","Virgin Islands (U.S.)","VIR","2013",3.738e+09,"..","-6.285155295","0","..","0.778291643","..",22.0418165459798
"4890","Virgin Islands (U.S.)","VIR","2012",4.089e+09,"..","-14.8125","0","..","0.779971004","..",22.1315662783289
"4891","Virgin Islands (U.S.)","VIR","2011",4.223e+09,"..","-8.204245554","0","..","0.791372001","..",22.1638116128982
"4892","Virgin Islands (U.S.)","VIR","2010",4.324e+09,"..","0.596383224","0","..","0.815264821","..",22.1874467367234
"4893","Virgin Islands (U.S.)","VIR","2009",4.201e+09,"..","-6.594788859","0","..","0.832615554","..",22.1585884291337
"4894","Virgin Islands (U.S.)","VIR","2008",4.244e+09,"..","1.218624955","0","..","0.797165334","..",22.1687720576981
"4895","Virgin Islands (U.S.)","VIR","2007",4.784e+09,"..","4.010594022","0","..","0.784966588","..",22.2885428535947
"4896","Virgin Islands (U.S.)","VIR","2006",4.484e+09,"..","3.504993147","0","..","0.775587142","..",22.2237813421563
"4897","Virgin Islands (U.S.)","VIR","2005",4.428e+09,"..","3.485309017","0","..","0.789309144","..",22.2112138517928
"4898","Virgin Islands (U.S.)","VIR","2004",3.797e+09,"..","3.285893679","0","..","0.650999784","..",22.0574771181961
"4899","Virgin Islands (U.S.)","VIR","2003",3.443e+09,"..","-0.396080884","0","..","..","..",21.9596090213028
"4900","Virgin Islands (U.S.)","VIR","2002",3.262e+09,"..","..","0","..","..","..",21.9056063411452
"4901","West Bank and Gaza","PSE","2023",17847900000,"0.580098297","-4.555804285","..","..","-0.676133513","..",23.6051516911923
"4902","West Bank and Gaza","PSE","2022",19165500000,"1.62179695","4.082760273","..","..","-0.702707529","..",23.6763776246638
"4903","West Bank and Gaza","PSE","2021",1.8109e+10,"1.951941327","7.011982276","0","21.47457602","-0.761468053","..",23.6196748892056
"4904","West Bank and Gaza","PSE","2020",15531700000,"0.513433767","-11.31846611","0","20.85177685","-0.576270461","..",23.4661489336666
"4905","West Bank and Gaza","PSE","2019",17133500000,"0.769720047","1.362687466","0","18.53430728","-0.353756547","..",23.5643014483186
"4906","West Bank and Gaza","PSE","2018",16276600000,"1.294462944","1.227077378","0","18.78184191","-0.225766197","..",23.5129943305008
"4907","West Bank and Gaza","PSE","2017",1.6128e+10,"1.140566982","1.419367563","0","20.66404777","-0.060605384","..",23.5038227288354
"4908","West Bank and Gaza","PSE","2016",15405400000,"1.924477981","8.86461882","0","20.40852546","-0.18277587","..",23.4579839342535
"4909","West Bank and Gaza","PSE","2015",13972400000,"0.751035804","3.721299671","0","19.7299146","-0.485898137","..",23.3603497921671
"4910","West Bank and Gaza","PSE","2014",13989700000,"1.141637529","-0.157866651","0","18.57792146","-0.284091651","..",23.3615871815054
"4911","West Bank and Gaza","PSE","2013",13515500000,"1.402539137","4.698569866","0","16.01729363","-0.258748084","..",23.3271030119209
"4912","West Bank and Gaza","PSE","2012",12208400000,"0.51591827","6.096456563","0","16.25343716","-0.25758794","..",23.2253900763515
"4913","West Bank and Gaza","PSE","2011",11186100000,"2.135156047","9.600808489","0","17.58128165","-0.453298777","..",23.137937773052
"4914","West Bank and Gaza","PSE","2010",9681500000,"1.858607115","5.777362056","0","18.76023187","-0.113489479","..",22.9934826849077
"4915","West Bank and Gaza","PSE","2009",8085700000,"3.716041901","8.593490879","0","18.44457141","-0.108424991","..",22.8133629063142
"4916","West Bank and Gaza","PSE","2008",7310400000,"0.704585248","7.429182255","0","16.57276597","-0.440319508","..",22.7125638287733
"4917","West Bank and Gaza","PSE","2007",5815700000,"0.33694998","3.788281521","0","18.02018674","-0.116835959","..",22.483826994004
"4918","West Bank and Gaza","PSE","2006",5348300000,"0.347548941","-0.996556103","0","18.8205598","-0.303130627","..",22.4000445903495
"4919","West Bank and Gaza","PSE","2005",5125700000,"0.707064401","11.29065118","0","20.89897973","-0.49689728","..",22.3575329380098
"4920","West Bank and Gaza","PSE","2004",4603100000,"0.445786535","21.92448612","0","..","-0.021255206","..",22.2499958265075
"4921","West Bank and Gaza","PSE","2003",3.968e+09,"0.324395161","14.01564768","0","..","-0.378244728","..",22.101528026369
"4922","West Bank and Gaza","PSE","2002",3555800000,"0.265481748","-12.48838218","0","..","-0.329601347","..",21.9918459100467
"4923","West Bank and Gaza","PSE","2001",4003700000,"0.478966972","-9.311081142","0","..","..","..",22.1104847705174
"4924","West Bank and Gaza","PSE","2000",4313600000,"1.437441622","-8.555572684","0","..","-0.087982185","..",22.1850386592422
"4925","Yemen, Rep.","YEM","2018",21606160663,"-1.305638398","0.752447592","4.531310652","..","-1.658391953","1.5",23.7962443268498
"4926","Yemen, Rep.","YEM","2017",26842229045,"-1.005318893","-5.071795643","1.769286919","..","-1.616802692","1.5",24.0132421949681
"4927","Yemen, Rep.","YEM","2016",31317825274,"-1.79131212","-9.375123824","0.681565887","..","-1.696101427","1.5",24.1674532699622
"4928","Yemen, Rep.","YEM","2015",42444490074,"-0.036388253","-27.99454624","1.672627989","..","-1.50848496","1.5",24.4714629432581
"4929","Yemen, Rep.","YEM","2014",43228585321,"-0.539237328","-0.188690238","8.922348772","..","-1.565823674","2",24.4897678106167
"4930","Yemen, Rep.","YEM","2013",40415233436,"-0.33049641","4.823519081","11.05494147","..","-1.25662756","2",24.4224726160898
"4931","Yemen, Rep.","YEM","2012",35401331609,"-0.040222183","2.392990203","16.97847676","..","-1.258748412","2",24.2900152724521
"4932","Yemen, Rep.","YEM","2011",32726417878,"-1.582339168","-12.7148969","23.41712364","..","-1.241910219","2.5",24.2114484748626
"4933","Yemen, Rep.","YEM","2010",30906749533,"0.610357927","7.702307045","22.13941492","..","-1.191630483","2.5",24.1542404284861
"4934","Yemen, Rep.","YEM","2009",25130278213,"0.51412085","3.866229516","20.23717842","..","-1.075401783","3",23.9473392593917
"4935","Yemen, Rep.","YEM","2008",26910855807,"5.77696232","3.64756947","33.89115685","..","-0.797573388","3",24.0157956037436
"4936","Yemen, Rep.","YEM","2007",21650528674,"4.236848041","3.338427956","33.3550316","..","-0.793472648","3",23.7982957102192
"4937","Yemen, Rep.","YEM","2006",19063143370,"5.880299897","3.170409359","41.52257173","..","-0.789497018","3",23.6710226413019
"4938","Yemen, Rep.","YEM","2005",16731566717,"-1.805310536","5.591748076","42.29916647","..","-0.896564424","3",23.5405629947213
"4939","Yemen, Rep.","YEM","2004",13867634371,"1.035346016","3.972696401","34.93712578","..","-1.089905858","..",23.3528234994808
"4940","Yemen, Rep.","YEM","2003",11777532662,"-0.756584614","3.747398185","32.99795475","..","-1.0030514","..",23.1894595417887
"4941","Yemen, Rep.","YEM","2002",10693430511,"1.068899264","3.935231505","31.78046624","..","-0.971152008","..",23.0928954189224
"4942","Yemen, Rep.","YEM","2001",9852990693,"1.57455746","3.803645872","33.96828366","..","..","..",23.0110408697009
"4943","Yemen, Rep.","YEM","2000",9679316770,"0.066115307","6.181915593","42.18256859","..","-0.971831322","..",22.9932571541323
"4944","Zambia","ZMB","2023",27577956471,"0.311507238","5.367942855","..","..","-0.477706879","2.5",24.0402826119689
"4945","Zambia","ZMB","2022",29163782140,"-0.223286755","5.211223604","..","..","-0.50494802","2.5",24.096193438694
"4946","Zambia","ZMB","2021",22096416932,"1.784078461","6.234922047","0","16.78041068","-0.757704794","2.5",23.8186813025519
"4947","Zambia","ZMB","2020",18137764931,"1.351905774","-2.785055065","0","16.41800551","-0.731881857","2.5",23.6212620618591
"4948","Zambia","ZMB","2019",23308667781,"2.350919043","1.441306026","0","16.67762266","-0.672178805","2.5",23.8720911361086
"4949","Zambia","ZMB","2018",26311507274,"1.552318867","4.034493897","0","16.58706547","-0.67888844","2.5",23.9932722193732
"4950","Zambia","ZMB","2017",25873601261,"4.280501171","3.525862771","0","15.18485696","-0.56757164","3",23.9764890295249
"4951","Zambia","ZMB","2016",20958412538,"3.162519748","3.755100317","0","13.35318143","-0.427309334","3",23.7658059558402
"4952","Zambia","ZMB","2015",21251216799,"7.44741669","2.920375112","0","14.39396393","-0.368724585","3",23.7796799918069
"4953","Zambia","ZMB","2014",27141023558,"5.555427918","4.693283164","0","15.76103033","-0.348072886","3",24.0243122046435
"4954","Zambia","ZMB","2013",28037239463,"7.489325056","5.05753695","0","14.34710932","-0.315815896","3",24.0567994443019
"4955","Zambia","ZMB","2012",25503060420,"6.789381241","7.597381049","0","14.8923643","-0.291441262","3",23.96206429838
"4956","Zambia","ZMB","2011",23459515276,"4.725161569","5.569252193","0","14.71594332","-0.41075328","2.5",23.8785420182362
"4957","Zambia","ZMB","2010",20265559484,"8.533196438","10.29822332","0","12.83484241","-0.51831919","2.5",23.7321887050344
"4958","Zambia","ZMB","2009",15328342304,"4.532779776","9.220348406","0","11.68751583","-0.469497651","3",23.4529693898671
"4959","Zambia","ZMB","2008",17910858638,"5.240508113","7.773895815","0","13.25930378","-0.38960132","3",23.6086729936901
"4960","Zambia","ZMB","2007",14056957976,"9.418111673","8.352436244","0","14.08251458","-0.398109436","3",23.366383339749
"4961","Zambia","ZMB","2006",12756858899,"4.827128722","7.903694445","0","13.7115293","-0.551735699","3",23.2693349167688
"4962","Zambia","ZMB","2005",8331870169,"4.284032189","7.235599007","0","14.7947686","-0.592440426","3",22.8433537780106
"4963","Zambia","ZMB","2004",6221110219,"5.85168864","7.032395115","0","15.31705863","-0.604488134","..",22.5512142195704
"4964","Zambia","ZMB","2003",4901869764,"7.078931443","6.944973982","0","14.85951988","-0.641858518","..",22.3128825537679
"4965","Zambia","ZMB","2002",4193850445,"7.114941362","4.50601428","0","15.44001287","-0.758519173","..",22.1568851095152
"4966","Zambia","ZMB","2001",4094441301,"3.541386708","5.316868274","0","16.54070446","..","..",22.1328961105112
"4967","Zambia","ZMB","2000",3600632111,"3.37996208","3.897322943","0","..","-0.81826067","..",22.0043752533839
"4968","Zimbabwe","ZWE","2023",35231369343,"1.583455342","5.336770373","..","..","-1.261216044","2.5",24.2852026972073
"4969","Zimbabwe","ZWE","2022",32789657378,"1.027034214","6.139176174","..","..","-1.259969473","2.5",24.21337897877
"4970","Zimbabwe","ZWE","2021",27240507842,"0.871791264","8.468039169","0.047768809","..","-1.277147293","2.5",24.0279709612992
"4971","Zimbabwe","ZWE","2020",26868564055,"0.559613084","-7.816932841","0.029129297","..","-1.308787823","2.5",24.0142228176918
"4972","Zimbabwe","ZWE","2019",25715657177,"0.970226031","-6.332449751","0.050882519","..","-1.290333867","2.5",23.9703658720202
"4973","Zimbabwe","ZWE","2018",34156057417,"2.101721851","5.009921382","0.037859947","7.21476805","-1.246379614","2.5",24.2542057840127
"4974","Zimbabwe","ZWE","2017",51074726484,"0.601447643","4.734411226","0.047501054","5.465504281","-1.298114777","2",24.6565556224522
"4975","Zimbabwe","ZWE","2016",20548759858,"1.669267711","0.755794054","0.022786339","15.45828056","-1.288664818","2",23.7460664285251
"4976","Zimbabwe","ZWE","2015",19963058858,"1.999693548","1.779853541","0.022608077","17.67341928","-1.337775707","2",23.717149345487
"4977","Zimbabwe","ZWE","2014",19495547523,"2.425169129","2.376985704","0.062336967","..","-1.404758811","1.5",23.6934519442905
"4978","Zimbabwe","ZWE","2013",19091004042,"1.95406171","1.98948554","0.004606921","..","-1.42002666","1.5",23.6724830684817
"4979","Zimbabwe","ZWE","2012",17114762914,"2.044141667","16.66542898","0.017658517","17.83558131","-1.381803393","1.5",23.5632072563056
"4980","Zimbabwe","ZWE","2011",14101801031,"2.441532108","14.19391573","0","17.92840728","-1.425626516","1.5",23.3695683588684
"4981","Zimbabwe","ZWE","2010",12041602762,"1.018026164","19.67540766","0","17.43500104","-1.373286724","1.5",23.2116333877349
"4982","Zimbabwe","ZWE","2009",9665815601,"1.086302536","13.27207858","0.007184297","9.19687186","-1.357875228","1.5",22.9918613331131
"4983","Zimbabwe","ZWE","2008",4415703156,"1.168556812","-17.66894633","0.021983565","..","-1.348838091","1",22.2084329235531
"4984","Zimbabwe","ZWE","2007",5291950526,"1.301977402","-3.653326835","0","..","-1.404757977","1",22.389452734327
"4985","Zimbabwe","ZWE","2006",5443896938,"0.734767768","-3.461495188","0","..","-1.372948766","1",22.4177609902559
"4986","Zimbabwe","ZWE","2005",5755215663,"1.78620587","-5.711083707","0","..","-1.31461668","1.5",22.4733723524407
"4987","Zimbabwe","ZWE","2004",5805598867,"0.149855341","-5.807538023","0","..","-1.253563166","..",22.4820886107718
"4988","Zimbabwe","ZWE","2003",5727592261,"0.066345505","-16.99507473","0","..","-1.188867569","..",22.4685610805865
"4989","Zimbabwe","ZWE","2002",6342116911,"0.408380993","-8.894023631","0","..","-1.156759501","..",22.5704784472982
"4990","Zimbabwe","ZWE","2001",6777385246,"0.056068821","1.439615396","0","..","..","..",22.6368572075818
"4991","Zimbabwe","ZWE","2000",6689958139,"0.346788418","-3.059189749","0","..","-1.127275467","..",22.6238734538173
